id,name,ra,dec,mag,type,catalog
M1,Crab Nebula,83.633208,22.014472,8.40,SNR,M
M2,NGC 7089,323.362542,-0.823306,6.25,GCl,M
M3,NGC 5272,205.546792,28.375444,6.39,GCl,M
M4,NGC 6121,245.897500,-26.525528,5.40,GCl,M
M5,NGC 5904,229.640625,2.082694,5.95,GCl,M
M6,Butterfly Cluster,265.086458,-32.254167,4.20,OCl,M
M7,Ptolemy's Cluster,268.463250,-34.792833,3.30,OCl,M
M8,Lagoon Nebula,270.921958,-24.380167,5.80,Neb,M
M9,NGC 6333,259.799083,-18.516250,8.42,GCl,M
M10,NGC 6254,254.287458,-4.099333,4.98,GCl,M
M11,Amas de l'Ecu de Sobieski,282.774958,-6.270028,5.80,OCl,M
M12,NGC 6218,251.810500,-1.947833,6.07,GCl,M
M13,Hercules Globular Cluster,250.423458,36.461306,5.80,GCl,M
M14,NGC 6402,264.400667,-3.245917,5.73,GCl,M
M15,NGC 7078,322.493250,12.166833,6.30,GCl,M
M16,Eagle Nebula,274.700708,-13.807222,6.00,Neb,M
M17,Checkmark Nebula,275.196292,-16.171528,7.00,Neb,M
M18,NGC 6613,274.993708,-17.101972,6.90,OCl,M
M19,NGC 6273,255.657000,-26.267944,5.57,GCl,M
M20,Trifid Nebula,270.675458,-22.971889,8.50,Neb,M
M21,NGC 6531,271.056042,-22.490056,5.90,OCl,M
M22,NGC 6656,279.100833,-23.903417,6.17,GCl,M
M23,NGC 6494,269.269875,-18.985333,5.50,OCl,M
M24,Small Sgr Star Cloud,274.233833,-18.514556,4.50,*Ass,M
M25,IC 4725,277.944875,-19.114944,4.60,OCl,M
M26,NGC 6694,281.327750,-9.383611,8.87,OCl,M
M27,Dumbbell Nebula,299.901583,22.721028,7.40,PN,M
M28,NGC 6626,276.137042,-24.869833,6.90,GCl,M
M29,NGC 6913,305.990708,38.507667,6.60,OCl,M
M30,NGC 7099,325.091750,-23.179083,7.10,GCl,M
M31,Andromeda Galaxy,10.684792,41.269056,3.44,G,M
M32,NGC 221,10.674292,40.865278,8.13,G,M
M33,Triangulum Galaxy,23.462042,30.660222,5.79,G,M
M34,NGC 1039,40.530833,42.746139,5.20,OCl,M
M35,NGC 2168,92.271083,24.338639,5.10,OCl,M
M36,NGC 1960,84.073917,34.140750,6.00,OCl,M
M37,NGC 2099,88.076458,32.553000,5.60,OCl,M
M38,NGC 1912,82.177042,35.854917,6.40,OCl,M
M39,NGC 7092,322.951333,48.438167,4.60,OCl,M
M40,M040,185.567083,58.084444,8.00,**,M
M41,NGC 2287,101.499750,-20.754222,4.50,OCl,M
M42,Great Orion Nebula,83.818667,-5.389667,4.00,Cl+N,M
M43,Mairan's Nebula,83.880750,-5.267472,9.00,HII,M
M44,Beehive,130.092500,19.672056,3.10,OCl,M
M45,Pleiades,56.869167,24.105278,1.20,OCl,M
M46,NGC 2437,115.445083,-14.810000,6.10,OCl,M
M47,NGC 2422,114.145917,-14.482611,4.40,OCl,M
M48,NGC 2548,123.429917,-5.750444,5.80,OCl,M
M49,NGC 4472,187.444833,8.000472,8.28,G,M
M50,NGC 2323,105.668625,-8.364028,5.90,OCl,M
M51,Whirlpool Galaxy,202.469625,47.195167,8.36,G,M
M52,NGC 7654,351.201667,61.593167,6.90,OCl,M
M53,NGC 5024,198.230125,18.169111,7.79,GCl,M
M54,NGC 6715,283.763625,-30.478500,7.70,GCl,M
M55,NGC 6809,294.997500,-30.962083,6.49,GCl,M
M56,NGC 6779,289.147958,30.184500,8.40,GCl,M
M57,Ring Nebula,283.395875,33.028583,8.80,PN,M
M58,NGC 4579,189.431333,11.818194,10.30,G,M
M59,NGC 4621,190.509333,11.647028,9.56,G,M
M60,NGC 4649,190.916583,11.552694,8.79,G,M
M61,NGC 4303,185.478750,4.473639,10.25,G,M
M62,NGC 6266,255.302500,-30.112361,7.39,GCl,M
M63,Sunflower Galaxy,198.955542,42.029278,8.61,G,M
M64,Black Eye Galaxy,194.181833,21.682972,8.52,G,M
M65,NGC 3623,169.733000,13.092361,9.32,G,M
M66,NGC 3627,170.062333,12.991528,8.92,G,M
M67,NGC 2682,132.833875,11.811944,6.90,OCl,M
M68,NGC 4590,189.866708,-26.743028,7.96,GCl,M
M69,NGC 6637,277.846792,-32.347972,8.31,GCl,M
M70,NGC 6681,280.802667,-32.291889,9.06,GCl,M
M71,NGC 6838,298.442125,18.778389,6.10,GCl,M
M72,NGC 6981,313.366292,-12.537056,8.96,GCl,M
M73,NGC 6994,314.733208,-12.635500,8.90,Other,M
M74,NGC 628,24.173958,15.783667,9.31,G,M
M75,NGC 6864,301.520167,-21.922222,8.26,GCl,M
M76,Barbell Nebula,25.582042,51.575472,10.10,PN,M
M77,NGC 1068,40.669625,-0.013278,9.29,G,M
M78,NGC 2068,86.690917,0.079306,8.00,RfN,M
M79,NGC 1904,81.044125,-24.524222,8.16,GCl,M
M80,NGC 6093,244.260458,-22.975111,7.30,GCl,M
M81,Bode's Galaxy,148.888208,69.065306,6.92,G,M
M82,Cigar Galaxy,148.969708,69.679389,8.30,G,M
M83,Southern Pinwheel Galaxy,204.253958,-29.865417,7.21,G,M
M84,NGC 4374,186.265583,12.886972,9.79,G,M
M85,NGC 4382,186.350458,18.191500,9.05,G,M
M86,NGC 4406,186.548917,12.946222,8.86,G,M
M87,Virgo Galaxy,187.705917,12.391111,9.00,G,M
M88,NGC 4501,187.996500,14.420389,10.33,G,M
M89,NGC 4552,188.915875,12.556333,10.08,G,M
M90,NGC 4569,189.207458,13.162944,9.54,G,M
M91,NGC 4548,188.860208,14.496333,10.96,G,M
M92,NGC 6341,259.280292,43.136528,6.52,GCl,M
M93,NGC 2447,116.121792,-23.853083,6.20,OCl,M
M94,NGC 4736,192.721083,41.120444,8.24,G,M
M95,NGC 3351,160.990417,11.703806,9.77,G,M
M96,NGC 3368,161.690583,11.819944,9.21,G,M
M97,Owl Nebula,168.698792,55.019028,9.90,PN,M
M98,NGC 4192,183.451208,14.900333,10.84,G,M
M99,Coma Pinwheel,184.706667,14.416500,9.84,G,M
M100,NGC 4321,185.728458,15.821806,9.47,G,M
M101,NGC 5457,210.802250,54.348944,7.90,G,M
M103,NGC 581,23.340875,60.658000,7.40,OCl,M
M104,Sombrero Galaxy,189.997625,-11.623056,8.59,G,M
M105,NGC 3379,161.956625,12.581611,9.27,G,M
M106,NGC 4258,184.739583,47.303972,9.29,G,M
M107,NGC 6171,248.133000,-13.053639,8.85,GCl,M
M108,NGC 3556,167.879042,55.674111,10.05,G,M
M109,NGC 3992,179.399917,53.374528,9.88,G,M
M110,NGC 205,10.092000,41.685306,8.15,G,M
C1,NGC 188,11.864708,85.269639,8.10,OCl,C
C2,Bow-Tie nebula,3.254292,72.521944,11.89,PN,C
C3,NGC 4236,184.175500,69.462583,9.77,G,C
C4,Iris Nebula,315.398417,68.169556,7.20,Neb,C
C5,IC 342,56.702083,68.096361,9.68,G,C
C6,Cat's Eye Nebula,269.639125,66.633194,9.01,PN,C
C7,NGC 2403,114.214167,65.602556,8.43,G,C
C8,NGC 559,22.388208,63.301444,9.50,OCl,C
C9,Cave Nebula,343.116700,62.616700,7.70,EmN,C
C10,NGC 663,26.566875,61.218194,7.10,OCl,C
C11,Bubble Nebula,350.190000,61.212361,11.00,HII,C
C12,Fireworks Galaxy,308.718000,60.153917,9.05,G,C
C13,Owl Cluster,19.886042,58.290694,6.40,OCl,C
C14,h Persei Cluster,34.744000,57.117250,3.70,OCl,C
C15,Blinking Planetary,296.200458,50.525028,9.44,PN,C
C16,NGC 7243,333.785750,49.897500,6.40,OCl,C
C17,NGC 147,8.300500,48.508750,9.72,G,C
C18,NGC 185,9.741542,48.337389,9.20,G,C
C19,Cocoon Nebula,328.369833,47.266917,7.20,Cl+N,C
C20,North America Nebula,314.821417,44.528778,4.00,HII,C
C21,NGC 4449,187.046250,44.093639,9.64,G,C
C22,Copeland's Blue Snowball,351.474583,42.534944,8.30,PN,C
C23,NGC 891,35.639208,42.349139,10.01,G,C
C24,Perseus A,49.950667,41.511694,12.24,G,C
C25,NGC 2419,114.533125,38.879972,10.05,GCl,C
C26,NGC 4244,184.373583,37.807111,10.18,G,C
C27,Crescent Nebula,303.027292,38.354944,7.44,HII,C
C28,NGC 752,29.395083,37.833389,5.70,OCl,C
C29,NGC 5005,197.734292,37.059194,10.71,G,C
C30,NGC 7331,339.266708,34.415528,9.41,G,C
C31,Flaming Star Nebula,79.122833,34.356167,10.00,Neb,C
C32,Whale Galaxy,190.533375,32.541500,9.24,G,C
C33,Eastern Veil,314.079458,31.742750,7.00,SNR,C
C34,Veil Nebula,311.492417,30.595139,7.00,SNR,C
C35,NGC 4889,195.033875,27.977000,11.45,G,C
C36,NGC 4559,188.990208,27.960000,9.92,G,C
C37,NGC 6885,302.982750,26.488806,0.00,Dup,C
C38,Needle Galaxy,189.086583,25.987667,10.86,G,C
C39,Eskimo Nebula,112.294833,20.911833,9.61,PN,C
C40,NGC 3626,170.015875,18.356833,10.98,G,C
C41,Hyades,66.725000,15.866700,0.50,OpCl,C
C42,NGC 7006,315.371875,16.187528,10.46,GCl,C
C43,NGC 7814,0.812042,16.145417,10.60,G,C
C44,NGC 7479,346.236042,12.322889,11.09,G,C
C45,NGC 5248,204.383417,8.885167,9.97,G,C
C46,Hubble's Nebula,99.789625,8.744333,11.85,RfN,C
C47,NGC 6934,308.547875,7.404111,9.75,GCl,C
C48,NGC 2775,137.583833,7.037944,10.24,G,C
C49,Rosette A,97.727542,5.049167,0.00,Neb,C
C50,NGC 2244,97.981500,4.942944,0.00,Dup,C
C51,IC 1613,16.199125,2.117778,9.54,G,C
C52,NGC 4697,192.149500,-5.800750,9.37,G,C
C53,Spindle Galaxy,151.308250,-7.718583,9.09,G,C
C54,NGC 2506,120.007417,-10.769639,7.60,OCl,C
C55,Saturn Nebula,316.044958,-11.363250,8.00,PN,C
C56,NGC 246,11.764000,-11.871944,10.90,PN,C
C57,Barnard's Galaxy,296.240583,-14.803444,10.05,G,C
C58,Caroline's Cluster,109.429667,-15.641306,7.20,OCl,C
C59,Jupiter's Ghost Nebula,156.192000,-18.642222,7.70,PN,C
C60,Antennae Galaxies,180.470875,-18.867611,10.20,G,C
C61,Antennae Galaxies,180.472958,-18.886194,11.04,G,C
C62,NGC 247,11.785625,-20.760389,9.21,G,C
C63,Helix Nebula,337.410708,-20.837333,7.30,PN,C
C64,NGC 2362,109.672792,-24.954194,4.10,OCl,C
C65,Sculptor Filament,11.888000,-25.288222,11.11,G,C
C66,NGC 5694,219.902125,-26.538333,10.89,GCl,C
C67,NGC 1097,41.579375,-30.274889,9.76,G,C
C68,NGC 6729,285.480833,-36.957639,0.00,Neb,C
C69,Bug Nebula,258.435958,-37.103139,9.60,PN,C
C70,NGC 300,13.722833,-37.684389,8.66,G,C
C71,NGC 2477,118.040750,-38.533250,5.80,OCl,C
C72,NGC 55,3.723333,-39.196639,8.54,G,C
C73,NGC 1851,78.528042,-40.046611,7.23,GCl,C
C74,Eight-Burst Nebula,151.757208,-40.436583,9.20,PN,C
C75,NGC 6124,246.333583,-40.653694,5.80,OCl,C
C76,NGC 6231,253.545500,-41.824250,2.60,OCl,C
C77,Centaurus A,201.365083,-43.019111,7.22,G,C
C78,NGC 6541,272.009708,-43.715889,7.32,GCl,C
C79,NGC 3201,154.403167,-46.411222,8.24,GCl,C
C80,Omega Centauri,201.691208,-47.476861,5.33,GCl,C
C81,NGC 6352,261.371500,-48.422694,8.87,GCl,C
C82,NGC 6193,250.334292,-48.762528,0.00,OCl,C
C83,NGC 4945,196.364500,-49.468222,11.86,G,C
C84,NGC 5286,206.610750,-51.373472,8.31,GCl,C
C85,omi Vel Cluster,130.132833,-53.035472,2.50,OCl,C
C86,NGC 6397,265.172333,-53.673694,5.17,GCl,C
C87,NGC 1261,48.063917,-55.216806,8.63,GCl,C
C88,NGC 5823,226.377625,-55.603750,7.90,OCl,C
C89,S Nor Cluster,244.710750,-57.934583,5.40,OCl,C
C90,NGC 2867,140.354042,-58.311667,9.70,PN,C
C91,Wishing Well Cluster,166.449250,-58.770500,3.00,OCl,C
C92,Carina Nebula,161.285542,-59.866694,3.00,HII,C
C93,NGC 6752,287.715750,-59.981861,6.28,GCl,C
C94,Herschel's Jewel Box,193.404500,-60.356306,0.00,OCl,C
C95,NGC 6025,240.824125,-60.431361,5.10,OCl,C
C96,NGC 2516,119.529417,-60.753472,3.80,OCl,C
C97,Pearl Cluster,174.059958,-61.605167,5.30,OCl,C
C98,Coalsack Cluster,190.570125,-62.995750,6.90,OCl,C
C99,Coalsack,186.750000,-63.000000,0.00,DrkN,C
C100,lam Cen Nebula,173.945542,-63.019833,4.50,Cl+N,C
C101,NGC 6744,287.442083,-63.857528,9.25,G,C
C102,tet Car Cluster,160.739458,-64.394194,0.00,OCl,C
C103,30 Dor Cluster,84.676500,-69.100889,7.25,HII,C
C104,NGC 362,15.809292,-70.848222,6.58,GCl,C
C105,NGC 4833,194.895583,-70.874583,7.79,GCl,C
C106,47 Tuc Cluster,6.022333,-72.081444,4.09,GCl,C
C107,NGC 6101,246.452375,-72.201556,10.08,GCl,C
C108,NGC 4372,186.439083,-72.659083,9.85,GCl,C
C109,NGC 3195,152.337417,-80.858583,11.60,PN,C
NGC 1,NGC 1,1.816000,27.708083,12.93,G,NGC
NGC 2,NGC 2,1.821292,27.678361,14.17,G,NGC
NGC 3,NGC 3,1.820000,8.301639,13.40,G,NGC
NGC 4,NGC 4,1.851708,8.373778,16.36,G,NGC
H05,H05,186.816667,-60.778333,7.10,OCl,NGC
NGC 5,NGC 5,1.953625,35.362306,14.61,G,NGC
NGC 6,NGC 6,2.386250,33.308667,14.41,G,NGC
NGC 7,NGC 7,2.087333,-29.915000,13.84,G,NGC
NGC 8,NGC 8,2.188750,23.838889,15.32,**,NGC
C009,Cave Nebula,344.475000,62.518333,0.00,HII,NGC
NGC 9,NGC 9,2.227917,23.816972,14.59,G,NGC
NGC 10,NGC 10,2.143917,-33.858333,12.49,G,NGC
NGC 11,NGC 11,2.177083,37.447917,14.44,G,NGC
NGC 12,NGC 12,2.186458,4.612528,13.18,G,NGC
H13,H13,255.962500,-48.083333,0.00,OCl,NGC
NGC 13,NGC 13,2.198833,33.433333,14.08,G,NGC
C014,Double Cluster,35.175000,57.137500,0.00,*Ass,NGC
NGC 14,NGC 14,2.193333,15.815556,12.44,G,NGC
NGC 15,NGC 15,2.260292,21.624528,15.08,G,NGC
NGC 16,NGC 16,2.267875,27.729417,12.00,G,NGC
NGC 17,NGC 17,2.777292,-12.107306,13.52,G,NGC
NGC 18,NGC 18,2.346250,27.732083,14.00,**,NGC
NGC 19,NGC 19,2.670292,32.983083,13.83,G,NGC
H20,H20,298.275000,18.333333,7.70,OCl,NGC
NGC 20,NGC 20,2.386250,33.308667,0.00,Dup,NGC
H21,H21,358.555000,61.740000,9.00,OCl,NGC
NGC 21,NGC 21,2.695417,33.352833,13.42,G,NGC
Mel022,Pleiades,56.869167,24.105278,1.20,OCl,NGC
NGC 22,NGC 22,2.450792,27.832306,14.83,G,NGC
NGC 23,NGC 23,2.472542,25.923778,11.98,G,NGC
NGC 24,NGC 24,2.485583,-24.963139,11.52,G,NGC
NGC 25,NGC 25,2.497000,-57.020833,15.50,G,NGC
NGC 26,NGC 26,2.607792,25.831833,13.84,G,NGC
NGC 27,NGC 27,2.636542,28.996250,14.43,G,NGC
NGC 28,NGC 28,2.605167,-56.989139,15.80,G,NGC
NGC 29,NGC 29,2.695417,33.352833,0.00,Dup,NGC
NGC 30,NGC 30,2.711625,21.976972,0.00,**,NGC
NGC 31,NGC 31,2.659958,-56.986500,14.58,G,NGC
NGC 32,NGC 32,2.723292,18.796000,0.00,*,NGC
B033,Horsehead Nebula,85.245833,-2.458333,0.00,DrkN,NGC
NGC 33,NGC 33,2.736000,3.675917,0.00,**,NGC
NGC 34,NGC 34,2.777292,-12.107306,0.00,Dup,NGC
NGC 35,NGC 35,2.793667,-12.020917,14.88,G,NGC
NGC 36,NGC 36,2.842917,6.389361,14.39,G,NGC
NGC 37,NGC 37,2.845542,-56.957333,14.94,G,NGC
NGC 38,NGC 38,2.945792,-5.586278,14.34,G,NGC
NGC 39,NGC 39,3.078583,31.061083,14.34,G,NGC
M040,M040,185.567083,58.084444,8.00,**,NGC
NGC 40,Bow-Tie nebula,3.254292,72.521944,11.89,PN,NGC
C041,Hyades,66.725000,15.866667,0.00,OCl,NGC
NGC 41,NGC 41,3.199875,22.023389,14.52,G,NGC
NGC 42,NGC 42,3.234792,22.100306,15.07,G,NGC
NGC 43,NGC 43,3.253125,30.915278,13.87,G,NGC
NGC 44,NGC 44,3.305833,31.286250,0.00,**,NGC
NGC 45,NGC 45,3.516625,-23.182083,10.44,G,NGC
NGC 46,NGC 46,3.541083,5.987694,11.68,*,NGC
NGC 47,NGC 47,3.627667,-7.167444,13.50,G,NGC
NGC 48,NGC 48,3.509125,48.234861,14.93,G,NGC
NGC 49,NGC 49,3.593458,48.246611,15.20,G,NGC
NGC 50,NGC 50,3.685708,-7.345083,12.79,G,NGC
NGC 51,NGC 51,3.645500,48.255694,14.44,G,NGC
NGC 52,NGC 52,3.667125,18.582028,14.34,G,NGC
NGC 53,NGC 53,3.678542,-60.328750,12.64,G,NGC
NGC 54,NGC 54,3.781958,-7.106722,14.31,G,NGC
NGC 55,NGC 55,3.723333,-39.196639,8.54,G,NGC
NGC 56,NGC 56,3.836083,12.444528,0.00,Other,NGC
NGC 57,NGC 57,3.878625,17.328528,11.65,G,NGC
NGC 58,NGC 58,3.627667,-7.167444,0.00,Dup,NGC
NGC 59,NGC 59,3.854708,-21.444389,12.45,G,NGC
NGC 60,NGC 60,3.992667,-0.303528,14.86,G,NGC
NGC 61,NGC 61,4.100833,-6.319444,0.00,GPair,NGC
NGC 61A,NGC 61A,4.101417,-6.321917,14.10,G,NGC
NGC 61B,NGC 61B,4.100292,-6.318861,14.04,G,NGC
NGC 62,NGC 62,4.272583,-13.487111,14.29,G,NGC
NGC 63,NGC 63,4.439667,11.450333,12.53,G,NGC
NGC 64,NGC 64,4.376542,-6.824611,14.09,G,NGC
NGC 65,NGC 65,4.744625,-22.880361,14.67,G,NGC
NGC 66,NGC 66,4.770583,-22.936389,14.12,G,NGC
NGC 67,NGC 67,4.550792,30.055528,16.47,G,NGC
NGC 68,NGC 68,4.577042,30.071750,14.42,G,NGC
NGC 69,NGC 69,4.585458,30.039972,14.71,G,NGC
NGC 70,NGC 70,4.593917,30.079583,14.50,G,NGC
Mel071,Mel071,114.390000,-12.055000,7.10,OCl,NGC
NGC 71,NGC 71,4.598250,30.063250,14.09,G,NGC
Mel072,Mel072,112.161667,-10.700000,10.10,OCl,NGC
NGC 72,NGC 72,4.618208,30.040694,13.56,G,NGC
NGC 72A,NGC 72A,4.642917,30.036389,14.64,G,NGC
NGC 73,NGC 73,4.662542,-15.322250,14.37,G,NGC
NGC 74,NGC 74,4.705583,30.061972,15.64,G,NGC
NGC 75,NGC 75,4.859708,6.449361,14.64,G,NGC
NGC 76,NGC 76,4.907458,29.933861,14.06,G,NGC
NGC 77,NGC 77,5.006875,-22.532111,15.92,G,NGC
NGC 78,NGC 78,5.110833,0.829722,0.00,GPair,NGC
NGC 78A,NGC 78A,5.107458,0.826333,13.72,G,NGC
NGC 78B,NGC 78B,5.114625,0.833556,13.50,G,NGC
HCG079,Seyfert's Sextet,239.799583,20.758611,0.00,GGroup,NGC
NGC 79,NGC 79,5.261875,22.566583,15.16,G,NGC
NGC 80,NGC 80,5.295208,22.357194,12.30,G,NGC
NGC 81,NGC 81,5.305292,22.382889,16.37,G,NGC
NGC 82,NGC 82,5.323125,22.460361,0.00,*,NGC
NGC 83,NGC 83,5.343333,22.433611,12.55,G,NGC
NGC 84,NGC 84,5.338542,22.619694,0.00,*,NGC
NGC 85,NGC 85,5.356375,22.511778,15.79,G,NGC
NGC 85B,NGC 85B,5.370833,22.505833,15.51,G,NGC
NGC 86,NGC 86,5.369042,22.556417,14.85,G,NGC
NGC 87,NGC 87,5.309458,-48.628222,14.26,G,NGC
NGC 88,NGC 88,5.342167,-48.640167,14.41,G,NGC
NGC 89,NGC 89,5.351500,-48.665306,13.49,G,NGC
NGC 90,NGC 90,5.464167,22.400000,13.77,G,NGC
NGC 91,NGC 91,5.465500,22.368361,15.20,*,NGC
HCG092,Stephan's Quintet,338.995833,33.958333,0.00,GGroup,NGC
NGC 92,NGC 92,5.382083,-48.624750,13.19,G,NGC
NGC 93,NGC 93,5.513458,22.408083,13.27,G,NGC
NGC 94,NGC 94,5.556375,22.483056,15.40,G,NGC
NGC 95,NGC 95,5.556417,10.491583,12.61,G,NGC
NGC 96,NGC 96,5.573792,22.546250,15.49,G,NGC
NGC 97,NGC 97,5.625000,29.745361,13.41,G,NGC
NGC 98,NGC 98,5.706417,-45.269000,12.70,G,NGC
C099,Coalsack Nebula,187.829167,-63.743333,0.00,DrkN,NGC
NGC 99,NGC 99,5.997458,15.770417,13.78,G,NGC
NGC 100,NGC 100,6.011833,16.486389,13.21,G,NGC
Mel101,Mel101,160.550000,-65.100000,8.00,OCl,NGC
NGC 101,NGC 101,5.977542,-32.536167,12.84,G,NGC
M102,M102,210.802250,54.348944,0.00,Dup,NGC
NGC 102,NGC 102,6.152208,-13.956361,14.38,G,NGC
NGC 103,NGC 103,6.318333,61.323472,9.80,OCl,NGC
NGC 104,47 Tuc Cluster,6.022333,-72.081444,4.09,GCl,NGC
Mel105,Mel105,169.925000,-63.483333,8.50,OCl,NGC
NGC 105,NGC 105,6.319917,12.883861,13.20,G,NGC
NGC 106,NGC 106,6.182292,-5.148750,14.53,G,NGC
NGC 107,NGC 107,6.425833,-8.282806,15.03,G,NGC
NGC 108,NGC 108,6.498875,29.212056,13.26,G,NGC
NGC 109,NGC 109,6.561000,21.807306,13.74,G,NGC
NGC 110,NGC 110,6.854208,71.391528,0.00,OCl,NGC
Mel111,Coma Star Cluster,186.275000,26.100000,0.00,OCl,NGC
NGC 111,NGC 111,6.660042,-2.624972,0.00,Other,NGC
NGC 112,NGC 112,6.703042,31.703306,14.45,G,NGC
NGC 113,NGC 113,6.727667,-2.500889,14.01,G,NGC
NGC 114,NGC 114,6.742625,-1.786250,14.69,G,NGC
NGC 115,NGC 115,6.692833,-33.677083,13.72,G,NGC
NGC 116,NGC 116,6.771792,-7.668250,14.70,G,NGC
NGC 117,NGC 117,6.796125,1.333722,15.41,G,NGC
NGC 118,NGC 118,6.817583,-1.780139,14.83,G,NGC
NGC 119,NGC 119,6.740042,-56.978056,15.70,G,NGC
NGC 120,NGC 120,6.875333,-1.513472,14.56,G,NGC
NGC 121,NGC 121,6.701042,-71.535667,11.24,GCl,NGC
NGC 122,NGC 122,6.909708,-1.640472,0.00,*,NGC
NGC 123,NGC 123,6.916625,-1.627639,0.00,*,NGC
NGC 124,NGC 124,6.968167,-1.810194,13.73,G,NGC
NGC 125,NGC 125,7.209125,2.838861,12.34,G,NGC
NGC 126,NGC 126,7.283750,2.811111,15.46,G,NGC
NGC 127,NGC 127,7.301542,2.872694,15.32,G,NGC
NGC 128,NGC 128,7.312750,2.864056,11.63,G,NGC
NGC 129,NGC 129,7.492458,60.211167,6.50,OCl,NGC
NGC 130,NGC 130,7.327292,2.870444,14.81,G,NGC
NGC 131,NGC 131,7.410500,-33.259750,13.21,G,NGC
NGC 132,NGC 132,7.544625,2.093444,13.71,G,NGC
NGC 133,NGC 133,7.820667,63.352611,9.40,OCl,NGC
NGC 134,NGC 134,7.591542,-33.244028,10.31,G,NGC
NGC 135,NGC 135,7.941417,-13.337472,15.01,G,NGC
NGC 136,NGC 136,7.878292,61.509250,0.00,OCl,NGC
NGC 137,NGC 137,7.742083,10.208417,12.79,G,NGC
NGC 138,NGC 138,7.746833,5.159750,14.73,G,NGC
NGC 139,NGC 139,7.776667,5.078750,15.45,G,NGC
NGC 140,NGC 140,7.835292,30.792500,14.16,G,NGC
NGC 141,NGC 141,7.822667,5.179750,15.33,G,NGC
NGC 142,NGC 142,7.783667,-22.618667,14.55,G,NGC
NGC 143,NGC 143,7.815083,-22.559944,15.31,G,NGC
PGC000143,Wolf-Lundmark-Melotte,0.492333,-15.460917,10.76,G,NGC
NGC 144,NGC 144,7.836125,-22.645722,14.36,G,NGC
NGC 145,NGC 145,7.940583,-5.152639,12.75,G,NGC
NGC 146,NGC 146,8.266417,63.309000,9.10,OCl,NGC
NGC 147,NGC 147,8.300500,48.508750,9.72,G,NGC
NGC 148,NGC 148,8.564583,-31.786000,12.16,G,NGC
NGC 149,NGC 149,8.459417,30.723417,14.96,G,NGC
NGC 150,NGC 150,8.564500,-27.803583,11.41,G,NGC
NGC 151,NGC 151,8.511625,-9.705333,11.66,G,NGC
NGC 152,NGC 152,8.218583,-73.120389,12.26,OCl,NGC
NGC 153,NGC 153,8.511625,-9.705333,0.00,Dup,NGC
NGC 154,NGC 154,8.581125,-12.656306,15.18,G,NGC
NGC 155,NGC 155,8.667000,-10.766500,14.15,G,NGC
NGC 156,NGC 156,8.649250,-8.340056,0.00,**,NGC
NGC 157,NGC 157,8.694833,-8.396444,13.11,G,NGC
NGC 158,NGC 158,8.773333,-8.345722,0.00,**,NGC
NGC 159,NGC 159,8.648042,-55.789972,14.87,G,NGC
NGC 160,NGC 160,9.016917,23.957889,12.66,G,NGC
NGC 161,NGC 161,8.891417,-2.848694,14.36,G,NGC
NGC 162,NGC 162,9.038583,23.962417,0.00,*,NGC
NGC 163,NGC 163,8.999292,-10.121694,12.74,G,NGC
NGC 164,NGC 164,9.137125,2.749778,15.95,G,NGC
NGC 165,NGC 165,9.120500,-10.106167,13.19,G,NGC
NGC 166,NGC 166,8.953250,-13.610639,15.18,G,NGC
NGC 167,NGC 167,8.846208,-23.375000,14.32,G,NGC
NGC 168,NGC 168,9.161083,-22.593500,14.88,G,NGC
NGC 169,NGC 169,9.215000,23.990917,13.10,G,NGC
NGC 169A,NGC 169A,9.218042,23.984972,13.68,G,NGC
NGC 170,NGC 170,9.190917,1.886472,15.36,G,NGC
NGC 171,NGC 171,9.339708,-19.934250,12.25,G,NGC
NGC 172,NGC 172,9.306708,-22.587028,13.52,G,NGC
NGC 173,NGC 173,9.301958,1.942250,13.45,G,NGC
NGC 174,NGC 174,9.245583,-29.477833,13.80,G,NGC
NGC 175,NGC 175,9.339708,-19.934250,0.00,Dup,NGC
NGC 176,NGC 176,8.991125,-73.166389,13.01,OCl,NGC
NGC 177,NGC 177,9.393083,-22.549250,14.15,G,NGC
NGC 178,NGC 178,9.785000,-14.172833,12.57,G,NGC
NGC 179,NGC 179,9.442833,-17.849472,13.21,G,NGC
NGC 180,NGC 180,9.490417,8.635194,14.19,G,NGC
NGC 181,NGC 181,9.596708,29.472583,15.53,G,NGC
NGC 182,NGC 182,9.551583,2.728556,12.57,G,NGC
NGC 183,NGC 183,9.622458,29.511222,12.74,G,NGC
NGC 184,NGC 184,9.649083,29.447611,15.46,G,NGC
NGC 185,NGC 185,9.741542,48.337389,9.20,G,NGC
NGC 186,NGC 186,9.605417,3.166444,14.72,G,NGC
NGC 187,NGC 187,9.876708,-14.656306,14.00,G,NGC
NGC 188,NGC 188,11.864708,85.269639,8.10,OCl,NGC
NGC 189,NGC 189,9.898750,61.094472,8.80,OCl,NGC
NGC 190,NGC 190,9.727917,7.059722,0.00,GPair,NGC
NGC 191,NGC 191,9.747667,-9.002611,13.81,G,NGC
NGC 191A,NGC 191A,9.751000,-9.014583,14.59,G,NGC
NGC 192,NGC 192,9.805958,0.864333,12.64,G,NGC
NGC 193,NGC 193,9.827458,3.331111,12.30,G,NGC
NGC 194,NGC 194,9.826750,3.037444,12.13,G,NGC
NGC 195,NGC 195,9.899125,-9.194528,13.45,G,NGC
NGC 196,NGC 196,9.824333,0.912750,13.49,G,NGC
NGC 197,NGC 197,9.828292,0.891917,13.53,G,NGC
NGC 198,NGC 198,9.845750,2.797917,13.10,G,NGC
NGC 199,NGC 199,9.888208,3.138528,14.61,G,NGC
NGC 200,NGC 200,9.895333,2.887444,12.65,G,NGC
NGC 201,NGC 201,9.895083,0.859889,12.99,G,NGC
NGC 202,NGC 202,9.916042,3.536278,15.45,G,NGC
NGC 203,NGC 203,9.914708,3.442889,14.92,G,NGC
NGC 204,NGC 204,9.934458,3.299583,12.96,G,NGC
NGC 205,NGC 205,10.092000,41.685306,8.15,G,NGC
NGC 206,NGC 206,10.130417,40.739278,0.00,*Ass,NGC
NGC 207,NGC 207,9.919625,-14.237083,14.74,G,NGC
NGC 208,NGC 208,10.073250,2.756500,15.45,G,NGC
NGC 209,NGC 209,9.765000,-18.608278,14.09,G,NGC
NGC 210,NGC 210,10.145917,-13.872806,11.12,G,NGC
NGC 211,NGC 211,9.914708,3.442889,0.00,Dup,NGC
NGC 212,NGC 212,10.055542,-56.153028,15.40,G,NGC
NGC 213,NGC 213,10.291667,16.469389,14.72,G,NGC
NGC 214,NGC 214,10.366792,25.499444,12.21,G,NGC
NGC 215,NGC 215,10.203625,-56.214056,14.09,G,NGC
NGC 216,NGC 216,10.363125,-21.045444,13.21,G,NGC
NGC 217,NGC 217,10.391208,-10.021417,12.10,G,NGC
NGC 218,NGC 218,11.633292,36.325611,13.53,G,NGC
NGC 219,NGC 219,10.547125,0.904556,15.23,G,NGC
NGC 220,NGC 220,10.124542,-73.403972,14.39,OCl,NGC
NGC 221,NGC 221,10.674292,40.865278,8.13,G,NGC
NGC 222,NGC 222,10.182125,-73.385694,12.64,OCl,NGC
NGC 223,NGC 223,10.566167,0.845500,14.33,G,NGC
NGC 224,Andromeda Galaxy,10.684792,41.269056,3.44,G,NGC
NGC 225,NGC 225,10.901583,61.766944,7.00,OCl,NGC
NGC 226,NGC 226,10.725167,32.580972,14.38,G,NGC
NGC 227,NGC 227,10.653458,-1.528778,12.16,G,NGC
NGC 228,NGC 228,10.727125,23.503056,14.82,G,NGC
NGC 229,NGC 229,10.769333,23.509111,14.62,G,NGC
NGC 230,NGC 230,10.613208,-23.628806,15.61,G,NGC
NGC 231,NGC 231,10.276792,-73.352417,12.87,OCl,NGC
NGC 232,NGC 232,10.690917,-23.561361,14.46,G,NGC
NGC 233,NGC 233,10.902333,30.587000,13.76,G,NGC
NGC 234,NGC 234,10.884958,14.342556,13.43,G,NGC
NGC 235,NGC 235,10.721667,-23.543333,0.00,GPair,NGC
NGC 235A,NGC 235A,10.720042,-23.541028,13.55,G,NGC
NGC 235B,NGC 235B,10.723333,-23.545556,13.97,G,NGC
NGC 236,NGC 236,10.864750,2.958194,14.44,G,NGC
NGC 237,NGC 237,10.866000,-0.124917,13.60,G,NGC
NGC 238,NGC 238,10.857292,-50.182833,12.51,G,NGC
NGC 239,NGC 239,11.156292,-3.759250,14.28,G,NGC
NGC 240,NGC 240,11.258042,6.113361,14.72,G,NGC
NGC 241,NGC 241,10.881375,-73.440472,0.00,OCl,NGC
NGC 242,NGC 242,10.890750,-73.446306,12.10,OCl,NGC
NGC 243,NGC 243,11.503625,29.959500,14.53,G,NGC
NGC 244,NGC 244,11.443458,-15.596889,13.79,G,NGC
NGC 245,NGC 245,11.522458,-1.723389,12.35,G,NGC
NGC 246,NGC 246,11.764000,-11.871944,10.90,PN,NGC
NGC 247,NGC 247,11.785625,-20.760389,9.21,G,NGC
NGC 247A,NGC 247A,11.867250,-20.397639,17.22,G,NGC
NGC 247B,NGC 247B,11.896458,-20.428694,14.43,G,NGC
NGC 247C,NGC 247C,11.907125,-20.452806,16.39,GPair,NGC
NGC 247D,NGC 247D,11.904125,-20.486000,15.70,G,NGC
NGC 248,NGC 248,11.350167,-73.379806,0.00,Cl+N,NGC
NGC 249,NGC 249,11.386917,-73.080083,13.80,HII,NGC
NGC 250,NGC 250,11.816708,7.910028,14.83,G,NGC
NGC 251,NGC 251,11.975125,19.596833,12.60,G,NGC
NGC 252,NGC 252,12.006250,27.623639,12.49,G,NGC
NGC 253,Sculptor Filament,11.888000,-25.288222,11.11,G,NGC
NGC 254,NGC 254,11.865042,-31.421750,11.67,G,NGC
NGC 255,NGC 255,11.947125,-11.468694,11.93,G,NGC
NGC 256,NGC 256,11.472208,-73.506833,12.50,OCl,NGC
NGC 257,NGC 257,12.006292,8.297083,12.62,G,NGC
NGC 258,NGC 258,12.053292,27.657194,15.23,G,NGC
NGC 259,NGC 259,12.013708,-2.775333,13.70,G,NGC
NGC 260,NGC 260,12.144375,27.692444,14.27,G,NGC
NGC 261,NGC 261,11.616292,-73.103639,13.00,Neb,NGC
NGC 262,NGC 262,12.196417,31.956972,14.38,G,NGC
NGC 263,NGC 263,12.201958,-13.107389,15.11,G,NGC
NGC 264,NGC 264,12.087250,-38.234361,14.50,G,NGC
NGC 265,NGC 265,11.792333,-73.477167,12.17,OCl,NGC
NGC 266,NGC 266,12.449167,32.277722,11.82,G,NGC
NGC 267,NGC 267,12.012083,-73.274028,0.00,OCl,NGC
NGC 268,NGC 268,12.539833,-5.193722,13.03,G,NGC
NGC 269,NGC 269,12.091792,-73.531528,12.59,OCl,NGC
NGC 270,NGC 270,12.635500,-8.651639,13.78,G,NGC
NGC 271,NGC 271,12.674417,-1.910250,13.20,G,NGC
NGC 272,NGC 272,12.854833,35.821750,0.00,OCl,NGC
NGC 273,NGC 273,12.701875,-6.885694,12.92,G,NGC
NGC 274,NGC 274,12.757750,-7.056944,13.38,G,NGC
NGC 275,NGC 275,12.767500,-7.066667,12.43,G,NGC
NGC 276,NGC 276,13.027375,-22.680139,15.85,G,NGC
NGC 277,NGC 277,12.821792,-8.596833,14.36,G,NGC
NGC 278,NGC 278,13.017958,47.550500,10.85,G,NGC
NGC 279,NGC 279,13.037292,-2.218444,13.96,G,NGC
NGC 280,NGC 280,13.126083,24.350583,14.55,G,NGC
NGC 281,NGC 281,13.247292,56.621889,0.00,HII,NGC
NGC 282,NGC 282,13.175625,30.639056,14.59,G,NGC
NGC 283,NGC 283,13.305042,-13.163889,15.36,G,NGC
NGC 284,NGC 284,13.351125,-13.158861,15.93,G,NGC
NGC 285,NGC 285,13.374542,-13.160722,16.13,G,NGC
NGC 286,NGC 286,13.376583,-13.112778,15.33,G,NGC
NGC 287,NGC 287,13.367875,32.482306,14.74,G,NGC
NGC 288,NGC 288,13.197708,-26.589889,8.13,GCl,NGC
NGC 289,NGC 289,13.176500,-31.205833,11.18,G,NGC
NGC 290,NGC 290,12.809083,-73.161528,11.71,OCl,NGC
NGC 291,NGC 291,13.374667,-8.767806,14.64,G,NGC
NGC 292,Small Magellanic Cloud,13.186583,-72.828611,2.30,G,NGC
NGC 293,NGC 293,13.566500,-7.235472,15.05,G,NGC
NGC 294,NGC 294,13.269625,-73.380361,12.24,OCl,NGC
NGC 295,NGC 295,14.884500,31.798056,14.98,G,NGC
NGC 296,NGC 296,13.781292,31.542278,12.29,G,NGC
NGC 297,NGC 297,13.745583,-7.349667,16.88,G,NGC
NGC 298,NGC 298,13.759792,-7.333083,16.52,G,NGC
NGC 299,NGC 299,13.350292,-72.197111,11.73,OCl,NGC
NGC 300,NGC 300,13.722833,-37.684389,8.66,G,NGC
NGC 301,NGC 301,14.076458,-10.673889,15.62,G,NGC
NGC 302,NGC 302,14.105458,-10.663222,0.00,*,NGC
NGC 303,NGC 303,13.727958,-16.654611,15.35,G,NGC
NGC 304,NGC 304,14.025083,24.126889,12.67,G,NGC
NGC 305,NGC 305,14.087167,12.065111,0.00,Other,NGC
NGC 306,NGC 306,13.559083,-72.242333,12.07,OCl,NGC
NGC 307,NGC 307,14.135750,-1.771944,12.79,G,NGC
NGC 308,NGC 308,14.142583,-1.783917,0.00,*,NGC
NGC 309,NGC 309,14.177750,-9.913861,12.17,G,NGC
NGC 310,NGC 310,14.199917,-1.765778,0.00,*,NGC
NGC 311,NGC 311,14.386375,30.280750,13.00,G,NGC
NGC 312,NGC 312,14.066375,-52.782694,12.39,G,NGC
NGC 313,NGC 313,14.440167,30.366083,0.00,Other,NGC
NGC 314,NGC 314,14.218375,-31.962972,14.40,G,NGC
NGC 315,NGC 315,14.453667,30.352444,11.60,G,NGC
NGC 316,NGC 316,14.468542,30.354306,16.80,*,NGC
NGC 317,NGC 317,14.415417,43.796389,0.00,GPair,NGC
NGC 317A,NGC 317A,14.412708,43.800778,13.56,G,NGC
NGC 317B,NGC 317B,14.418542,43.792250,13.94,G,NGC
NGC 318,NGC 318,14.521792,30.425528,15.26,G,NGC
NGC 319,NGC 319,14.240000,-43.838778,14.30,G,NGC
NGC 320,NGC 320,14.693875,-20.840083,14.62,G,NGC
NGC 321,NGC 321,14.413458,-5.086194,15.81,G,NGC
NGC 322,NGC 322,14.291708,-43.727083,14.33,G,NGC
NGC 323,NGC 323,14.173542,-52.975917,12.53,G,NGC
NGC 324,NGC 324,14.311583,-40.959111,12.81,G,NGC
NGC 325,NGC 325,14.449458,-5.112083,14.92,G,NGC
NGC 326,NGC 326,14.594583,26.865278,0.00,GPair,NGC
NGC 327,NGC 327,14.480667,-5.130417,13.42,G,NGC
NGC 328,NGC 328,14.239875,-52.923917,14.07,G,NGC
NGC 329,NGC 329,14.506667,-5.071222,13.27,G,NGC
NGC 330,NGC 330,14.073542,-72.462944,9.55,OCl,NGC
NGC 331,NGC 331,11.778583,-2.731139,15.51,G,NGC
NGC 332,NGC 332,14.704708,7.111306,14.82,G,NGC
NGC 333,NGC 333,14.713333,-16.470278,0.00,GPair,NGC
NGC 333A,NGC 333A,14.713792,-16.469194,16.00,G,NGC
NGC 333B,NGC 333B,14.712875,-16.471444,14.90,G,NGC
NGC 334,NGC 334,14.707542,-35.116028,14.62,G,NGC
NGC 335,NGC 335,14.832417,-18.234667,15.16,G,NGC
NGC 336,NGC 336,14.511792,-18.384333,15.48,G,NGC
NGC 337,NGC 337,14.958708,-7.577972,11.48,G,NGC
NGC 337A,NGC 337A,15.391250,-7.588250,12.37,G,NGC
NGC 338,NGC 338,15.151708,30.668972,12.70,G,NGC
NGC 339,NGC 339,14.425250,-74.473389,12.21,GCl,NGC
NGC 340,NGC 340,15.145333,-6.866583,14.52,G,NGC
NGC 341,NGC 341,15.190958,-9.185694,13.97,G,NGC
NGC 342,NGC 342,15.207750,-6.772556,15.43,G,NGC
NGC 343,NGC 343,14.599708,-23.225222,16.56,G,NGC
NGC 344,NGC 344,14.606000,-23.229222,16.87,G,NGC
NGC 345,NGC 345,15.342083,-6.884278,14.86,G,NGC
NGC 346,NGC 346,14.771000,-72.177111,0.00,OCl,NGC
NGC 347,NGC 347,15.396500,-6.733667,15.71,G,NGC
NGC 348,NGC 348,15.216708,-53.244500,14.59,G,NGC
NGC 349,NGC 349,15.461458,-6.799806,14.05,G,NGC
NGC 350,NGC 350,15.486292,-6.795722,15.43,G,NGC
NGC 351,NGC 351,15.491000,-1.936750,14.12,G,NGC
NGC 352,NGC 352,15.538375,-4.245472,12.59,G,NGC
NGC 353,NGC 353,15.602208,-1.958861,14.63,G,NGC
NGC 354,NGC 354,15.818292,22.342667,14.16,G,NGC
NGC 355,NGC 355,15.779083,-6.324000,16.43,G,NGC
NGC 356,NGC 356,15.779583,-6.988361,14.08,G,NGC
NGC 357,NGC 357,15.841167,-6.339222,12.02,G,NGC
NGC 358,NGC 358,16.295542,62.020444,0.00,Other,NGC
NGC 359,NGC 359,16.070667,-0.764917,14.42,G,NGC
NGC 360,NGC 360,15.714375,-65.609972,13.43,G,NGC
NGC 361,NGC 361,15.542333,-71.604750,11.77,OCl,NGC
NGC 362,NGC 362,15.809292,-70.848222,6.58,GCl,NGC
NGC 363,NGC 363,16.565792,-16.542750,15.64,G,NGC
NGC 364,NGC 364,16.170125,-0.802750,14.24,G,NGC
NGC 365,NGC 365,16.078000,-35.121417,14.25,G,NGC
NGC 366,NGC 366,16.608292,62.228917,0.00,OCl,NGC
NGC 367,NGC 367,16.453708,-12.128472,15.45,G,NGC
NGC 368,NGC 368,16.091833,-43.276750,14.70,G,NGC
NGC 369,NGC 369,16.287125,-17.759194,14.58,G,NGC
NGC 370,NGC 370,16.685792,32.428694,0.00,Other,NGC
NGC 371,NGC 371,15.873042,-72.056833,0.00,OCl,NGC
NGC 372,NGC 372,16.685792,32.428694,0.00,Dup,NGC
NGC 373,NGC 373,16.742542,32.308472,15.94,G,NGC
NGC 374,NGC 374,16.774083,32.795111,14.23,G,NGC
NGC 375,NGC 375,16.774667,32.348167,14.29,G,NGC
NGC 376,NGC 376,15.972708,-72.823667,10.90,OCl,NGC
NGC 377,NGC 377,16.645083,-20.332556,16.31,G,NGC
NGC 378,NGC 378,16.550875,-30.178139,13.80,G,NGC
NGC 379,NGC 379,16.815375,32.520361,12.76,G,NGC
NGC 380,NGC 380,16.823292,32.482917,12.48,G,NGC
NGC 381,NGC 381,17.075042,61.583278,9.30,OCl,NGC
NGC 382,NGC 382,16.849458,32.403861,14.48,G,NGC
NGC 383,NGC 383,16.854000,32.412556,12.14,G,NGC
NGC 384,NGC 384,16.854583,32.292444,13.08,G,NGC
NGC 385,NGC 385,16.863542,32.319528,12.94,G,NGC
NGC 386,NGC 386,16.880375,32.362000,14.28,G,NGC
NGC 387,NGC 387,16.887750,32.391111,16.49,G,NGC
NGC 388,NGC 388,16.946458,32.309972,14.36,G,NGC
NGC 389,NGC 389,17.124708,39.695444,14.93,G,NGC
NGC 390,NGC 390,16.973958,32.433111,0.00,*,NGC
NGC 391,NGC 391,16.844083,0.925944,14.33,G,NGC
NGC 392,NGC 392,17.097750,33.133611,12.71,G,NGC
NGC 393,NGC 393,17.153958,39.644306,12.54,G,NGC
NGC 394,NGC 394,17.108542,33.147972,13.83,G,NGC
NGC 395,NGC 395,16.284667,-71.990722,0.00,OCl,NGC
NGC 396,NGC 396,17.035000,4.530861,0.00,G,NGC
NGC 397,NGC 397,17.129583,33.109194,14.58,G,NGC
NGC 398,NGC 398,17.223625,32.514528,15.34,G,NGC
Cl399,Brocchi's Cluster,291.350000,20.183333,3.60,*Ass,NGC
NGC 399,NGC 399,17.246667,32.634306,14.44,G,NGC
NGC 400,NGC 400,17.260375,32.732417,0.00,*,NGC
NGC 401,NGC 401,17.282167,32.759333,0.00,*,NGC
NGC 402,NGC 402,17.305667,32.806250,0.00,*,NGC
NGC 403,NGC 403,17.309000,32.752139,13.18,G,NGC
NGC 404,NGC 404,17.362583,35.718139,10.55,G,NGC
NGC 405,NGC 405,17.142125,-46.668500,6.89,Other,NGC
NGC 406,NGC 406,16.854375,-69.879167,12.46,G,NGC
NGC 407,NGC 407,17.652333,33.126500,14.30,G,NGC
NGC 408,NGC 408,17.712875,33.151278,0.00,*,NGC
NGC 409,NGC 409,17.388417,-35.805611,14.08,G,NGC
NGC 410,NGC 410,17.745417,33.151889,11.48,G,NGC
NGC 411,NGC 411,16.981958,-71.768361,12.10,OCl,NGC
NGC 412,NGC 412,17.585333,-20.015806,0.00,NonEx,NGC
NGC 413,NGC 413,18.130833,-2.793417,15.06,G,NGC
NGC 414,NGC 414,17.824167,33.112778,0.00,GPair,NGC
NGC 415,NGC 415,17.523708,-35.490778,14.30,G,NGC
NGC 416,NGC 416,16.993750,-72.355056,11.76,GCl,NGC
NGC 417,NGC 417,17.773167,-18.148333,15.29,G,NGC
NGC 418,NGC 418,17.648417,-30.221278,12.58,G,NGC
NGC 419,NGC 419,17.071542,-72.883500,10.50,GCl,NGC
NGC 420,NGC 420,18.040208,32.123167,13.36,G,NGC
NGC 421,NGC 421,18.060250,32.123500,0.00,Other,NGC
NGC 422,NGC 422,17.355792,-71.767222,13.26,OCl,NGC
NGC 423,NGC 423,17.842542,-29.234528,14.39,G,NGC
NGC 424,NGC 424,17.865125,-38.083472,14.12,G,NGC
NGC 425,NGC 425,18.260667,38.768361,13.46,G,NGC
NGC 426,NGC 426,18.202542,-0.290194,12.89,G,NGC
NGC 427,NGC 427,18.080167,-32.061167,15.10,G,NGC
NGC 428,NGC 428,18.232125,0.981556,11.47,G,NGC
NGC 429,NGC 429,18.239250,-0.345000,14.45,G,NGC
NGC 430,NGC 430,18.249708,-0.252500,12.53,G,NGC
NGC 431,NGC 431,18.518917,33.704194,13.96,G,NGC
NGC 432,NGC 432,17.942750,-61.527639,14.12,G,NGC
NGC 433,NGC 433,18.788583,60.125778,0.00,OCl,NGC
NGC 434,NGC 434,18.058875,-58.247972,12.04,G,NGC
NGC 434A,NGC 434A,18.123417,-58.209500,15.61,G,NGC
NGC 435,NGC 435,18.499375,2.071444,14.94,G,NGC
NGC 436,NGC 436,18.990750,58.817111,8.80,OCl,NGC
NGC 437,NGC 437,18.592875,5.926889,13.91,G,NGC
NGC 438,NGC 438,18.392333,-37.901639,13.61,G,NGC
NGC 439,NGC 439,18.446917,-31.747139,12.89,G,NGC
NGC 440,NGC 440,18.202083,-58.282278,13.18,G,NGC
NGC 441,NGC 441,18.463583,-31.788333,13.77,G,NGC
NGC 442,NGC 442,18.661042,-1.020639,14.35,G,NGC
NGC 443,NGC 443,18.781625,33.377333,14.25,G,NGC
NGC 444,NGC 444,18.956667,31.080250,14.24,G,NGC
NGC 445,NGC 445,18.718667,1.917444,15.45,G,NGC
NGC 446,NGC 446,19.015042,4.294111,13.50,G,NGC
NGC 447,NGC 447,18.906792,33.067722,13.94,G,NGC
NGC 448,NGC 448,18.818833,-1.626194,13.25,G,NGC
NGC 449,NGC 449,19.030208,33.089556,14.57,G,NGC
NGC 450,NGC 450,18.876833,-0.860972,12.79,G,NGC
NGC 451,NGC 451,19.051667,33.064111,14.76,G,NGC
NGC 452,NGC 452,19.061792,31.033833,12.59,G,NGC
NGC 453,NGC 453,19.072583,33.014167,0.00,Other,NGC
NGC 454,NGC 454,18.593875,-55.398694,0.00,GPair,NGC
NGC 455,NGC 455,18.990167,5.178694,13.85,G,NGC
NGC 456,NGC 456,18.434917,-73.290528,0.00,OCl,NGC
NGC 457,Owl Cluster,19.886042,58.290694,6.40,OCl,NGC
NGC 458,NGC 458,18.722792,-71.552694,11.66,OCl,NGC
NGC 459,NGC 459,19.534125,17.562389,15.69,G,NGC
NGC 460,NGC 460,18.660833,-73.274194,0.00,Cl+N,NGC
NGC 461,NGC 461,19.336000,-33.840889,14.08,G,NGC
NGC 462,NGC 462,19.545792,4.226000,15.74,G,NGC
NGC 463,NGC 463,19.742708,16.325750,15.14,G,NGC
NGC 464,NGC 464,19.861167,34.955417,0.00,**,NGC
NGC 465,NGC 465,18.922292,-73.334611,0.00,OCl,NGC
NGC 466,NGC 466,19.305250,-58.909944,13.59,G,NGC
NGC 467,NGC 467,19.792208,3.300833,12.10,G,NGC
NGC 468,NGC 468,19.952083,32.767778,15.20,G,NGC
NGC 469,NGC 469,19.887292,14.871944,15.23,G,NGC
NGC 470,NGC 470,19.936875,3.409944,11.79,G,NGC
NGC 471,NGC 471,19.998292,14.786222,13.32,G,NGC
NGC 472,NGC 472,20.119542,32.709028,14.16,G,NGC
NGC 473,NGC 473,19.979458,16.544694,12.50,G,NGC
NGC 474,NGC 474,20.027875,3.415389,11.52,G,NGC
NGC 475,NGC 475,20.008333,14.861056,15.97,G,NGC
NGC 476,NGC 476,20.082917,16.020139,15.17,G,NGC
NGC 477,NGC 477,20.334875,40.488194,13.91,G,NGC
NGC 478,NGC 478,20.038708,-22.377389,14.62,G,NGC
NGC 479,NGC 479,20.315542,3.862278,15.06,G,NGC
NGC 480,NGC 480,20.143292,-9.880222,16.05,G,NGC
NGC 481,NGC 481,20.302125,-9.211222,14.65,G,NGC
NGC 482,NGC 482,20.085083,-40.966111,14.47,G,NGC
NGC 483,NGC 483,20.484583,33.520972,13.96,G,NGC
NGC 484,NGC 484,19.894708,-58.524306,12.23,G,NGC
NGC 485,NGC 485,20.365000,7.018083,13.25,G,NGC
NGC 486,NGC 486,20.429333,5.346306,17.48,G,NGC
NGC 487,NGC 487,20.479542,-16.370361,14.41,G,NGC
NGC 488,NGC 488,20.445208,5.256722,10.26,G,NGC
NGC 489,NGC 489,20.474583,9.206556,13.43,G,NGC
NGC 490,NGC 490,20.511958,5.367194,14.48,G,NGC
NGC 491,NGC 491,20.335125,-34.063278,12.55,G,NGC
NGC 491A,NGC 491A,20.019458,-33.899500,13.80,G,NGC
NGC 492,NGC 492,20.556500,5.417056,15.46,G,NGC
NGC 493,NGC 493,20.537458,0.945361,12.48,G,NGC
NGC 494,NGC 494,20.730833,33.173889,12.85,G,NGC
NGC 495,NGC 495,20.733333,33.471667,13.68,G,NGC
NGC 496,NGC 496,20.798333,33.529167,13.70,G,NGC
NGC 497,NGC 497,20.599083,-0.875194,13.02,G,NGC
NGC 498,NGC 498,20.797000,33.489361,16.49,G,NGC
NGC 499,NGC 499,20.797917,33.460556,12.27,G,NGC
NGC 500,NGC 500,20.664042,5.387278,15.05,G,NGC
NGC 501,NGC 501,20.843375,33.432972,14.45,G,NGC
NGC 502,NGC 502,20.731417,9.049194,12.79,G,NGC
NGC 503,NGC 503,20.868458,33.331722,15.16,G,NGC
NGC 504,NGC 504,20.866250,33.204444,13.95,G,NGC
NGC 505,NGC 505,20.737917,9.468889,15.04,G,NGC
NGC 506,NGC 506,20.897292,33.244667,0.00,*,NGC
NGC 507,NGC 507,20.916292,33.256056,11.57,G,NGC
NGC 508,NGC 508,20.919167,33.280278,14.20,G,NGC
NGC 509,NGC 509,20.850375,9.433556,14.61,G,NGC
NGC 510,NGC 510,20.981500,33.496889,0.00,**,NGC
NGC 511,NGC 511,20.878042,11.291000,15.34,G,NGC
NGC 512,NGC 512,20.999167,33.907778,13.87,G,NGC
NGC 513,NGC 513,21.111875,33.799444,13.40,G,NGC
NGC 514,NGC 514,21.016250,12.917389,11.71,G,NGC
NGC 515,NGC 515,21.160833,33.472778,14.26,G,NGC
NGC 516,NGC 516,21.033625,9.551694,14.25,G,NGC
NGC 517,NGC 517,21.182500,33.429444,13.56,G,NGC
NGC 518,NGC 518,21.073500,9.330944,14.32,G,NGC
NGC 519,NGC 519,21.119333,-1.641250,15.30,G,NGC
NGC 520,NGC 520,21.146125,3.792417,0.00,GPair,NGC
NGC 521,NGC 521,21.140750,1.731389,11.80,G,NGC
NGC 522,NGC 522,21.191042,9.994639,12.95,G,NGC
NGC 523,NGC 523,21.336375,34.024944,12.71,G,NGC
NGC 524,NGC 524,21.198833,9.538833,10.35,G,NGC
NGC 525,NGC 525,21.220458,9.703333,14.54,G,NGC
NGC 526,NGC 526,20.993750,-35.122500,0.00,GPair,NGC
NGC 526A,NGC 526A,20.976625,-35.065528,14.60,G,NGC
NGC 526B,NGC 526B,20.987833,-35.069278,14.50,G,NGC
NGC 527,NGC 527,20.992167,-35.115056,14.07,G,NGC
NGC 527B,NGC 527B,20.997250,-35.127361,15.54,G,NGC
NGC 528,NGC 528,21.390000,33.671667,13.65,G,NGC
NGC 529,NGC 529,21.418333,34.713333,12.13,G,NGC
NGC 530,NGC 530,21.173542,-1.587083,13.90,G,NGC
NGC 531,NGC 531,21.578750,34.753889,14.87,G,NGC
NGC 532,NGC 532,21.322250,9.264111,12.21,G,NGC
NGC 533,NGC 533,21.380667,1.759111,11.47,G,NGC
NGC 534,NGC 534,21.185958,-38.129083,14.40,G,NGC
NGC 535,NGC 535,21.379792,-1.408139,14.85,G,NGC
NGC 536,NGC 536,21.590750,34.703028,12.37,G,NGC
NGC 537,NGC 537,21.336375,34.024944,0.00,Dup,NGC
NGC 538,NGC 538,21.358542,-1.550639,14.62,G,NGC
NGC 539,NGC 539,21.340542,-18.163861,13.62,G,NGC
NGC 540,NGC 540,21.787083,-20.036639,15.72,G,NGC
NGC 541,NGC 541,21.434625,-1.379583,12.19,G,NGC
NGC 542,NGC 542,21.628750,34.675278,15.67,G,NGC
NGC 543,NGC 543,21.458292,-1.292806,13.17,G,NGC
NGC 544,NGC 544,21.300125,-38.094528,14.46,G,NGC
NGC 545,NGC 545,21.496333,-1.340222,13.34,G,NGC
NGC 546,NGC 546,21.303375,-38.069083,14.41,G,NGC
NGC 547,NGC 547,21.502625,-1.345167,13.34,G,NGC
NGC 548,NGC 548,21.510458,-1.225611,13.71,G,NGC
NGC 549,NGC 549,21.279500,-38.007750,15.50,G,NGC
NGC 550,NGC 550,21.677292,2.022361,13.50,G,NGC
NGC 551,NGC 551,21.919417,37.182917,13.42,G,NGC
NGC 552,NGC 552,21.542292,33.405861,0.00,*,NGC
NGC 553,NGC 553,21.552500,33.405000,14.93,G,NGC
NGC 554,NGC 554,21.790000,-22.725000,0.00,GPair,NGC
NGC 554A,NGC 554A,21.790417,-22.724667,15.00,G,NGC
NGC 554B,NGC 554B,21.789833,-22.725722,14.76,G,NGC
NGC 555,NGC 555,21.799208,-22.762167,15.31,G,NGC
NGC 556,NGC 556,21.802542,-22.697750,15.56,G,NGC
NGC 557,NGC 557,21.604792,-1.638722,14.82,G,NGC
NGC 558,NGC 558,21.817375,-1.970889,15.24,G,NGC
NGC 559,NGC 559,22.388208,63.301444,9.50,OCl,NGC
NGC 560,NGC 560,21.855917,-1.912972,12.90,G,NGC
NGC 561,NGC 561,22.078167,34.308639,14.02,G,NGC
NGC 562,NGC 562,22.121917,48.387083,14.46,G,NGC
NGC 563,NGC 563,21.340542,-18.163861,0.00,Dup,NGC
NGC 564,NGC 564,21.950875,-1.879528,12.51,G,NGC
NGC 565,NGC 565,22.042417,-1.306028,14.42,G,NGC
NGC 566,NGC 566,22.262333,32.332250,14.53,G,NGC
NGC 567,NGC 567,21.760000,-10.265250,14.97,G,NGC
NGC 568,NGC 568,21.987542,-35.717694,12.62,G,NGC
NGC 569,NGC 569,22.279833,11.131472,14.65,G,NGC
NGC 570,NGC 570,22.244333,-0.949000,12.79,G,NGC
NGC 571,NGC 571,22.483250,32.501333,14.97,G,NGC
NGC 572,NGC 572,22.151750,-39.307306,15.14,G,NGC
NGC 573,NGC 573,22.705625,41.257306,13.52,G,NGC
NGC 574,NGC 574,22.262833,-35.598917,14.28,G,NGC
NGC 575,NGC 575,22.694333,21.440417,13.02,G,NGC
NGC 576,NGC 576,22.240292,-51.598667,14.42,G,NGC
NGC 577,NGC 577,22.669625,-1.994361,14.12,G,NGC
NGC 578,NGC 578,22.621208,-22.667361,11.09,G,NGC
NGC 579,NGC 579,22.943708,33.615556,13.33,G,NGC
NGC 580,NGC 580,22.669625,-1.994361,0.00,Dup,NGC
NGC 581,NGC 581,23.340875,60.658000,7.40,OCl,NGC
NGC 582,NGC 582,22.991875,33.476528,13.16,G,NGC
NGC 583,NGC 583,22.433958,-18.339417,15.27,G,NGC
NGC 584,NGC 584,22.836458,-6.868056,10.35,G,NGC
NGC 585,NGC 585,22.925583,-0.933306,14.07,G,NGC
NGC 586,NGC 586,22.903542,-6.893750,13.14,G,NGC
NGC 587,NGC 587,23.138875,35.358583,13.59,G,NGC
NGC 588,NGC 588,23.191417,30.647528,14.44,HII,NGC
NGC 589,NGC 589,23.166417,-12.042694,14.97,G,NGC
NGC 590,NGC 590,23.420500,44.928694,14.09,G,NGC
NGC 591,NGC 591,23.380292,35.668250,13.90,G,NGC
NGC 592,NGC 592,23.298708,30.644944,0.00,*Ass,NGC
NGC 593,NGC 593,23.086500,-12.354444,15.27,G,NGC
NGC 594,NGC 594,23.237125,-16.536000,15.79,G,NGC
NGC 595,NGC 595,23.390958,30.691556,0.00,HII,NGC
NGC 596,NGC 596,23.217000,-7.031833,10.95,G,NGC
NGC 597,NGC 597,23.061875,-33.497083,13.97,G,NGC
NGC 598,Triangulum Galaxy,23.462042,30.660222,5.79,G,NGC
NGC 599,NGC 599,23.224083,-12.191250,14.14,G,NGC
NGC 600,NGC 600,23.272083,-7.311417,12.46,G,NGC
NGC 601,NGC 601,23.277417,-12.208750,16.40,G,NGC
NGC 602,NGC 602,22.359833,-73.560500,13.02,OCl,NGC
NGC 603,NGC 603,23.682917,30.231972,0.00,Other,NGC
NGC 604,NGC 604,23.638292,30.784889,0.00,HII,NGC
NGC 605,NGC 605,23.759792,41.248139,14.23,G,NGC
NGC 606,NGC 606,23.709000,21.418444,14.45,G,NGC
NGC 607,NGC 607,23.568208,-7.412806,0.00,Other,NGC
NGC 608,NGC 608,23.867667,33.656722,14.21,G,NGC
NGC 609,NGC 609,24.098917,64.536583,11.00,OCl,NGC
NGC 610,NGC 610,23.575000,-20.144222,0.00,Other,NGC
NGC 611,NGC 611,23.575042,-20.127556,0.00,Other,NGC
NGC 612,NGC 612,23.490583,-36.493250,13.01,G,NGC
NGC 613,NGC 613,23.575708,-29.418361,10.35,G,NGC
NGC 614,NGC 614,23.967750,33.681889,13.84,G,NGC
NGC 615,NGC 615,23.773667,-7.340306,11.66,G,NGC
NGC 616,NGC 616,24.017500,33.770222,0.00,**,NGC
NGC 617,NGC 617,23.510583,-9.774139,14.70,G,NGC
NGC 618,NGC 618,23.967750,33.681889,0.00,Dup,NGC
NGC 619,NGC 619,23.715792,-36.489389,14.19,G,NGC
NGC 620,NGC 620,24.248667,42.323333,13.86,G,NGC
NGC 621,NGC 621,24.204417,35.512194,14.14,G,NGC
NGC 622,NGC 622,24.000667,0.663528,13.28,G,NGC
NGC 623,NGC 623,23.776625,-36.490222,12.52,G,NGC
NGC 624,NGC 624,23.962875,-10.002972,14.18,G,NGC
NGC 625,NGC 625,23.769292,-41.436194,13.66,G,NGC
NGC 626,NGC 626,23.800333,-39.146056,13.47,G,NGC
NGC 627,NGC 627,23.967750,33.681889,0.00,Dup,NGC
NGC 628,NGC 628,24.173958,15.783667,9.31,G,NGC
NGC 629,NGC 629,24.743917,72.867083,0.00,Other,NGC
NGC 630,NGC 630,23.902000,-39.357833,13.62,G,NGC
NGC 631,NGC 631,24.196083,5.835361,14.97,G,NGC
NGC 632,NGC 632,24.323042,5.877639,13.48,G,NGC
NGC 633,NGC 633,24.097500,-37.321556,13.53,G,NGC
NGC 634,NGC 634,24.577750,35.364833,13.85,G,NGC
NGC 635,NGC 635,24.574417,-22.928917,15.26,G,NGC
NGC 636,NGC 636,24.777208,-7.512611,11.41,G,NGC
NGC 637,NGC 637,25.762958,64.036556,8.20,OCl,NGC
NGC 638,NGC 638,24.907708,7.237333,13.79,G,NGC
NGC 639,NGC 639,24.746042,-29.925333,14.13,G,NGC
NGC 640,NGC 640,24.853667,-9.401167,15.50,G,NGC
NGC 641,NGC 641,24.663458,-42.527528,12.17,G,NGC
NGC 642,NGC 642,24.776375,-29.914889,13.46,G,NGC
NGC 643,NGC 643,23.755958,-75.556861,0.00,OCl,NGC
NGC 643A,NGC 643A,22.660375,-76.054500,0.00,OCl,NGC
NGC 643B,NGC 643B,24.803042,-75.011111,14.62,G,NGC
NGC 643C,NGC 643C,25.454708,-75.268111,15.71,G,NGC
NGC 644,NGC 644,24.720667,-42.585278,14.74,G,NGC
NGC 645,NGC 645,25.036250,5.726694,13.68,G,NGC
NGC 646,NGC 646,24.356250,-64.896389,14.37,GPair,NGC
NGC 647,NGC 647,24.984125,-9.242389,14.32,G,NGC
NGC 648,NGC 648,24.665792,-17.831194,14.69,G,NGC
NGC 649,NGC 649,25.031042,-9.272111,15.35,G,NGC
NGC 650,Barbell Nebula,25.582042,51.575472,10.10,PN,NGC
NGC 651,NGC 651,25.582042,51.575472,0.00,Dup,NGC
NGC 652,NGC 652,25.180333,7.982917,14.96,G,NGC
NGC 653,NGC 653,25.607250,35.638333,14.06,G,NGC
NGC 654,NGC 654,25.997625,61.882722,6.50,OCl,NGC
NGC 655,NGC 655,25.479708,-13.081750,14.74,G,NGC
NGC 656,NGC 656,25.613500,26.143056,13.46,G,NGC
NGC 657,NGC 657,25.836667,55.836389,0.00,OCl,NGC
NGC 658,NGC 658,25.540250,12.601889,12.41,G,NGC
NGC 659,NGC 659,26.095792,60.669167,7.90,OCl,NGC
NGC 660,NGC 660,25.760000,13.645056,11.29,G,NGC
NGC 661,NGC 661,26.060917,28.705917,12.20,G,NGC
NGC 662,NGC 662,26.147708,37.695778,13.84,G,NGC
NGC 663,NGC 663,26.566875,61.218194,7.10,OCl,NGC
NGC 664,NGC 664,25.940875,4.222889,13.84,G,NGC
NGC 665,NGC 665,26.233750,10.423028,12.14,G,NGC
NGC 666,NGC 666,26.525833,34.374528,13.37,G,NGC
NGC 667,NGC 667,26.236167,-22.918944,15.43,G,NGC
NGC 668,NGC 668,26.594458,36.460306,13.05,G,NGC
NGC 669,NGC 669,26.817292,35.563306,12.30,G,NGC
NGC 670,NGC 670,26.853542,27.885750,12.62,G,NGC
NGC 671,NGC 671,26.746542,13.125111,16.71,G,NGC
NGC 672,NGC 672,26.977167,27.432778,10.92,G,NGC
NGC 673,NGC 673,27.093500,11.521306,12.62,G,NGC
NGC 674,NGC 674,27.823208,22.357972,11.97,G,NGC
NGC 675,NGC 675,27.285875,13.059889,15.45,G,NGC
NGC 676,NGC 676,27.238792,5.907528,12.00,G,NGC
NGC 677,NGC 677,27.308583,13.055361,12.27,G,NGC
NGC 678,NGC 678,27.353583,21.997306,12.23,G,NGC
NGC 679,NGC 679,27.432417,35.785639,12.54,G,NGC
NGC 680,NGC 680,27.447042,21.970861,11.90,G,NGC
NGC 681,NGC 681,27.295125,-10.426417,11.87,G,NGC
NGC 682,NGC 682,27.269167,-14.974833,13.85,G,NGC
NGC 683,NGC 683,27.444542,11.701306,14.91,G,NGC
NGC 684,NGC 684,27.558417,27.645667,12.34,G,NGC
NGC 685,NGC 685,26.928375,-52.761806,11.50,G,NGC
NGC 686,NGC 686,27.233917,-23.798139,13.40,G,NGC
NGC 687,NGC 687,27.638500,36.370806,12.53,G,NGC
NGC 688,NGC 688,27.684083,35.284528,12.67,G,NGC
NGC 689,NGC 689,27.465708,-27.466611,14.51,G,NGC
NGC 690,NGC 690,26.950333,-16.722000,14.27,G,NGC
NGC 691,NGC 691,27.673833,21.759917,11.73,G,NGC
NGC 692,NGC 692,27.174958,-48.648500,13.07,G,NGC
NGC 693,NGC 693,27.628542,6.145222,12.45,G,NGC
NGC 694,NGC 694,27.743708,21.997500,13.77,G,NGC
NGC 695,NGC 695,27.809333,22.582361,13.76,G,NGC
NGC 696,NGC 696,27.380250,-34.905167,14.44,G,NGC
NGC 697,NGC 697,27.823208,22.357972,0.00,Dup,NGC
NGC 698,NGC 698,27.432083,-34.831083,14.80,G,NGC
NGC 699,NGC 699,27.682000,-12.035667,14.94,G,NGC
NGC 700,NGC 700,28.070167,36.036722,15.51,G,NGC
NGC 701,NGC 701,27.766000,-9.702611,12.14,G,NGC
NGC 702,NGC 702,27.828333,-4.051944,0.00,GPair,NGC
NGC 703,NGC 703,28.165000,36.171417,13.33,G,NGC
NGC 704,NGC 704,28.160833,36.124167,0.00,GPair,NGC
NGC 704A,NGC 704A,28.166583,36.120944,0.00,G,NGC
NGC 704B,NGC 704B,28.157083,36.126806,14.00,G,NGC
NGC 705,NGC 705,28.173000,36.144000,14.42,G,NGC
NGC 706,NGC 706,27.960542,6.296889,12.52,G,NGC
NGC 707,NGC 707,27.862917,-8.505361,14.60,G,NGC
NGC 708,NGC 708,28.193667,36.151833,13.29,G,NGC
NGC 709,NGC 709,28.210917,36.223444,14.26,G,NGC
NGC 710,NGC 710,28.224750,36.052889,13.67,G,NGC
NGC 711,NGC 711,28.115667,17.512667,14.55,G,NGC
NGC 712,NGC 712,28.285167,36.819861,14.05,G,NGC
NGC 713,NGC 713,28.839708,-9.083750,15.25,G,NGC
NGC 714,NGC 714,28.373542,36.221306,13.05,G,NGC
NGC 715,NGC 715,28.302167,-12.872833,14.94,G,NGC
NGC 716,NGC 716,28.248667,12.708472,14.01,G,NGC
NGC 717,NGC 717,28.479625,36.229417,13.89,G,NGC
NGC 718,NGC 718,28.305417,4.195833,11.66,G,NGC
NGC 719,NGC 719,28.411833,19.840417,14.83,G,NGC
NGC 720,NGC 720,28.252083,-13.738667,10.14,G,NGC
NGC 721,NGC 721,28.689417,39.383528,13.46,G,NGC
NGC 722,NGC 722,28.695625,20.698222,14.54,G,NGC
NGC 723,NGC 723,28.440333,-23.757750,13.39,G,NGC
NGC 724,NGC 724,28.440333,-23.757750,0.00,Dup,NGC
NGC 725,NGC 725,28.147875,-16.517806,14.97,G,NGC
NGC 726,NGC 726,28.882792,-10.799806,15.08,G,NGC
NGC 727,NGC 727,28.455750,-35.856167,14.92,G,NGC
NGC 728,NGC 728,28.756000,4.222583,0.00,Other,NGC
NGC 729,NGC 729,28.455750,-35.856167,0.00,Dup,NGC
NGC 730,NGC 730,28.825000,5.636389,0.00,*,NGC
NGC 731,NGC 731,28.734208,-9.010806,12.14,G,NGC
NGC 732,NGC 732,29.115458,36.802222,14.85,G,NGC
NGC 733,NGC 733,29.141208,33.055306,15.80,*,NGC
NGC 734,NGC 734,28.369750,-16.995694,15.39,G,NGC
NGC 735,NGC 735,29.158250,34.176778,13.25,G,NGC
NGC 736,NGC 736,29.170292,33.043500,12.14,G,NGC
NGC 737,NGC 737,29.170000,33.048917,0.00,Other,NGC
NGC 738,NGC 738,29.190375,33.058333,15.94,G,NGC
NGC 739,NGC 739,29.227875,33.266694,14.74,G,NGC
NGC 740,NGC 740,29.228625,33.015167,14.81,G,NGC
NGC 741,NGC 741,29.087625,5.628944,11.26,G,NGC
NGC 742,NGC 742,29.100708,5.626694,15.03,G,NGC
NGC 743,NGC 743,29.630375,60.166306,0.00,OCl,NGC
NGC 744,NGC 744,29.624667,55.474611,7.90,OCl,NGC
NGC 745,NGC 745,28.536083,-56.690750,0.00,GGroup,NGC
NGC 746,NGC 746,29.462542,44.918583,13.70,G,NGC
NGC 747,NGC 747,29.376875,-9.462361,14.50,G,NGC
NGC 748,NGC 748,29.090833,-4.467639,12.64,G,NGC
NGC 749,NGC 749,28.921333,-29.922333,13.53,G,NGC
NGC 750,NGC 750,29.386375,33.209278,13.11,G,NGC
NGC 751,NGC 751,29.387458,33.203083,13.39,G,NGC
NGC 752,NGC 752,29.395083,37.833389,5.70,OCl,NGC
NGC 753,NGC 753,29.425833,35.916111,12.41,G,NGC
NGC 754,NGC 754,28.586833,-56.761056,15.25,G,NGC
NGC 755,NGC 755,29.094500,-9.061417,12.59,G,NGC
NGC 756,NGC 756,28.621042,-16.707167,15.00,GPair,NGC
NGC 757,NGC 757,28.734208,-9.010806,0.00,Dup,NGC
NGC 758,NGC 758,28.925583,-3.066472,15.42,G,NGC
NGC 759,NGC 759,29.459708,36.343111,12.73,G,NGC
NGC 760,NGC 760,29.447500,33.355389,14.50,**,NGC
NGC 761,NGC 761,29.456625,33.377139,14.42,G,NGC
NGC 762,NGC 762,29.240792,-5.402861,14.00,G,NGC
NGC 763,NGC 763,29.094500,-9.061417,0.00,Dup,NGC
NGC 764,NGC 764,29.263625,-16.062500,0.00,**,NGC
NGC 765,NGC 765,29.700000,24.892472,12.47,G,NGC
NGC 766,NGC 766,29.674792,8.346639,14.30,G,NGC
NGC 767,NGC 767,29.711667,-9.587139,15.37,G,NGC
NGC 768,NGC 768,29.670542,0.529222,14.20,G,NGC
NGC 769,NGC 769,29.899583,30.909917,13.36,G,NGC
NGC 770,NGC 770,29.806833,18.954667,13.49,G,NGC
NGC 771,NGC 771,30.860792,72.420889,3.95,*,NGC
NGC 772,NGC 772,29.831583,19.007528,10.30,G,NGC
NGC 773,NGC 773,29.716667,-11.514639,13.91,G,NGC
NGC 774,NGC 774,29.894708,14.008194,14.28,G,NGC
NGC 775,NGC 775,29.636125,-26.293722,13.38,G,NGC
NGC 776,NGC 776,29.977042,23.644389,13.44,G,NGC
NGC 777,NGC 777,30.062083,31.429583,11.46,G,NGC
NGC 778,NGC 778,30.081000,31.313028,14.14,G,NGC
NGC 779,NGC 779,29.926167,-5.963194,11.21,G,NGC
NGC 780,NGC 780,30.146583,28.225139,14.58,G,NGC
NGC 781,NGC 781,30.037333,12.656111,13.91,G,NGC
NGC 782,NGC 782,29.418250,-57.790167,12.07,G,NGC
NGC 783,NGC 783,30.277542,31.882472,12.72,G,NGC
NGC 784,NGC 784,30.320542,28.837250,11.73,G,NGC
NGC 785,NGC 785,30.416667,31.826500,13.85,G,NGC
NGC 786,NGC 786,30.353000,15.646528,14.27,G,NGC
NGC 787,NGC 787,30.202583,-9.002583,13.63,G,NGC
NGC 788,NGC 788,30.276875,-6.815528,12.33,G,NGC
NGC 789,NGC 789,30.608375,32.072250,13.98,G,NGC
NGC 790,NGC 790,30.340000,-5.370972,13.96,G,NGC
NGC 791,NGC 791,30.434250,8.499944,14.72,G,NGC
NGC 792,NGC 792,30.563875,15.712194,14.53,G,NGC
NGC 793,NGC 793,30.727250,31.980722,0.00,**,NGC
NGC 794,NGC 794,30.622208,18.373000,12.73,G,NGC
NGC 795,NGC 795,29.955667,-55.824167,14.30,G,NGC
NGC 796,NGC 796,29.182292,-74.220000,0.00,OCl,NGC
NGC 797,NGC 797,30.859583,38.114444,0.00,GPair,NGC
NGC 798,NGC 798,30.831667,32.077528,14.63,G,NGC
NGC 799,NGC 799,30.551417,-0.100639,14.14,G,NGC
NGC 800,NGC 800,30.549375,-0.130444,14.40,G,NGC
NGC 801,NGC 801,30.936792,38.258722,13.07,G,NGC
NGC 802,NGC 802,29.775000,-67.870139,13.68,G,NGC
NGC 803,NGC 803,30.936250,16.030972,12.41,G,NGC
NGC 804,NGC 804,31.008792,30.832861,14.63,G,NGC
NGC 805,NGC 805,31.123208,28.812333,14.83,G,NGC
NGC 806,NGC 806,30.879792,-9.933361,14.61,G,NGC
NGC 807,NGC 807,31.231917,28.987444,13.75,G,NGC
NGC 808,NGC 808,30.985833,-23.311611,13.52,G,NGC
NGC 809,NGC 809,31.079042,-8.735306,14.59,G,NGC
NGC 810,NGC 810,31.370417,13.251389,0.00,GPair,NGC
NGC 811,NGC 811,31.145167,-10.108472,15.60,G,NGC
NGC 812,NGC 812,31.714583,44.572917,12.67,G,NGC
NGC 813,NGC 813,30.400292,-68.439194,13.85,G,NGC
NGC 814,NGC 814,32.656792,-15.773583,14.83,G,NGC
NGC 815,NGC 815,32.664167,-15.812778,0.00,GPair,NGC
NGC 816,NGC 816,32.036875,29.255833,15.24,G,NGC
NGC 817,NGC 817,31.890458,17.202639,13.86,G,NGC
NGC 818,NGC 818,32.185500,38.777194,12.51,G,NGC
NGC 819,NGC 819,32.143208,29.234028,14.09,G,NGC
NGC 820,NGC 820,32.104083,14.349556,13.70,G,NGC
NGC 821,NGC 821,32.088083,10.994917,10.77,G,NGC
NGC 822,NGC 822,31.663083,-41.156750,13.17,G,NGC
NGC 823,NGC 823,31.833542,-25.441889,13.72,G,NGC
NGC 824,NGC 824,31.721917,-36.453167,14.10,G,NGC
NGC 825,NGC 825,32.134833,6.323722,14.39,G,NGC
NGC 826,NGC 826,32.354375,30.739694,15.31,G,NGC
NGC 827,NGC 827,32.234417,7.971472,13.89,G,NGC
NGC 828,NGC 828,32.539875,39.190361,12.24,G,NGC
NGC 829,NGC 829,32.176583,-7.790528,14.21,G,NGC
NGC 830,NGC 830,32.244500,-7.766806,14.35,G,NGC
NGC 831,NGC 831,32.394167,6.096333,15.22,G,NGC
NGC 832,NGC 832,32.753458,35.541250,0.00,**,NGC
NGC 833,NGC 833,32.336833,-10.133083,12.90,G,NGC
NGC 834,NGC 834,32.755375,37.666278,13.05,G,NGC
NGC 835,NGC 835,32.352500,-10.135917,12.41,G,NGC
NGC 836,NGC 836,32.603667,-22.054861,14.47,G,NGC
NGC 837,NGC 837,32.567708,-22.431500,14.85,G,NGC
NGC 838,NGC 838,32.410542,-10.146694,12.91,G,NGC
NGC 839,NGC 839,32.428875,-10.184083,13.17,G,NGC
NGC 840,NGC 840,32.567542,7.845306,13.42,G,NGC
NGC 841,NGC 841,32.822333,37.497167,13.12,G,NGC
NGC 842,NGC 842,32.461625,-7.762472,12.69,G,NGC
NGC 843,NGC 843,32.783792,32.097417,0.00,Other,NGC
NGC 844,NGC 844,32.559375,6.049806,14.80,G,NGC
NGC 845,NGC 845,33.082458,37.477333,13.49,G,NGC
NGC 846,NGC 846,33.051333,44.568389,13.10,G,NGC
NGC 847,NGC 847,33.051333,44.568389,0.00,Dup,NGC
NGC 848,NGC 848,32.573500,-10.321444,13.10,G,NGC
NGC 849,NGC 849,32.546625,-22.323000,15.42,G,NGC
NGC 850,NGC 850,32.806708,-1.485583,14.00,G,NGC
NGC 851,NGC 851,32.800375,3.779694,14.64,G,NGC
NGC 852,NGC 852,32.231083,-56.737056,14.19,G,NGC
NGC 853,NGC 853,32.921625,-9.306000,15.87,G,NGC
NGC 854,NGC 854,32.878125,-35.835111,13.81,G,NGC
NGC 855,NGC 855,33.514542,27.877333,12.56,G,NGC
NGC 856,NGC 856,33.409833,-0.717278,16.54,G,NGC
NGC 857,NGC 857,33.154042,-31.944611,13.48,G,NGC
NGC 858,NGC 858,33.125708,-22.471528,13.75,G,NGC
NGC 859,NGC 859,33.409833,-0.717278,0.00,Dup,NGC
NGC 860,NGC 860,33.750625,30.778806,15.11,G,NGC
NGC 861,NGC 861,33.963083,35.913583,14.72,G,NGC
NGC 862,NGC 862,33.262500,-42.033528,12.89,G,NGC
NGC 863,NGC 863,33.639833,-0.766694,13.71,G,NGC
NGC 864,NGC 864,33.865167,6.002611,11.07,G,NGC
NGC 865,NGC 865,34.062958,28.599722,13.91,G,NGC
NGC 866,NGC 866,33.639833,-0.766694,0.00,Dup,NGC
NGC 867,NGC 867,34.269917,1.244194,14.01,G,NGC
NGC 868,NGC 868,33.993667,-0.713639,15.55,G,NGC
NGC 869,h Persei Cluster,34.744000,57.117250,3.70,OCl,NGC
NGC 870,NGC 870,34.288417,14.523111,16.38,G,NGC
NGC 871,NGC 871,34.294708,14.547833,13.55,G,NGC
NGC 872,NGC 872,33.855125,-17.781056,14.54,G,NGC
NGC 873,NGC 873,34.134833,-11.348556,12.71,G,NGC
NGC 874,NGC 874,34.004792,-23.301722,15.11,G,NGC
NGC 875,NGC 875,34.269917,1.244194,0.00,Dup,NGC
NGC 876,NGC 876,34.472125,14.521278,16.50,G,NGC
NGC 877,NGC 877,34.498500,14.544056,11.86,G,NGC
NGC 878,NGC 878,34.476083,-23.384056,14.71,G,NGC
NGC 879,NGC 879,34.213333,-8.964028,15.50,G,NGC
NGC 880,NGC 880,34.613250,-4.205750,15.11,G,NGC
NGC 881,NGC 881,34.688625,-6.639083,12.44,G,NGC
NGC 882,NGC 882,34.916292,15.814250,14.87,G,NGC
NGC 883,NGC 883,34.771583,-6.790917,13.50,G,NGC
NGC 884,chi Persei Cluster,35.633750,57.144111,3.80,OCl,NGC
NGC 885,NGC 885,33.639833,-0.766694,0.00,Dup,NGC
NGC 886,NGC 886,35.799042,63.778750,0.00,OCl,NGC
NGC 887,NGC 887,34.885875,-16.069722,13.50,G,NGC
NGC 888,NGC 888,34.362917,-59.861056,14.50,G,NGC
NGC 889,NGC 889,34.778875,-41.749333,14.62,G,NGC
NGC 890,NGC 890,35.504208,33.266056,11.87,G,NGC
NGC 891,NGC 891,35.639208,42.349139,10.01,G,NGC
NGC 892,NGC 892,35.216750,-23.113639,15.62,G,NGC
NGC 893,NGC 893,34.994083,-41.403139,13.58,G,NGC
NGC 894,NGC 894,35.394042,-5.510222,0.00,Other,NGC
NGC 895,NGC 895,35.401958,-5.521389,11.77,G,NGC
NGC 896,NGC 896,36.365917,62.019361,0.00,Neb,NGC
NGC 897,NGC 897,35.276542,-33.720667,11.85,G,NGC
NGC 898,NGC 898,35.834875,41.951417,13.71,G,NGC
NGC 899,NGC 899,35.471417,-20.823250,13.10,G,NGC
NGC 900,NGC 900,35.884083,26.511528,14.98,G,NGC
NGC 901,NGC 901,35.892042,26.557056,15.66,G,NGC
NGC 902,NGC 902,35.590667,-16.679056,14.82,G,NGC
NGC 903,NGC 903,36.003667,27.356278,16.71,G,NGC
NGC 904,NGC 904,36.023208,27.342389,14.98,G,NGC
NGC 905,NGC 905,35.681542,-8.719028,15.70,G,NGC
NGC 906,NGC 906,36.317750,42.089889,12.90,G,NGC
NGC 907,NGC 907,35.757958,-20.712056,12.60,G,NGC
NGC 908,NGC 908,35.769042,-21.233861,10.31,G,NGC
NGC 909,NGC 909,36.344958,42.035667,14.51,G,NGC
NGC 910,NGC 910,36.361583,41.824278,12.25,G,NGC
NGC 911,NGC 911,36.426667,41.956278,13.95,G,NGC
NGC 912,NGC 912,36.428042,41.777444,14.91,G,NGC
NGC 913,NGC 913,36.436000,41.799417,15.00,G,NGC
NGC 914,NGC 914,36.521583,42.144083,13.81,G,NGC
NGC 915,NGC 915,36.439917,27.221000,15.20,G,NGC
NGC 916,NGC 916,36.448500,27.242528,15.13,G,NGC
NGC 917,NGC 917,36.532042,31.912333,14.40,G,NGC
NGC 918,NGC 918,36.461833,18.496250,13.21,G,NGC
NGC 919,NGC 919,36.569458,27.212111,15.43,G,NGC
NGC 920,NGC 920,36.965750,45.947056,15.54,G,NGC
NGC 921,NGC 921,36.639250,-15.847528,15.41,G,NGC
NGC 922,NGC 922,36.268417,-24.788167,12.00,G,NGC
NGC 923,NGC 923,36.894333,41.977611,14.37,G,NGC
NGC 924,NGC 924,36.695125,20.497500,13.74,G,NGC
NGC 925,NGC 925,36.820333,33.579167,10.12,G,NGC
NGC 926,NGC 926,36.527958,-0.331944,13.25,G,NGC
NGC 927,NGC 927,36.655458,12.155333,14.44,G,NGC
NGC 928,NGC 928,36.920917,27.221194,14.63,G,NGC
NGC 929,NGC 929,36.825917,-12.086917,15.02,G,NGC
NGC 930,NGC 930,36.964333,20.341778,0.00,Other,NGC
NGC 931,NGC 931,37.060333,31.311667,14.50,G,NGC
NGC 932,NGC 932,36.977875,20.332472,13.88,G,NGC
NGC 933,NGC 933,37.322875,45.911306,15.30,G,NGC
NGC 934,NGC 934,36.887208,-0.244556,13.43,G,NGC
NGC 935,NGC 935,37.046458,19.599111,12.82,G,NGC
NGC 936,NGC 936,36.906083,-1.156278,10.23,G,NGC
NGC 937,NGC 937,37.367000,42.249972,14.96,G,NGC
NGC 938,NGC 938,37.139625,20.283694,13.75,G,NGC
NGC 939,NGC 939,36.588833,-44.446167,14.05,G,NGC
NGC 940,NGC 940,37.364583,31.640917,13.35,G,NGC
NGC 941,NGC 941,37.116042,-1.151528,12.49,G,NGC
NGC 942,NGC 942,37.292708,-10.836139,14.48,G,NGC
NGC 943,NGC 943,37.290333,-10.828056,14.35,G,NGC
NGC 944,NGC 944,36.673042,-14.515639,15.00,G,NGC
NGC 945,NGC 945,37.155333,-10.538972,12.12,G,NGC
NGC 946,NGC 946,37.660125,42.232611,14.50,G,NGC
NGC 947,NGC 947,37.138000,-19.042111,12.62,G,NGC
NGC 948,NGC 948,37.189458,-10.513889,14.06,G,NGC
NGC 949,NGC 949,37.702708,37.136778,11.89,G,NGC
NGC 950,NGC 950,37.299042,-11.024694,14.48,G,NGC
NGC 951,NGC 951,37.237000,-22.349444,15.49,G,NGC
NGC 952,NGC 952,37.364583,31.640917,0.00,Dup,NGC
NGC 953,NGC 953,37.790750,29.588750,14.46,G,NGC
NGC 954,NGC 954,37.215125,-41.402667,12.91,G,NGC
NGC 955,NGC 955,37.638125,-1.108417,11.96,G,NGC
NGC 956,NGC 956,38.128750,44.593472,8.90,OCl,NGC
NGC 957,NGC 957,38.329292,57.569694,7.60,OCl,NGC
NGC 958,NGC 958,37.678458,-2.939000,12.18,G,NGC
NGC 959,NGC 959,38.099750,35.494639,12.48,G,NGC
NGC 960,NGC 960,37.922333,-9.300444,14.78,G,NGC
NGC 961,NGC 961,40.260375,-6.935917,13.25,G,NGC
NGC 962,NGC 962,38.165958,28.069944,14.15,G,NGC
NGC 963,NGC 963,37.630333,-4.215417,14.31,G,NGC
NGC 964,NGC 964,37.774125,-36.034667,13.53,G,NGC
NGC 965,NGC 965,38.104583,-18.639722,14.85,G,NGC
NGC 966,NGC 966,37.946500,-19.881694,12.99,G,NGC
NGC 967,NGC 967,38.052958,-17.216861,13.80,G,NGC
NGC 968,NGC 968,38.525875,34.479889,13.74,G,NGC
NGC 969,NGC 969,38.534167,32.946944,12.41,G,NGC
NGC 970,NGC 970,38.547083,32.976111,0.00,GPair,NGC
NGC 971,NGC 971,38.566875,32.987111,0.00,*,NGC
NGC 972,NGC 972,38.555750,29.311278,11.33,G,NGC
NGC 973,NGC 973,38.583792,32.505611,13.56,G,NGC
NGC 974,NGC 974,38.607500,32.954500,14.05,G,NGC
NGC 975,NGC 975,38.344792,9.601694,14.16,G,NGC
NGC 976,NGC 976,38.500083,20.976778,12.41,G,NGC
NGC 977,NGC 977,38.264292,-10.759972,14.16,G,NGC
NGC 978,NGC 978,38.698333,32.843611,0.00,GPair,NGC
NGC 978A,NGC 978A,38.695708,32.846194,13.26,G,NGC
NGC 978B,NGC 978B,38.700417,32.841389,15.00,G,NGC
NGC 979,NGC 979,37.911625,-44.524306,13.83,G,NGC
NGC 980,NGC 980,38.827333,40.926500,14.21,G,NGC
NGC 981,NGC 981,38.249542,-10.973944,14.54,G,NGC
NGC 982,NGC 982,38.853625,40.869722,13.11,G,NGC
NGC 983,NGC 983,39.731833,34.622278,13.94,G,NGC
NGC 984,NGC 984,38.679583,23.413000,13.57,G,NGC
NGC 985,NGC 985,38.657375,-8.787611,14.09,G,NGC
NGC 986,NGC 986,38.393125,-39.045056,10.91,G,NGC
NGC 986A,NGC 986A,38.172708,-39.296222,13.97,G,NGC
NGC 987,NGC 987,39.206708,33.327250,13.32,G,NGC
NGC 988,NGC 988,38.865625,-9.356194,11.21,G,NGC
NGC 989,NGC 989,38.441875,-16.511167,15.09,G,NGC
NGC 990,NGC 990,39.075875,11.642083,12.46,G,NGC
NGC 991,NGC 991,38.886167,-7.154444,12.96,G,NGC
NGC 992,NGC 992,39.356208,21.100833,15.13,G,NGC
NGC 993,NGC 993,39.191917,2.050417,14.86,G,NGC
NGC 994,NGC 994,39.191917,2.050417,0.00,Dup,NGC
NGC 995,NGC 995,39.633500,41.529250,14.83,G,NGC
NGC 996,NGC 996,39.666125,41.647528,14.46,G,NGC
NGC 997,NGC 997,39.310417,7.307778,0.00,GPair,NGC
NGC 998,NGC 998,39.318750,7.335806,14.60,G,NGC
NGC 999,NGC 999,39.697750,41.670500,14.67,G,NGC
NGC 1000,NGC 1000,39.707250,41.459694,15.45,G,NGC
NGC 1001,NGC 1001,39.802708,41.671722,14.66,G,NGC
NGC 1002,NGC 1002,39.731833,34.622278,0.00,Dup,NGC
NGC 1003,NGC 1003,39.820375,40.872306,11.51,G,NGC
NGC 1004,NGC 1004,39.424083,1.975306,12.69,G,NGC
NGC 1005,NGC 1005,39.871667,41.488972,14.50,G,NGC
NGC 1006,NGC 1006,39.395250,-11.025000,14.05,G,NGC
NGC 1007,NGC 1007,39.467750,2.156028,16.45,G,NGC
NGC 1008,NGC 1008,39.480375,2.079639,14.87,G,NGC
NGC 1009,NGC 1009,39.579458,2.310028,15.30,G,NGC
NGC 1010,NGC 1010,39.395250,-11.025000,0.00,Dup,NGC
NGC 1011,NGC 1011,39.412042,-11.005556,14.87,G,NGC
NGC 1012,NGC 1012,39.812125,30.151389,12.99,G,NGC
NGC 1013,NGC 1013,39.460292,-11.507250,15.02,G,NGC
NGC 1014,NGC 1014,39.503542,-9.573389,0.00,**,NGC
NGC 1015,NGC 1015,39.548167,-1.318694,12.47,G,NGC
NGC 1016,NGC 1016,39.581500,2.119250,11.64,G,NGC
NGC 1017,NGC 1017,39.457667,-11.010278,14.89,G,NGC
NGC 1018,NGC 1018,39.543167,-9.543917,15.26,G,NGC
NGC 1019,NGC 1019,39.614208,1.907722,14.95,G,NGC
NGC 1020,NGC 1020,39.684750,2.231278,14.93,G,NGC
NGC 1021,NGC 1021,39.700083,2.217417,15.04,G,NGC
NGC 1022,NGC 1022,39.636292,-6.677417,11.35,G,NGC
NGC 1023,NGC 1023,40.100042,39.063278,9.47,G,NGC
NGC 1023A,NGC 1023A,40.157083,39.057500,13.80,G,NGC
NGC 1024,NGC 1024,39.799833,10.846833,12.30,G,NGC
NGC 1025,NGC 1025,39.083042,-54.864167,13.36,G,NGC
NGC 1026,NGC 1026,39.830083,6.544000,14.06,G,NGC
NGC 1027,NGC 1027,40.646083,61.594361,6.70,OCl,NGC
NGC 1028,NGC 1028,39.904792,10.843667,14.79,G,NGC
NGC 1029,NGC 1029,39.902250,10.793333,13.11,G,NGC
NGC 1030,NGC 1030,39.960833,18.024278,14.42,G,NGC
NGC 1031,NGC 1031,39.161500,-54.859778,12.52,G,NGC
NGC 1032,NGC 1032,39.848500,1.093778,11.67,G,NGC
NGC 1033,NGC 1033,40.067167,-8.776944,14.69,G,NGC
NGC 1034,NGC 1034,39.558417,-15.809083,14.57,G,NGC
NGC 1035,NGC 1035,39.871208,-8.132944,12.89,G,NGC
NGC 1036,NGC 1036,40.120792,19.297111,13.19,G,NGC
NGC 1037,NGC 1037,39.993250,-1.734056,0.00,Other,NGC
NGC 1038,NGC 1038,40.026333,1.508778,14.32,G,NGC
NGC 1039,NGC 1039,40.530833,42.746139,5.20,OCl,NGC
NGC 1040,NGC 1040,40.801833,41.500611,13.95,G,NGC
NGC 1041,NGC 1041,40.105083,-5.440444,14.09,G,NGC
NGC 1042,NGC 1042,40.099875,-8.433556,11.22,G,NGC
NGC 1043,NGC 1043,40.194042,1.343139,15.74,G,NGC
NGC 1044,NGC 1044,40.277500,8.737222,0.00,GPair,NGC
NGC 1045,NGC 1045,40.121333,-11.277556,13.42,G,NGC
NGC 1046,NGC 1046,40.303542,8.719389,14.70,G,NGC
NGC 1047,NGC 1047,40.136833,-8.147667,14.43,G,NGC
NGC 1048,NGC 1048,40.158125,-8.533361,14.50,G,NGC
NGC 1048A,NGC 1048A,40.148750,-8.547222,14.52,G,NGC
NGC 1049,Fornax Dwarf Cluster 3,39.950583,-34.258250,13.59,GCl,NGC
NGC 1050,NGC 1050,40.648292,34.763500,13.50,G,NGC
NGC 1051,NGC 1051,40.260375,-6.935917,0.00,Dup,NGC
NGC 1052,NGC 1052,40.270000,-8.255778,11.04,G,NGC
NGC 1053,NGC 1053,40.801833,41.500611,0.00,Dup,NGC
NGC 1054,NGC 1054,40.565583,18.217194,14.54,G,NGC
NGC 1055,NGC 1055,40.438458,0.443167,10.60,G,NGC
NGC 1056,NGC 1056,40.701250,28.574194,12.35,G,NGC
NGC 1057,NGC 1057,40.762083,32.491194,15.72,G,NGC
NGC 1058,NGC 1058,40.875000,37.341333,11.25,G,NGC
NGC 1059,NGC 1059,40.648333,17.996750,0.00,**,NGC
NGC 1060,NGC 1060,40.812708,32.424972,11.82,G,NGC
NGC 1061,NGC 1061,40.815667,32.466722,15.13,G,NGC
NGC 1062,NGC 1062,40.850083,32.462139,0.00,*,NGC
NGC 1063,NGC 1063,40.541917,-5.568556,14.44,G,NGC
NGC 1064,NGC 1064,40.598042,-9.362278,15.02,G,NGC
NGC 1065,NGC 1065,40.526125,-15.091556,14.90,G,NGC
NGC 1066,NGC 1066,40.958083,32.475000,14.79,G,NGC
NGC 1067,NGC 1067,40.960500,32.511889,13.69,G,NGC
NGC 1068,NGC 1068,40.669625,-0.013278,9.29,G,NGC
NGC 1069,NGC 1069,40.749250,-8.289500,14.28,G,NGC
NGC 1070,NGC 1070,40.842792,4.968417,12.88,G,NGC
NGC 1071,NGC 1071,40.782708,-8.773889,15.35,G,NGC
NGC 1072,NGC 1072,40.880458,0.306806,14.27,G,NGC
NGC 1073,NGC 1073,40.918833,1.376111,11.05,G,NGC
NGC 1074,NGC 1074,40.900500,-16.297083,15.18,G,NGC
NGC 1075,NGC 1075,40.889792,-16.201111,15.45,G,NGC
NGC 1076,NGC 1076,40.871875,-14.754306,13.71,G,NGC
NGC 1077,NGC 1077,41.507083,40.091667,0.00,GPair,NGC
NGC 1077A,NGC 1077A,41.512083,40.093333,17.09,G,NGC
NGC 1077B,NGC 1077B,41.502500,40.090278,14.54,G,NGC
NGC 1078,NGC 1078,41.033500,-9.452389,15.20,G,NGC
NGC 1079,NGC 1079,40.934750,-29.003361,11.44,G,NGC
NGC 1080,NGC 1080,41.291417,-4.710778,13.58,G,NGC
NGC 1081,NGC 1081,41.273000,-15.587806,14.36,G,NGC
NGC 1082,NGC 1082,41.421875,-8.180528,14.71,G,NGC
NGC 1083,NGC 1083,41.419167,-15.357778,15.19,G,NGC
NGC 1084,NGC 1084,41.499625,-7.578472,10.60,G,NGC
NGC 1085,NGC 1085,41.605417,3.607278,13.77,G,NGC
NGC 1086,NGC 1086,41.984875,41.246472,13.53,G,NGC
NGC 1087,NGC 1087,41.604833,-0.498639,11.02,G,NGC
NGC 1088,NGC 1088,41.768333,16.201111,0.00,GPair,NGC
NGC 1089,NGC 1089,41.542083,-15.073194,14.66,G,NGC
NGC 1090,NGC 1090,41.641417,-0.247167,11.97,G,NGC
NGC 1091,NGC 1091,41.343458,-17.533167,15.17,G,NGC
NGC 1092,NGC 1092,41.373208,-17.542278,14.48,G,NGC
NGC 1093,NGC 1093,42.067292,34.419778,14.24,G,NGC
NGC 1094,NGC 1094,41.865958,-0.285111,13.56,G,NGC
NGC 1095,NGC 1095,41.907750,4.637639,14.13,G,NGC
NGC 1096,NGC 1096,40.955375,-59.913417,12.78,G,NGC
NGC 1097,NGC 1097,41.579375,-30.274889,9.76,G,NGC
NGC 1097A,NGC 1097A,41.541250,-30.228056,13.16,G,NGC
NGC 1098,NGC 1098,41.223625,-17.659139,12.71,G,NGC
NGC 1099,NGC 1099,41.325083,-17.708361,13.21,G,NGC
NGC 1100,NGC 1100,41.400292,-17.688944,13.12,G,NGC
NGC 1101,NGC 1101,42.061792,4.578028,13.05,G,NGC
NGC 1102,NGC 1102,41.803750,-22.208833,15.33,G,NGC
NGC 1103,NGC 1103,42.025000,-13.959222,12.87,G,NGC
NGC 1104,NGC 1104,42.161208,-0.271528,14.58,G,NGC
NGC 1105,NGC 1105,40.924917,-15.705583,15.16,G,NGC
NGC 1106,NGC 1106,42.668792,41.671500,13.65,G,NGC
NGC 1107,NGC 1107,42.331708,8.092639,12.22,G,NGC
NGC 1108,NGC 1108,42.160583,-7.951111,14.71,G,NGC
NGC 1109,NGC 1109,41.931583,13.255333,15.37,G,NGC
NGC 1110,NGC 1110,42.289875,-7.837556,14.50,G,NGC
NGC 1111,NGC 1111,42.163958,13.259528,15.92,G,NGC
NGC 1112,NGC 1112,42.251542,13.223750,14.85,G,NGC
NGC 1113,NGC 1113,42.521042,13.327417,0.00,*,NGC
NGC 1114,NGC 1114,42.280000,-16.993361,13.27,G,NGC
NGC 1115,NGC 1115,42.605750,13.266222,15.53,G,NGC
NGC 1116,NGC 1116,42.648708,13.335056,15.33,G,NGC
NGC 1117,NGC 1117,42.804625,13.185306,14.86,G,NGC
NGC 1118,NGC 1118,42.494458,-12.163722,14.25,G,NGC
NGC 1119,NGC 1119,42.071167,-17.987611,15.06,G,NGC
NGC 1120,NGC 1120,42.267042,-14.470694,14.90,G,NGC
NGC 1121,NGC 1121,42.663292,-1.734056,13.65,G,NGC
NGC 1122,NGC 1122,43.213333,42.205028,12.93,G,NGC
NGC 1123,NGC 1123,43.213333,42.205028,0.00,Dup,NGC
NGC 1124,NGC 1124,42.899667,-25.701833,14.82,G,NGC
NGC 1125,NGC 1125,42.917792,-16.651028,12.81,G,NGC
NGC 1126,NGC 1126,43.077625,-1.296000,15.32,G,NGC
NGC 1127,NGC 1127,43.216000,13.256417,16.17,G,NGC
NGC 1128,NGC 1128,44.423208,6.024667,0.00,GPair,NGC
NGC 1129,NGC 1129,43.614083,41.579583,13.60,G,NGC
NGC 1130,NGC 1130,43.601583,41.605611,15.56,G,NGC
NGC 1131,NGC 1131,43.641583,41.559028,15.40,G,NGC
NGC 1132,NGC 1132,43.216292,-1.274694,12.30,G,NGC
NGC 1133,NGC 1133,43.175792,-8.804389,14.87,G,NGC
NGC 1134,NGC 1134,43.422250,13.014139,13.09,G,NGC
NGC 1135,NGC 1135,42.696750,-54.929583,16.17,G,NGC
NGC 1136,NGC 1136,42.723750,-54.975917,12.97,G,NGC
NGC 1137,NGC 1137,43.511375,2.962083,12.84,G,NGC
NGC 1138,NGC 1138,44.151833,43.047361,14.05,G,NGC
NGC 1139,NGC 1139,43.195042,-14.529333,15.91,G,NGC
NGC 1140,NGC 1140,43.639917,-10.027750,12.43,G,NGC
NGC 1141,NGC 1141,43.790458,-0.177861,0.00,Dup,NGC
NGC 1142,NGC 1142,43.800833,-0.183556,0.00,Dup,NGC
NGC 1143,NGC 1143,43.790458,-0.177861,14.27,G,NGC
NGC 1144,NGC 1144,43.800833,-0.183556,13.96,G,NGC
NGC 1145,NGC 1145,43.639625,-18.635083,12.47,G,NGC
NGC 1146,NGC 1146,44.405583,46.426944,0.00,Other,NGC
NGC 1147,NGC 1147,43.788708,-9.119639,0.00,Other,NGC
NGC 1148,NGC 1148,44.268208,-7.685639,14.57,G,NGC
NGC 1149,NGC 1149,44.349458,-0.309417,15.04,G,NGC
NGC 1150,NGC 1150,44.255792,-15.048417,15.03,G,NGC
NGC 1151,NGC 1151,44.269292,-15.013028,15.92,G,NGC
NGC 1152,NGC 1152,44.390125,-7.758833,14.32,G,NGC
NGC 1153,NGC 1153,44.542833,3.361917,13.46,G,NGC
NGC 1154,NGC 1154,44.531958,-10.363306,13.92,G,NGC
NGC 1155,NGC 1155,44.554542,-10.350583,14.15,G,NGC
NGC 1156,NGC 1156,44.926250,25.237833,11.63,G,NGC
NGC 1157,NGC 1157,44.527833,-15.118528,15.50,G,NGC
NGC 1158,NGC 1158,44.297750,-14.395528,15.92,G,NGC
NGC 1159,NGC 1159,45.193833,43.162556,14.21,G,NGC
NGC 1160,NGC 1160,45.305208,44.955417,12.82,G,NGC
NGC 1161,NGC 1161,45.308875,44.897333,11.89,G,NGC
NGC 1162,NGC 1162,44.733333,-12.398583,13.87,G,NGC
NGC 1163,NGC 1163,45.092042,-17.152528,13.80,G,NGC
NGC 1164,NGC 1164,45.499375,42.584944,14.51,G,NGC
NGC 1165,NGC 1165,44.698708,-32.099194,13.78,G,NGC
NGC 1166,NGC 1166,45.145833,11.842778,15.35,G,NGC
NGC 1167,NGC 1167,45.426542,35.205750,12.64,G,NGC
NGC 1168,NGC 1168,45.195917,11.772306,15.35,G,NGC
NGC 1169,NGC 1169,45.894792,46.386361,11.41,G,NGC
NGC 1170,NGC 1170,45.612042,27.072667,0.00,Other,NGC
NGC 1171,NGC 1171,45.995792,43.398306,13.50,G,NGC
NGC 1172,NGC 1172,45.400208,-14.836583,11.75,G,NGC
NGC 1173,NGC 1173,45.990458,42.383722,0.00,Other,NGC
NGC 1174,NGC 1174,46.378583,42.835500,12.35,G,NGC
NGC 1175,NGC 1175,46.134792,42.339306,12.80,G,NGC
NGC 1176,NGC 1176,46.145333,42.393444,14.60,*,NGC
NGC 1177,NGC 1177,46.154708,42.362833,15.68,G,NGC
NGC 1178,NGC 1178,46.161750,42.313472,15.30,*,NGC
NGC 1179,NGC 1179,45.660333,-18.897778,12.00,G,NGC
NGC 1180,NGC 1180,45.462667,-15.029833,15.76,G,NGC
NGC 1181,NGC 1181,45.428167,-15.052333,16.27,G,NGC
NGC 1182,NGC 1182,45.868500,-9.670333,14.79,G,NGC
NGC 1183,NGC 1183,46.192333,42.368944,15.00,*,NGC
NGC 1184,NGC 1184,49.187625,80.793333,12.19,G,NGC
NGC 1185,NGC 1185,45.747833,-9.132139,14.46,G,NGC
NGC 1186,NGC 1186,46.378583,42.835500,0.00,Dup,NGC
NGC 1187,NGC 1187,45.656625,-22.867167,10.92,G,NGC
NGC 1188,NGC 1188,45.930708,-15.484583,14.61,G,NGC
NGC 1189,NGC 1189,45.851958,-15.623472,14.42,G,NGC
NGC 1190,NGC 1190,45.858875,-15.661889,15.16,G,NGC
NGC 1191,NGC 1191,45.878708,-15.685306,15.28,G,NGC
NGC 1192,NGC 1192,45.894292,-15.678833,15.36,G,NGC
NGC 1193,NGC 1193,46.481958,44.383111,12.60,OCl,NGC
NGC 1194,NGC 1194,45.954625,-1.103750,13.80,G,NGC
NGC 1195,NGC 1195,45.886708,-12.039778,15.11,G,NGC
NGC 1196,NGC 1196,45.896667,-12.076306,14.09,G,NGC
NGC 1197,NGC 1197,46.559208,44.061194,0.00,Other,NGC
NGC 1198,NGC 1198,46.555167,41.848944,13.95,G,NGC
NGC 1199,NGC 1199,45.910042,-15.613194,11.43,G,NGC
NGC 1200,NGC 1200,45.977000,-11.991806,13.80,G,NGC
NGC 1201,NGC 1201,46.033250,-26.069639,10.81,G,NGC
NGC 1202,NGC 1202,46.260542,-6.491611,15.22,G,NGC
NGC 1203,NGC 1203,46.309167,-14.378889,0.00,GPair,NGC
NGC 1203A,NGC 1203A,46.308750,-14.381111,15.01,G,NGC
NGC 1203B,NGC 1203B,46.309583,-14.377778,16.00,G,NGC
NGC 1204,NGC 1204,46.166333,-12.341389,14.21,G,NGC
NGC 1205,NGC 1205,45.868500,-9.670333,0.00,Dup,NGC
NGC 1206,NGC 1206,46.540583,-8.833167,15.93,G,NGC
NGC 1207,NGC 1207,47.064542,38.382167,13.61,G,NGC
NGC 1208,NGC 1208,46.549625,-9.541417,13.35,G,NGC
NGC 1209,NGC 1209,46.512583,-15.611250,11.38,G,NGC
NGC 1210,NGC 1210,46.689000,-25.716444,12.71,G,NGC
NGC 1211,NGC 1211,46.718417,-0.794472,12.35,G,NGC
NGC 1212,NGC 1212,47.425958,40.893083,16.00,G,NGC
NGC 1213,NGC 1213,47.322125,38.649444,15.65,G,NGC
NGC 1214,NGC 1214,46.733417,-9.544167,14.97,G,NGC
NGC 1215,NGC 1215,46.789417,-9.592667,14.98,G,NGC
NGC 1216,NGC 1216,46.827250,-9.612806,15.86,G,NGC
NGC 1217,NGC 1217,46.525083,-39.036389,13.30,G,NGC
NGC 1218,NGC 1218,47.109250,4.110917,13.16,G,NGC
NGC 1219,NGC 1219,47.116542,2.108583,12.99,G,NGC
NGC 1220,NGC 1220,47.919458,53.348167,11.80,OCl,NGC
NGC 1221,NGC 1221,47.064708,-4.259472,14.60,G,NGC
NGC 1222,NGC 1222,47.236417,-2.955139,12.55,G,NGC
NGC 1223,NGC 1223,47.083042,-4.138389,13.93,G,NGC
NGC 1224,NGC 1224,47.806458,41.363694,15.43,G,NGC
NGC 1225,NGC 1225,47.196750,-4.101556,14.85,G,NGC
NGC 1226,NGC 1226,47.772292,35.386833,14.47,G,NGC
NGC 1227,NGC 1227,47.782208,35.324861,15.68,G,NGC
NGC 1228,NGC 1228,47.048917,-22.922861,14.31,G,NGC
NGC 1229,NGC 1229,47.044958,-22.960806,14.45,G,NGC
NGC 1230,NGC 1230,47.068333,-22.984000,15.52,G,NGC
NGC 1231,NGC 1231,46.622083,-15.569083,15.00,G,NGC
NGC 1232,NGC 1232,47.439625,-20.579306,10.11,G,NGC
NGC 1232A,NGC 1232A,47.507917,-20.600556,15.29,G,NGC
NGC 1233,NGC 1233,48.137958,39.318917,13.16,G,NGC
NGC 1234,NGC 1234,47.412875,-7.846194,15.24,G,NGC
NGC 1235,NGC 1235,48.137958,39.318917,0.00,Dup,NGC
NGC 1236,NGC 1236,47.866625,10.808278,15.73,G,NGC
NGC 1237,NGC 1237,47.537375,-8.692333,0.00,**,NGC
NGC 1238,NGC 1238,47.719625,-10.748056,14.33,G,NGC
NGC 1239,NGC 1239,47.723833,-2.553139,14.61,G,NGC
NGC 1240,NGC 1240,48.361167,30.507167,0.00,**,NGC
NGC 1241,NGC 1241,47.811000,-8.922139,12.63,G,NGC
NGC 1242,NGC 1242,47.830500,-8.902417,13.71,G,NGC
NGC 1243,NGC 1243,47.856083,-8.945278,0.00,**,NGC
NGC 1244,NGC 1244,46.629542,-66.775611,13.92,G,NGC
NGC 1245,NGC 1245,48.672750,47.238694,8.40,OCl,NGC
NGC 1246,NGC 1246,46.758708,-66.938639,13.89,G,NGC
NGC 1247,NGC 1247,48.059667,-10.481111,12.48,G,NGC
NGC 1248,NGC 1248,48.202333,-5.224694,12.67,G,NGC
NGC 1249,NGC 1249,47.505125,-53.335750,11.77,G,NGC
NGC 1250,NGC 1250,48.837917,41.355417,12.83,G,NGC
NGC 1251,NGC 1251,48.537958,1.456528,0.00,**,NGC
NGC 1252,NGC 1252,47.684583,-57.758611,0.00,OCl,NGC
NGC 1253,NGC 1253,48.537708,-2.822944,11.78,G,NGC
NGC 1253A,NGC 1253A,48.597083,-2.800833,13.80,G,NGC
NGC 1254,NGC 1254,48.600208,2.677361,15.42,G,NGC
NGC 1255,NGC 1255,48.383500,-25.725167,11.17,G,NGC
NGC 1256,NGC 1256,48.492792,-21.986417,13.55,G,NGC
NGC 1257,NGC 1257,49.248125,41.529056,0.00,**,NGC
NGC 1258,NGC 1258,48.522792,-21.774278,13.95,G,NGC
NGC 1259,NGC 1259,49.322000,41.385500,15.21,G,NGC
NGC 1260,NGC 1260,49.363500,41.405222,14.30,G,NGC
NGC 1261,NGC 1261,48.063917,-55.216806,8.63,GCl,NGC
NGC 1262,NGC 1262,48.889917,-15.879306,14.20,G,NGC
NGC 1263,NGC 1263,48.914833,-15.098306,14.99,G,NGC
NGC 1264,NGC 1264,49.498208,41.520278,15.24,G,NGC
NGC 1265,NGC 1265,49.565250,41.857750,11.92,G,NGC
NGC 1266,NGC 1266,49.003125,-2.427361,14.39,G,NGC
NGC 1267,NGC 1267,49.687167,41.467722,12.98,G,NGC
NGC 1268,NGC 1268,49.688167,41.488694,14.84,G,NGC
NGC 1269,NGC 1269,49.327458,-41.108056,8.70,G,NGC
NGC 1270,NGC 1270,49.742292,41.470000,13.03,G,NGC
NGC 1271,NGC 1271,49.797000,41.353250,15.10,G,NGC
NGC 1272,NGC 1272,49.838708,41.490639,11.88,G,NGC
NGC 1273,NGC 1273,49.861417,41.540528,13.16,G,NGC
NGC 1274,NGC 1274,49.918958,41.548639,15.09,G,NGC
NGC 1275,Perseus A,49.950667,41.511694,12.24,G,NGC
NGC 1276,NGC 1276,49.963375,41.641972,0.00,**,NGC
NGC 1277,NGC 1277,49.964542,41.573528,13.51,G,NGC
NGC 1278,NGC 1278,49.975625,41.563389,12.45,G,NGC
NGC 1279,NGC 1279,49.996125,41.479528,17.23,G,NGC
NGC 1280,NGC 1280,49.487792,-0.169083,13.41,G,NGC
NGC 1281,NGC 1281,50.025458,41.630028,13.35,G,NGC
NGC 1282,NGC 1282,50.050500,41.367000,12.88,G,NGC
NGC 1283,NGC 1283,50.064667,41.398667,13.61,G,NGC
NGC 1284,NGC 1284,49.439625,-10.289083,14.36,G,NGC
NGC 1285,NGC 1285,49.472625,-7.297806,13.59,G,NGC
NGC 1286,NGC 1286,49.452208,-7.616861,14.74,G,NGC
NGC 1287,NGC 1287,49.639458,-2.730833,14.72,G,NGC
NGC 1288,NGC 1288,49.304958,-32.575889,12.17,G,NGC
NGC 1289,NGC 1289,49.707542,-1.973333,12.57,G,NGC
NGC 1290,NGC 1290,49.854875,-13.989611,15.40,G,NGC
NGC 1291,NGC 1291,49.327458,-41.108056,0.00,Dup,NGC
NGC 1292,NGC 1292,49.562042,-27.610333,12.13,G,NGC
NGC 1293,NGC 1293,50.401917,41.392833,13.39,G,NGC
NGC 1294,NGC 1294,50.416500,41.360556,13.26,G,NGC
NGC 1295,NGC 1295,50.013750,-13.998250,15.01,G,NGC
NGC 1296,NGC 1296,49.707125,-13.062444,14.76,G,NGC
NGC 1297,NGC 1297,49.809250,-19.100000,14.70,G,NGC
NGC 1298,NGC 1298,50.054500,-2.114111,13.96,G,NGC
NGC 1299,NGC 1299,50.040333,-6.262000,13.60,G,NGC
NGC 1300,NGC 1300,49.921167,-19.411361,10.52,G,NGC
NGC 1301,NGC 1301,50.147208,-18.715333,13.40,G,NGC
NGC 1302,NGC 1302,49.963250,-26.060444,10.63,G,NGC
NGC 1303,NGC 1303,50.169958,-7.394417,14.73,G,NGC
NGC 1304,NGC 1304,50.303250,-4.584083,14.39,G,NGC
NGC 1305,NGC 1305,50.345708,-2.316833,11.97,G,NGC
NGC 1306,NGC 1306,50.262458,-25.512556,13.76,G,NGC
NGC 1307,NGC 1307,50.303250,-4.584083,0.00,Dup,NGC
NGC 1308,NGC 1308,50.618917,-2.757139,14.70,G,NGC
NGC 1309,NGC 1309,50.527333,-15.400056,11.58,G,NGC
NGC 1310,NGC 1310,50.264292,-37.101694,12.10,G,NGC
NGC 1311,NGC 1311,50.029000,-52.185528,12.94,G,NGC
NGC 1312,NGC 1312,50.923875,1.184667,0.00,**,NGC
NGC 1313,NGC 1313,49.566875,-66.498250,9.49,G,NGC
NGC 1313A,NGC 1313A,50.023750,-66.701111,14.73,G,NGC
NGC 1314,NGC 1314,50.671500,-4.186556,14.86,G,NGC
NGC 1315,NGC 1315,50.777458,-21.375167,13.65,G,NGC
NGC 1316,Fornax A,50.673833,-37.208222,8.48,G,NGC
NGC 1316A,NGC 1316A,50.907917,-36.903889,14.67,G,NGC
NGC 1316B,NGC 1316B,50.915000,-36.908333,15.10,G,NGC
NGC 1316C,NGC 1316C,51.243333,-37.009444,14.29,G,NGC
NGC 1317,Fornax B,50.684542,-37.103694,10.88,G,NGC
NGC 1318,NGC 1318,50.684542,-37.103694,0.00,Dup,NGC
NGC 1319,NGC 1319,50.985250,-21.527722,13.94,G,NGC
NGC 1320,NGC 1320,51.202917,-3.042278,13.38,G,NGC
NGC 1321,NGC 1321,51.202375,-3.015583,13.67,G,NGC
NGC 1322,NGC 1322,51.227958,-2.919222,14.35,G,NGC
NGC 1323,NGC 1323,51.233667,-2.822083,16.02,G,NGC
NGC 1324,NGC 1324,51.257000,-5.745806,13.40,G,NGC
NGC 1325,NGC 1325,51.106542,-21.544028,11.54,G,NGC
NGC 1325A,NGC 1325A,51.202083,-21.336111,12.84,G,NGC
NGC 1326,NGC 1326,50.985000,-36.464667,10.45,G,NGC
NGC 1326A,NGC 1326A,51.285417,-36.363889,14.05,G,NGC
NGC 1326B,NGC 1326B,51.334583,-36.385000,13.27,G,NGC
NGC 1327,NGC 1327,51.346292,-25.680278,15.47,G,NGC
NGC 1328,NGC 1328,51.412917,-4.124944,14.73,G,NGC
NGC 1329,NGC 1329,51.510792,-17.591500,12.65,G,NGC
NGC 1330,NGC 1330,52.268625,41.675250,0.00,Other,NGC
NGC 1331,NGC 1331,51.617875,-21.355306,13.42,G,NGC
NGC 1332,NGC 1332,51.571875,-21.335222,10.36,G,NGC
NGC 1333,NGC 1333,52.230000,31.370000,10.90,Cl+N,NGC
NGC 1334,NGC 1334,52.507667,41.832028,14.73,G,NGC
NGC 1335,NGC 1335,52.581208,41.572750,15.66,G,NGC
NGC 1336,NGC 1336,51.634125,-35.713556,12.31,G,NGC
NGC 1337,NGC 1337,52.024833,-8.388611,12.86,G,NGC
NGC 1338,NGC 1338,52.227292,-12.153361,14.00,G,NGC
NGC 1339,NGC 1339,52.027417,-32.286111,11.75,G,NGC
NGC 1340,NGC 1340,52.081958,-31.068167,10.37,G,NGC
NGC 1341,NGC 1341,51.993417,-37.150000,12.42,G,NGC
NGC 1342,NGC 1342,52.917167,37.379389,6.70,OCl,NGC
NGC 1343,NGC 1343,54.457083,72.571333,12.37,G,NGC
NGC 1344,NGC 1344,52.081958,-31.068167,0.00,Dup,NGC
NGC 1345,NGC 1345,52.382042,-17.778389,13.75,G,NGC
NGC 1346,NGC 1346,52.555292,-5.543306,16.39,G,NGC
NGC 1347,NGC 1347,52.422917,-22.285000,0.00,GPair,NGC
NGC 1348,NGC 1348,53.535375,51.420528,0.00,OCl,NGC
NGC 1349,NGC 1349,52.864583,4.380833,13.09,G,NGC
NGC 1350,NGC 1350,52.783833,-33.628639,10.31,G,NGC
NGC 1351,NGC 1351,52.645750,-34.853944,11.46,G,NGC
NGC 1351A,NGC 1351A,52.202917,-35.178056,13.81,G,NGC
NGC 1352,NGC 1352,52.887417,-19.278444,13.35,G,NGC
NGC 1353,NGC 1353,53.012583,-20.819167,11.46,G,NGC
NGC 1354,NGC 1354,53.122375,-15.221139,13.46,G,NGC
NGC 1355,NGC 1355,53.347917,-4.998694,13.19,G,NGC
NGC 1356,NGC 1356,52.669958,-50.309611,13.14,G,NGC
NGC 1357,NGC 1357,53.321167,-13.664139,11.44,G,NGC
NGC 1358,NGC 1358,53.415292,-5.089389,12.78,G,NGC
NGC 1359,NGC 1359,53.448792,-19.492056,12.35,G,NGC
NGC 1360,NGC 1360,53.311042,-25.871722,9.40,PN,NGC
NGC 1361,NGC 1361,53.573917,-6.265000,14.68,G,NGC
NGC 1362,NGC 1362,53.471167,-20.282639,13.78,G,NGC
NGC 1363,NGC 1363,53.706542,-9.842472,13.96,G,NGC
NGC 1364,NGC 1364,53.745750,-9.838639,15.38,G,NGC
NGC 1365,NGC 1365,53.401542,-36.140389,10.10,G,NGC
NGC 1366,NGC 1366,53.473667,-31.194111,11.91,G,NGC
NGC 1367,NGC 1367,53.755583,-24.933222,10.66,G,NGC
NGC 1368,NGC 1368,53.745417,-15.655917,15.23,G,NGC
NGC 1369,NGC 1369,54.188542,-36.256222,13.69,G,NGC
NGC 1370,NGC 1370,53.810708,-20.373667,13.54,G,NGC
NGC 1371,NGC 1371,53.755583,-24.933222,0.00,Dup,NGC
NGC 1372,NGC 1372,54.248917,-15.881472,15.35,G,NGC
NGC 1373,NGC 1373,53.746708,-35.171111,13.26,G,NGC
NGC 1374,NGC 1374,53.819125,-35.226250,11.14,G,NGC
NGC 1375,NGC 1375,53.820083,-35.265667,12.39,G,NGC
NGC 1376,NGC 1376,54.274667,-5.042750,12.85,G,NGC
NGC 1377,NGC 1377,54.162833,-20.902250,13.49,G,NGC
NGC 1378,NGC 1378,53.992500,-35.211167,0.00,**,NGC
NGC 1379,NGC 1379,54.016458,-35.441194,11.02,G,NGC
NGC 1380,NGC 1380,54.114958,-34.976222,9.94,G,NGC
NGC 1380A,NGC 1380A,54.197917,-34.739722,12.39,G,NGC
NGC 1380B,NGC 1380B,54.287333,-35.195028,0.00,Dup,NGC
NGC 1381,NGC 1381,54.132000,-35.295194,11.47,G,NGC
NGC 1382,NGC 1382,54.287333,-35.195028,12.86,G,NGC
NGC 1383,NGC 1383,54.413500,-18.339472,12.50,G,NGC
NGC 1384,NGC 1384,54.806625,15.819556,15.55,G,NGC
NGC 1385,NGC 1385,54.370208,-24.500306,11.03,G,NGC
NGC 1386,NGC 1386,54.192417,-35.999417,11.86,G,NGC
NGC 1387,NGC 1387,54.237750,-35.506639,10.75,G,NGC
NGC 1388,NGC 1388,54.550042,-15.899417,14.84,G,NGC
NGC 1389,NGC 1389,54.299083,-35.745583,11.51,G,NGC
NGC 1390,NGC 1390,54.467375,-19.008361,14.07,G,NGC
NGC 1391,NGC 1391,54.720667,-18.354111,13.35,G,NGC
NGC 1392,NGC 1392,54.445875,-36.147417,16.95,G,NGC
NGC 1393,NGC 1393,54.660750,-18.427972,12.06,G,NGC
NGC 1394,NGC 1394,54.778833,-18.292278,12.82,G,NGC
NGC 1395,NGC 1395,54.623958,-23.027528,9.65,G,NGC
NGC 1396,NGC 1396,54.527250,-35.440111,14.88,G,NGC
NGC 1397,NGC 1397,54.946458,-4.670111,14.70,G,NGC
NGC 1398,NGC 1398,54.717208,-26.337833,9.55,G,NGC
NGC 1399,NGC 1399,54.620958,-35.450667,9.40,G,NGC
NGC 1400,NGC 1400,54.878500,-18.688083,11.06,G,NGC
NGC 1401,NGC 1401,54.841042,-22.724694,12.29,G,NGC
NGC 1402,NGC 1402,54.877375,-18.526944,13.54,G,NGC
NGC 1403,NGC 1403,54.795167,-22.388750,12.74,G,NGC
NGC 1404,NGC 1404,54.716333,-35.594389,9.93,G,NGC
NGC 1405,NGC 1405,55.078875,-15.530194,15.03,G,NGC
NGC 1406,NGC 1406,54.847083,-31.321417,11.82,G,NGC
NGC 1407,NGC 1407,55.049417,-18.580111,9.65,G,NGC
NGC 1408,NGC 1408,54.822000,-35.500833,0.00,**,NGC
NGC 1409,NGC 1409,55.293458,-1.302556,14.76,G,NGC
NGC 1410,NGC 1410,55.294792,-1.298778,15.22,G,NGC
NGC 1411,NGC 1411,54.686958,-44.100611,11.19,G,NGC
NGC 1412,NGC 1412,55.122375,-26.862250,13.13,G,NGC
NGC 1413,NGC 1413,55.048125,-15.610778,15.23,G,NGC
NGC 1414,NGC 1414,55.237667,-21.713139,14.67,G,NGC
NGC 1415,NGC 1415,55.236917,-22.564472,11.53,G,NGC
NGC 1416,NGC 1416,55.262042,-22.719111,14.18,G,NGC
NGC 1417,NGC 1417,55.489250,-4.704861,12.08,G,NGC
NGC 1418,NGC 1418,55.567333,-4.730750,13.73,G,NGC
NGC 1419,NGC 1419,55.175458,-37.510833,12.61,G,NGC
NGC 1420,NGC 1420,55.666000,-5.852556,0.00,Other,NGC
NGC 1421,NGC 1421,55.622000,-13.488028,11.52,G,NGC
NGC 1422,NGC 1422,55.379458,-21.681528,14.05,G,NGC
NGC 1423,NGC 1423,55.667083,-6.381833,14.79,G,NGC
NGC 1424,NGC 1424,55.808500,-4.730083,13.80,G,NGC
NGC 1425,NGC 1425,55.547792,-29.893333,10.70,G,NGC
NGC 1426,NGC 1426,55.704625,-22.108361,11.47,G,NGC
NGC 1427,NGC 1427,55.580917,-35.392556,10.88,G,NGC
NGC 1427A,NGC 1427A,55.038750,-35.624444,13.40,G,NGC
NGC 1428,NGC 1428,55.594708,-35.154000,13.84,G,NGC
NGC 1429,NGC 1429,56.017167,-4.718111,0.00,Other,NGC
NGC 1430,NGC 1430,55.855083,-18.225083,0.00,*,NGC
NGC 1431,NGC 1431,56.170000,2.834944,15.58,G,NGC
NGC 1432,Maia Nebula,56.456625,24.367861,0.00,HII,NGC
NGC 1433,NGC 1433,55.506458,-47.222083,9.95,G,NGC
NGC 1434,NGC 1434,56.553625,-9.682611,15.36,G,NGC
NGC 1435,Merope Nebula,56.542042,23.764972,0.00,Neb,NGC
NGC 1436,NGC 1436,55.904500,-35.853028,11.69,G,NGC
NGC 1437,NGC 1437,55.904500,-35.853028,0.00,Dup,NGC
NGC 1437B,NGC 1437B,56.478333,-36.356944,13.88,G,NGC
NGC 1438,NGC 1438,56.321792,-23.002472,12.44,G,NGC
NGC 1439,NGC 1439,56.208125,-21.920556,11.39,G,NGC
NGC 1440,NGC 1440,56.262125,-18.266028,11.63,G,NGC
NGC 1441,NGC 1441,56.429667,-4.091583,12.93,G,NGC
NGC 1442,NGC 1442,56.262125,-18.266028,0.00,Dup,NGC
NGC 1443,NGC 1443,56.471000,-4.052722,0.00,*,NGC
NGC 1444,NGC 1444,57.370333,52.655333,6.60,OCl,NGC
NGC 1445,NGC 1445,56.234250,-9.855861,15.02,G,NGC
NGC 1446,NGC 1446,56.489417,-4.112167,13.50,*,NGC
NGC 1447,NGC 1447,56.446458,-9.018694,16.02,G,NGC
NGC 1448,NGC 1448,56.133000,-44.644833,10.94,G,NGC
NGC 1449,NGC 1449,56.512792,-4.138111,13.47,G,NGC
NGC 1450,NGC 1450,56.402667,-9.234861,15.22,G,NGC
NGC 1451,NGC 1451,56.529833,-4.069194,13.34,G,NGC
NGC 1452,NGC 1452,56.342958,-18.633639,11.84,G,NGC
NGC 1453,NGC 1453,56.613542,-3.968778,11.41,G,NGC
NGC 1454,NGC 1454,56.497250,-20.652306,0.00,*,NGC
NGC 1455,NGC 1455,56.342958,-18.633639,0.00,Dup,NGC
NGC 1456,NGC 1456,57.034375,22.558611,10.96,**,NGC
NGC 1457,NGC 1457,56.133000,-44.644833,0.00,Dup,NGC
NGC 1458,NGC 1458,56.742958,-18.241139,0.00,Other,NGC
NGC 1459,NGC 1459,56.741417,-25.521750,13.68,G,NGC
NGC 1460,NGC 1460,56.557250,-36.696333,13.53,G,NGC
NGC 1461,NGC 1461,57.113083,-16.392889,11.81,G,NGC
NGC 1462,NGC 1462,57.597625,6.973056,15.23,G,NGC
NGC 1463,NGC 1463,56.564250,-59.810139,13.47,G,NGC
NGC 1464,NGC 1464,57.852167,-15.402250,14.73,G,NGC
NGC 1465,NGC 1465,58.382958,32.492806,14.79,G,NGC
NGC 1466,NGC 1466,56.138958,-71.671583,11.59,GCl,NGC
NGC 1467,NGC 1467,57.970000,-8.838194,15.24,G,NGC
NGC 1468,NGC 1468,58.052417,-6.348944,14.99,G,NGC
NGC 1469,NGC 1469,60.115708,68.577722,14.45,G,NGC
NGC 1470,NGC 1470,58.041000,-8.999361,14.62,G,NGC
NGC 1471,NGC 1471,57.852167,-15.402250,0.00,Dup,NGC
NGC 1472,NGC 1472,58.447292,-8.568472,16.03,G,NGC
NGC 1473,NGC 1473,56.859583,-68.220583,12.91,G,NGC
NGC 1474,NGC 1474,58.626458,10.707000,13.76,G,NGC
NGC 1475,NGC 1475,58.457625,-8.137500,16.41,G,NGC
NGC 1476,NGC 1476,58.036625,-44.532472,13.82,G,NGC
NGC 1477,NGC 1477,58.512000,-8.574972,16.16,G,NGC
NGC 1478,NGC 1478,58.530583,-8.555417,16.23,G,NGC
NGC 1479,NGC 1479,58.585167,-10.208611,0.00,Other,NGC
NGC 1480,NGC 1480,58.634917,-10.258833,0.00,Other,NGC
NGC 1481,NGC 1481,58.620667,-20.427167,14.56,G,NGC
NGC 1482,NGC 1482,58.662333,-20.502667,12.14,G,NGC
NGC 1483,NGC 1483,58.198500,-47.477528,12.76,G,NGC
NGC 1484,NGC 1484,58.583875,-36.968889,13.71,G,NGC
NGC 1485,NGC 1485,61.266417,70.996528,12.37,G,NGC
NGC 1486,NGC 1486,59.077917,-21.821139,15.17,G,NGC
NGC 1487,NGC 1487,58.942083,-42.368056,0.00,GPair,NGC
NGC 1488,NGC 1488,60.018042,18.567306,0.00,**,NGC
NGC 1489,NGC 1489,59.408750,-19.216639,13.80,G,NGC
NGC 1490,NGC 1490,58.392583,-66.018056,13.64,G,NGC
NGC 1491,NGC 1491,60.806500,51.316083,0.00,HII,NGC
NGC 1492,NGC 1492,59.554708,-35.446361,14.29,G,NGC
NGC 1493,NGC 1493,59.364292,-46.210694,11.44,G,NGC
NGC 1494,NGC 1494,59.428750,-48.908083,11.95,G,NGC
NGC 1495,NGC 1495,59.590917,-44.466250,12.64,G,NGC
NGC 1496,NGC 1496,61.132875,52.661389,9.60,OCl,NGC
NGC 1497,NGC 1497,60.528417,23.132917,14.58,G,NGC
NGC 1498,NGC 1498,60.080417,-12.019722,0.00,OCl,NGC
NGC 1499,California Nebula,60.810083,36.367472,5.00,Neb,NGC
NGC 1500,NGC 1500,59.558208,-52.328167,14.84,G,NGC
NGC 1501,NGC 1501,61.747375,60.920694,11.50,PN,NGC
NGC 1502,NGC 1502,61.955417,62.331528,6.90,OCl,NGC
NGC 1503,NGC 1503,59.138500,-66.040667,14.41,G,NGC
NGC 1504,NGC 1504,60.623750,-9.335389,15.51,G,NGC
NGC 1505,NGC 1505,60.651667,-9.322417,14.74,G,NGC
NGC 1506,NGC 1506,60.089875,-52.573722,13.22,G,NGC
NGC 1507,NGC 1507,61.113375,-2.188583,12.41,G,NGC
NGC 1508,NGC 1508,61.448500,25.408472,15.22,G,NGC
NGC 1509,NGC 1509,60.980000,-11.179028,14.60,G,NGC
NGC 1510,NGC 1510,60.886000,-43.400111,13.02,G,NGC
NGC 1511,NGC 1511,59.904083,-67.634250,11.30,G,NGC
NGC 1511A,NGC 1511A,60.077500,-67.806944,14.28,G,NGC
NGC 1511B,NGC 1511B,60.227917,-67.611944,15.18,G,NGC
NGC 1512,NGC 1512,60.976167,-43.348861,10.37,G,NGC
NGC 1513,NGC 1513,62.477917,49.517278,8.40,OCl,NGC
NGC 1514,NGC 1514,62.320625,30.775917,10.19,PN,NGC
NGC 1515,NGC 1515,61.011333,-54.100056,10.99,G,NGC
NGC 1515A,NGC 1515A,60.957500,-54.113056,15.38,G,NGC
NGC 1516,NGC 1516,62.032083,-8.831389,0.00,GPair,NGC
NGC 1516A,NGC 1516A,62.030833,-8.829167,14.08,G,NGC
NGC 1516B,NGC 1516B,62.034625,-8.835722,15.00,G,NGC
NGC 1517,NGC 1517,62.299708,8.648806,14.25,G,NGC
NGC 1518,NGC 1518,61.707167,-21.172639,11.79,G,NGC
NGC 1519,NGC 1519,62.031667,-17.192889,12.96,G,NGC
NGC 1520,NGC 1520,59.379042,-76.833944,0.00,OCl,NGC
NGC 1521,NGC 1521,62.078875,-21.051972,11.57,G,NGC
NGC 1522,NGC 1522,61.533000,-52.668417,13.60,G,NGC
NGC 1523,NGC 1523,61.545917,-54.088306,0.00,Other,NGC
NGC 1524,NGC 1524,62.030833,-8.829167,0.00,Dup,NGC
NGC 1525,NGC 1525,62.034625,-8.835722,0.00,Dup,NGC
NGC 1526,NGC 1526,61.301250,-65.839806,14.60,G,NGC
NGC 1527,NGC 1527,62.100583,-47.897028,10.80,G,NGC
NGC 1528,NGC 1528,63.828625,51.211472,6.40,OCl,NGC
NGC 1529,NGC 1529,61.832833,-62.899306,14.40,G,NGC
NGC 1530,NGC 1530,65.862917,75.295583,11.70,G,NGC
NGC 1530A,NGC 1530A,71.118750,75.639750,12.43,G,NGC
NGC 1531,NGC 1531,62.997167,-32.850806,12.13,G,NGC
NGC 1532,NGC 1532,63.018042,-32.874222,10.13,G,NGC
NGC 1533,NGC 1533,62.466000,-56.118444,10.65,G,NGC
NGC 1534,NGC 1534,62.191958,-62.797583,13.77,G,NGC
NGC 1535,NGC 1535,63.565708,-12.739389,9.60,PN,NGC
NGC 1536,NGC 1536,62.749417,-56.480444,12.90,G,NGC
NGC 1537,NGC 1537,63.419625,-31.645417,10.72,G,NGC
NGC 1538,NGC 1538,63.733667,-13.191722,15.98,G,NGC
NGC 1539,NGC 1539,64.758167,26.827500,15.45,G,NGC
NGC 1540,NGC 1540,63.794417,-28.488472,15.05,G,NGC
NGC 1540A,NGC 1540A,63.791708,-28.482083,14.61,G,NGC
NGC 1541,NGC 1541,64.250958,0.835194,13.53,G,NGC
NGC 1542,NGC 1542,64.309083,4.781639,13.89,G,NGC
NGC 1543,NGC 1543,63.180208,-57.737972,10.17,G,NGC
NGC 1544,NGC 1544,75.650625,86.222333,14.07,G,NGC
NGC 1545,NGC 1545,65.234417,50.255333,6.20,OCl,NGC
NGC 1546,NGC 1546,63.652250,-56.060806,11.35,G,NGC
NGC 1547,NGC 1547,64.301708,-17.857472,14.39,G,NGC
NGC 1548,NGC 1548,65.329583,36.916333,0.00,OCl,NGC
NGC 1549,NGC 1549,63.938042,-55.592250,9.75,G,NGC
NGC 1550,NGC 1550,64.908042,2.409472,12.08,G,NGC
NGC 1551,NGC 1551,64.908042,2.409472,0.00,Dup,NGC
NGC 1552,NGC 1552,65.073667,-0.692722,14.35,G,NGC
NGC 1553,NGC 1553,64.043625,-55.780139,9.31,G,NGC
NGC 1554,NGC 1554,65.431458,19.520583,0.00,*,NGC
NGC 1555,Hind's Nebula,65.497625,19.535167,9.98,RfN,NGC
NGC 1556,NGC 1556,64.436792,-50.164444,13.06,G,NGC
NGC 1557,NGC 1557,63.296542,-70.424944,0.00,OCl,NGC
NGC 1558,NGC 1558,65.067417,-45.031472,13.29,G,NGC
NGC 1559,NGC 1559,64.399042,-62.783667,10.60,G,NGC
NGC 1560,NGC 1560,68.204542,71.883111,11.50,G,NGC
NGC 1561,NGC 1561,65.754500,-15.845667,14.81,G,NGC
NGC 1562,NGC 1562,65.448417,-15.755444,15.18,G,NGC
NGC 1563,NGC 1563,65.724792,-15.732639,15.65,G,NGC
NGC 1564,NGC 1564,65.753958,-15.738861,15.62,G,NGC
NGC 1565,NGC 1565,65.847708,-15.744333,14.69,G,NGC
NGC 1566,NGC 1566,65.001750,-54.937806,9.73,G,NGC
NGC 1567,NGC 1567,65.286458,-48.254778,13.46,G,NGC
NGC 1568,NGC 1568,66.105583,-0.746222,14.82,G,NGC
NGC 1569,NGC 1569,67.704417,64.847944,11.11,G,NGC
NGC 1570,NGC 1570,65.537250,-43.629556,14.00,G,NGC
NGC 1571,NGC 1571,65.537250,-43.629556,0.00,Dup,NGC
NGC 1572,NGC 1572,65.678375,-40.600917,12.47,G,NGC
NGC 1573,NGC 1573,68.766625,73.262417,11.79,G,NGC
NGC 1574,NGC 1574,65.495083,-56.974750,10.24,G,NGC
NGC 1575,NGC 1575,66.585625,-10.098444,13.43,G,NGC
NGC 1576,NGC 1576,66.578417,-3.621083,14.34,G,NGC
NGC 1577,NGC 1577,66.585625,-10.098444,0.00,Dup,NGC
NGC 1578,NGC 1578,65.944375,-51.599444,13.11,G,NGC
NGC 1579,NGC 1579,67.557500,35.269444,0.00,Cl+N,NGC
NGC 1580,NGC 1580,67.077000,-5.178778,14.35,G,NGC
NGC 1581,NGC 1581,66.187333,-54.942000,12.80,G,NGC
NGC 1582,NGC 1582,67.944958,43.784833,7.00,OCl,NGC
NGC 1583,NGC 1583,67.086375,-17.595444,14.69,G,NGC
NGC 1584,NGC 1584,67.042750,-17.523361,14.98,G,NGC
NGC 1585,NGC 1585,66.887542,-42.165222,14.23,G,NGC
NGC 1586,NGC 1586,67.659292,-0.304167,14.21,G,NGC
NGC 1587,NGC 1587,67.666417,0.661583,11.70,G,NGC
NGC 1588,NGC 1588,67.682375,0.664722,12.91,G,NGC
NGC 1589,NGC 1589,67.689333,0.863667,11.81,G,NGC
NGC 1590,NGC 1590,67.792583,7.630889,13.69,G,NGC
NGC 1591,NGC 1591,67.377292,-26.713111,13.69,G,NGC
NGC 1592,NGC 1592,67.417208,-27.408528,14.09,G,NGC
NGC 1593,NGC 1593,68.025500,0.567361,14.74,G,NGC
NGC 1594,NGC 1594,67.714958,-5.798278,13.73,G,NGC
NGC 1595,NGC 1595,67.090667,-47.815889,12.71,G,NGC
NGC 1596,NGC 1596,66.908792,-55.027806,11.14,G,NGC
NGC 1597,NGC 1597,67.806083,-11.290417,15.00,G,NGC
NGC 1598,NGC 1598,67.140292,-47.782556,13.30,G,NGC
NGC 1599,NGC 1599,67.911417,-4.588333,13.73,G,NGC
NGC 1600,NGC 1600,67.916417,-5.086250,10.97,G,NGC
NGC 1601,NGC 1601,67.923875,-5.060361,13.84,G,NGC
NGC 1602,NGC 1602,66.979042,-55.057722,13.06,G,NGC
NGC 1603,NGC 1603,67.958125,-5.094417,13.80,G,NGC
NGC 1604,NGC 1604,67.994042,-5.369944,14.84,G,NGC
NGC 1605,NGC 1605,68.717833,45.271389,10.70,OCl,NGC
NGC 1606,NGC 1606,68.013917,-5.032444,16.54,G,NGC
NGC 1607,NGC 1607,68.012875,-4.459944,15.00,G,NGC
NGC 1608,NGC 1608,68.025500,0.567361,0.00,Dup,NGC
NGC 1609,NGC 1609,68.187833,-4.372417,14.65,G,NGC
NGC 1610,NGC 1610,68.557792,-4.699750,16.17,G,NGC
NGC 1611,NGC 1611,68.274833,-4.297444,14.40,G,NGC
NGC 1612,NGC 1612,68.304708,-4.172417,15.23,G,NGC
NGC 1613,NGC 1613,68.355542,-4.265417,14.79,G,NGC
NGC 1614,NGC 1614,68.499375,-8.578889,12.90,G,NGC
NGC 1615,NGC 1615,69.004333,19.950333,12.01,G,NGC
NGC 1616,NGC 1616,68.173875,-43.715889,12.64,G,NGC
NGC 1617,NGC 1617,67.914708,-54.602278,10.37,G,NGC
NGC 1618,NGC 1618,69.027500,-3.148750,12.72,G,NGC
NGC 1619,NGC 1619,68.557792,-4.699750,0.00,Dup,NGC
NGC 1620,NGC 1620,69.155625,-0.143611,12.08,G,NGC
NGC 1621,NGC 1621,69.104417,-4.987306,14.83,G,NGC
NGC 1622,NGC 1622,69.152667,-3.188833,12.53,G,NGC
NGC 1623,NGC 1623,68.885042,-13.556444,16.63,G,NGC
NGC 1624,NGC 1624,70.152083,50.461667,11.80,Cl+N,NGC
NGC 1625,NGC 1625,69.276083,-3.303500,12.40,G,NGC
NGC 1626,NGC 1626,69.104417,-4.987306,0.00,Dup,NGC
NGC 1627,NGC 1627,69.408333,-4.887472,13.53,G,NGC
NGC 1628,NGC 1628,69.401083,-4.714833,14.24,G,NGC
NGC 1629,NGC 1629,67.403792,-71.838278,12.68,GCl,NGC
NGC 1630,NGC 1630,69.314500,-18.901528,15.19,G,NGC
NGC 1631,NGC 1631,69.600708,-20.649861,14.29,G,NGC
NGC 1632,NGC 1632,69.994083,-9.456222,15.28,G,NGC
NGC 1633,NGC 1633,70.037958,7.349444,14.54,G,NGC
NGC 1634,NGC 1634,70.040750,7.338778,14.96,G,NGC
NGC 1635,NGC 1635,70.032833,-0.547528,13.42,G,NGC
NGC 1636,NGC 1636,70.167500,-8.607750,13.93,G,NGC
NGC 1637,NGC 1637,70.367417,-2.857972,10.85,G,NGC
NGC 1638,NGC 1638,70.402125,-1.809028,12.24,G,NGC
NGC 1639,NGC 1639,70.217542,-16.990861,0.00,Other,NGC
NGC 1640,NGC 1640,70.560500,-20.434778,11.69,G,NGC
NGC 1641,NGC 1641,68.895500,-65.762889,0.00,OCl,NGC
NGC 1642,NGC 1642,70.728792,0.618583,12.62,G,NGC
NGC 1643,NGC 1643,70.933125,-5.319444,14.08,G,NGC
NGC 1644,NGC 1644,69.417042,-66.199083,12.89,GCl,NGC
NGC 1645,NGC 1645,71.026583,-5.465611,14.00,G,NGC
NGC 1646,NGC 1646,71.098333,-8.532778,13.64,G,NGC
NGC 1647,NGC 1647,71.481542,19.095111,6.40,OCl,NGC
NGC 1648,NGC 1648,71.145000,-8.478861,15.56,G,NGC
NGC 1649,NGC 1649,69.595208,-68.672917,13.13,GCl,NGC
NGC 1650,NGC 1650,71.297958,-15.870028,12.91,G,NGC
NGC 1651,NGC 1651,69.384458,-70.585861,12.28,GCl,NGC
NGC 1652,NGC 1652,69.595208,-68.672917,0.00,Dup,NGC
NGC 1653,NGC 1653,71.447292,-2.392833,11.97,G,NGC
NGC 1654,NGC 1654,71.451875,-2.083889,14.36,G,NGC
NGC 1655,NGC 1655,71.799583,20.923667,0.00,Other,NGC
NGC 1656,NGC 1656,71.472458,-5.136722,14.50,G,NGC
NGC 1657,NGC 1657,71.530250,-2.077278,14.94,G,NGC
NGC 1658,NGC 1658,71.005667,-41.463417,14.35,G,NGC
NGC 1659,NGC 1659,71.624792,-4.788778,12.54,G,NGC
NGC 1660,NGC 1660,71.047542,-41.497583,14.87,G,NGC
NGC 1661,NGC 1661,71.781833,-2.054583,14.24,G,NGC
NGC 1662,NGC 1662,72.120625,10.930389,6.40,OCl,NGC
NGC 1663,NGC 1663,72.348083,13.151056,14.54,OCl,NGC
NGC 1664,NGC 1664,72.772625,43.676167,7.60,OCl,NGC
NGC 1665,NGC 1665,72.071125,-5.427611,14.06,G,NGC
NGC 1666,NGC 1666,72.136833,-6.569972,12.70,G,NGC
NGC 1667,NGC 1667,72.154750,-6.319972,12.15,G,NGC
NGC 1668,NGC 1668,71.524708,-44.733361,13.77,G,NGC
NGC 1669,NGC 1669,70.749583,-65.814333,14.89,G,NGC
NGC 1670,NGC 1670,72.427583,-2.760500,13.95,G,NGC
NGC 1671,NGC 1671,72.391792,0.252861,12.88,G,NGC
NGC 1672,NGC 1672,71.427083,-59.247194,10.16,G,NGC
NGC 1673,NGC 1673,70.665167,-69.821250,14.07,OCl,NGC
NGC 1674,NGC 1674,73.104042,23.907667,0.00,Other,NGC
NGC 1675,NGC 1675,73.104042,23.907667,0.00,Other,NGC
NGC 1676,NGC 1676,70.975708,-68.827583,0.00,OCl,NGC
NGC 1677,NGC 1677,72.716958,-4.892722,14.99,G,NGC
NGC 1678,NGC 1678,72.897667,-2.623139,14.28,G,NGC
NGC 1679,NGC 1679,72.477667,-31.964667,11.62,G,NGC
NGC 1680,NGC 1680,72.141708,-47.816444,14.46,G,NGC
NGC 1681,NGC 1681,72.958583,-5.803222,13.40,G,NGC
NGC 1682,NGC 1682,73.082458,-3.105861,14.44,G,NGC
NGC 1683,NGC 1683,73.073333,-3.024639,15.98,G,NGC
NGC 1684,NGC 1684,73.129792,-3.106056,13.00,G,NGC
NGC 1685,NGC 1685,73.142625,-2.949333,15.18,G,NGC
NGC 1686,NGC 1686,73.227750,-15.346472,14.48,G,NGC
NGC 1687,NGC 1687,72.839042,-33.939028,14.73,G,NGC
NGC 1688,NGC 1688,72.099125,-59.800333,11.85,G,NGC
NGC 1689,NGC 1689,72.154750,-6.319972,0.00,Dup,NGC
NGC 1690,NGC 1690,73.580250,1.640361,14.94,G,NGC
NGC 1691,NGC 1691,73.659750,3.267972,13.12,G,NGC
NGC 1692,NGC 1692,73.848875,-20.571167,13.02,G,NGC
NGC 1693,NGC 1693,71.911542,-69.343639,12.89,GCl,NGC
NGC 1694,NGC 1694,73.820083,-4.652667,15.01,G,NGC
NGC 1695,NGC 1695,71.935333,-69.373750,12.16,GCl,NGC
NGC 1696,NGC 1696,72.124875,-68.242861,13.95,OCl,NGC
NGC 1697,NGC 1697,72.149208,-68.558444,12.62,GCl,NGC
NGC 1698,NGC 1698,72.271042,-69.115083,12.07,GCl,NGC
NGC 1699,NGC 1699,74.248458,-4.756861,15.00,G,NGC
NGC 1700,NGC 1700,74.234625,-4.865778,11.16,G,NGC
NGC 1701,NGC 1701,73.963042,-29.883444,13.64,G,NGC
NGC 1702,NGC 1702,72.365333,-69.850778,12.50,OCl,NGC
NGC 1703,NGC 1703,73.217292,-59.742250,11.69,G,NGC
NGC 1704,NGC 1704,72.481083,-69.756306,11.50,OCl,NGC
NGC 1705,NGC 1705,73.556250,-53.361056,12.46,G,NGC
NGC 1706,NGC 1706,73.129250,-62.985778,12.64,G,NGC
NGC 1707,NGC 1707,74.585875,8.238361,0.00,Other,NGC
NGC 1708,NGC 1708,75.841167,52.832083,0.00,OCl,NGC
NGC 1709,NGC 1709,74.683458,-0.478250,15.03,G,NGC
NGC 1710,NGC 1710,74.321125,-15.289000,14.50,G,NGC
NGC 1711,NGC 1711,72.650542,-69.985444,11.10,GCl,NGC
NGC 1712,NGC 1712,72.743458,-69.407500,0.00,*Ass,NGC
NGC 1713,NGC 1713,74.727542,-0.488917,12.71,G,NGC
NGC 1714,NGC 1714,73.036875,-66.923389,11.61,Cl+N,NGC
NGC 1715,NGC 1715,73.043667,-66.908694,0.00,EmN,NGC
NGC 1716,NGC 1716,74.555500,-20.363583,13.94,G,NGC
NGC 1717,NGC 1717,74.631083,-0.574667,15.62,G,NGC
NGC 1718,NGC 1718,73.105792,-67.050667,12.25,OCl,NGC
NGC 1719,NGC 1719,74.894292,-0.260417,14.44,G,NGC
NGC 1720,NGC 1720,74.835958,-7.858972,13.00,G,NGC
NGC 1721,NGC 1721,74.822500,-11.118722,13.82,G,NGC
NGC 1722,NGC 1722,73.002500,-69.375000,0.00,Cl+N,NGC
NGC 1723,NGC 1723,74.857875,-10.980694,12.03,G,NGC
NGC 1724,NGC 1724,75.884667,49.491778,0.00,OCl,NGC
NGC 1725,NGC 1725,74.845375,-11.132306,13.82,G,NGC
NGC 1726,NGC 1726,74.924583,-7.755250,11.65,G,NGC
NGC 1727,NGC 1727,73.053208,-69.338917,0.00,Cl+N,NGC
NGC 1728,NGC 1728,74.865542,-11.122944,13.00,G,NGC
NGC 1729,NGC 1729,75.065375,-3.352500,13.20,G,NGC
NGC 1730,NGC 1730,74.882625,-15.823639,13.22,G,NGC
NGC 1731,NGC 1731,73.383708,-66.925278,0.00,*Ass,NGC
NGC 1732,NGC 1732,73.294125,-68.650000,12.30,OCl,NGC
NGC 1733,NGC 1733,73.519792,-66.682583,13.31,OCl,NGC
NGC 1734,NGC 1734,73.389542,-68.768778,13.10,OCl,NGC
NGC 1735,NGC 1735,73.581917,-67.099556,10.76,OCl,NGC
NGC 1736,NGC 1736,73.256458,-68.053111,15.50,EmN,NGC
NGC 1737,NGC 1737,73.498792,-69.174556,0.00,HII,NGC
NGC 1738,NGC 1738,75.444583,-18.157056,13.71,G,NGC
NGC 1739,NGC 1739,75.447250,-18.166806,14.25,G,NGC
NGC 1740,NGC 1740,75.478333,-3.296333,14.04,G,NGC
NGC 1741,NGC 1741,75.409583,-4.257000,15.52,G,NGC
NGC 1741B,NGC 1741B,75.400833,-4.261944,15.22,G,NGC
NGC 1742,NGC 1742,75.497208,-3.294972,0.00,*,NGC
NGC 1743,NGC 1743,73.511125,-69.198611,11.26,Neb,NGC
NGC 1744,NGC 1744,74.990833,-26.022222,11.50,G,NGC
NGC 1745,NGC 1745,73.585917,-69.158889,13.40,Neb,NGC
NGC 1746,NGC 1746,75.959125,23.767639,6.10,OCl,NGC
NGC 1747,NGC 1747,73.795750,-67.168889,9.37,OCl,NGC
NGC 1748,NGC 1748,73.608208,-69.184111,12.30,Neb,NGC
NGC 1749,NGC 1749,73.733583,-68.188667,13.56,OCl,NGC
NGC 1750,NGC 1750,76.000125,23.645778,0.00,OCl,NGC
NGC 1751,NGC 1751,73.552417,-69.805833,11.73,GCl,NGC
NGC 1752,NGC 1752,75.539542,-8.240861,12.40,G,NGC
NGC 1753,NGC 1753,75.634750,-3.344333,14.77,G,NGC
NGC 1754,NGC 1754,73.578958,-70.442472,11.57,GCl,NGC
NGC 1755,NGC 1755,73.811958,-68.204056,9.85,GCl,NGC
NGC 1756,NGC 1756,73.707625,-69.237639,12.24,GCl,NGC
NGC 1757,NGC 1757,75.664000,-4.722944,0.00,Other,NGC
NGC 1758,NGC 1758,76.176000,23.781639,0.00,OCl,NGC
NGC 1759,NGC 1759,75.204333,-38.673889,14.12,G,NGC
NGC 1760,NGC 1760,74.184875,-66.527333,0.00,HII,NGC
NGC 1761,NGC 1761,74.157208,-66.478861,9.94,*Ass,NGC
NGC 1762,NGC 1762,75.904292,1.573333,12.60,G,NGC
NGC 1763,NGC 1763,74.204958,-66.409083,9.40,Cl+N,NGC
NGC 1764,NGC 1764,74.115500,-67.693750,12.58,OCl,NGC
NGC 1765,NGC 1765,74.600667,-62.028389,13.95,G,NGC
NGC 1766,NGC 1766,73.990000,-70.225056,12.22,OCl,NGC
NGC 1767,NGC 1767,74.113750,-69.400556,10.61,OCl,NGC
NGC 1768,NGC 1768,74.250667,-68.249444,12.79,OCl,NGC
NGC 1769,NGC 1769,74.447375,-66.469083,0.00,EmN,NGC
NGC 1770,NGC 1770,74.315458,-68.418083,0.00,Cl+N,NGC
NGC 1771,NGC 1771,74.732167,-63.298222,13.43,G,NGC
NGC 1772,NGC 1772,74.219958,-69.556056,10.97,OCl,NGC
NGC 1773,NGC 1773,74.550125,-66.360111,0.00,Neb,NGC
NGC 1774,NGC 1774,74.528667,-67.242333,10.76,OCl,NGC
NGC 1775,NGC 1775,74.228250,-70.432000,12.55,OCl,NGC
NGC 1776,NGC 1776,74.665500,-66.429583,13.01,OCl,NGC
NGC 1777,NGC 1777,73.948583,-74.285361,12.80,GCl,NGC
NGC 1778,NGC 1778,77.023750,37.022833,7.70,OCl,NGC
NGC 1779,NGC 1779,76.325292,-9.147139,12.10,G,NGC
NGC 1780,NGC 1780,76.586292,-19.466667,14.74,G,NGC
NGC 1781,NGC 1781,76.979292,-18.189917,13.72,G,NGC
NGC 1782,NGC 1782,74.462875,-69.392194,10.50,OCl,NGC
NGC 1783,NGC 1783,74.786708,-65.987278,10.93,GCl,NGC
NGC 1784,NGC 1784,76.362917,-11.871528,11.60,G,NGC
NGC 1785,NGC 1785,74.687333,-68.824861,0.00,*Ass,NGC
NGC 1786,NGC 1786,74.782583,-67.745222,10.10,GCl,NGC
NGC 1787,NGC 1787,75.435042,-65.823306,10.92,OCl,NGC
NGC 1788,NGC 1788,76.721750,-3.340972,5.80,RfN,NGC
NGC 1789,NGC 1789,74.465333,-71.901972,13.06,GCl,NGC
NGC 1790,NGC 1790,77.734250,52.059806,0.00,OCl,NGC
NGC 1791,NGC 1791,74.777000,-70.168750,13.12,OCl,NGC
NGC 1792,NGC 1792,76.310208,-37.980750,10.16,G,NGC
NGC 1793,NGC 1793,74.909208,-69.557639,12.41,OCl,NGC
NGC 1794,NGC 1794,76.979292,-18.189917,0.00,Dup,NGC
NGC 1795,NGC 1795,74.945417,-69.801167,12.42,OCl,NGC
NGC 1796,NGC 1796,75.677292,-61.140056,12.43,G,NGC
NGC 1796A,NGC 1796A,76.262500,-61.484444,14.88,G,NGC
NGC 1796B,NGC 1796B,76.978750,-61.191111,15.77,G,NGC
NGC 1797,NGC 1797,76.937000,-8.019083,14.42,G,NGC
NGC 1798,NGC 1798,77.913833,47.695500,0.00,OCl,NGC
NGC 1799,NGC 1799,76.935917,-7.969278,15.00,G,NGC
NGC 1800,NGC 1800,76.607167,-31.954222,12.58,G,NGC
NGC 1801,NGC 1801,75.143792,-69.613750,12.16,GCl,NGC
NGC 1802,NGC 1802,77.553625,24.125139,0.00,OCl,NGC
NGC 1803,NGC 1803,76.360750,-49.567944,12.86,G,NGC
NGC 1804,NGC 1804,75.263583,-69.082583,11.87,OCl,NGC
NGC 1805,NGC 1805,75.588833,-66.112250,0.00,GCl,NGC
NGC 1806,NGC 1806,75.551542,-67.985750,11.10,GCl,NGC
NGC 1807,NGC 1807,77.687625,16.512750,7.00,OCl,NGC
NGC 1808,NGC 1808,76.926417,-37.513056,10.21,G,NGC
NGC 1809,NGC 1809,75.520875,-69.568278,12.34,G,NGC
NGC 1810,NGC 1810,75.846958,-66.381806,11.90,OCl,NGC
NGC 1811,NGC 1811,77.178083,-29.275972,14.48,G,NGC
NGC 1812,NGC 1812,77.220458,-29.251250,13.70,G,NGC
NGC 1813,NGC 1813,75.667833,-70.317944,12.76,OCl,NGC
NGC 1814,NGC 1814,75.943583,-67.300667,12.76,Cl+N,NGC
NGC 1815,NGC 1815,75.613542,-70.621056,12.41,OCl,NGC
NGC 1816,NGC 1816,75.961458,-67.260750,13.02,OCl,NGC
NGC 1817,NGC 1817,78.109458,16.684083,7.70,OCl,NGC
NGC 1818,NGC 1818,76.061500,-66.434500,9.70,GCl,NGC
NGC 1819,NGC 1819,77.942250,5.200611,13.66,G,NGC
NGC 1820,NGC 1820,76.007000,-67.265944,11.50,OCl,NGC
NGC 1821,NGC 1821,77.942083,-15.134639,13.92,G,NGC
NGC 1822,NGC 1822,76.288333,-66.210556,13.15,OCl,NGC
NGC 1823,NGC 1823,75.854000,-70.335500,12.09,OCl,NGC
NGC 1824,NGC 1824,76.734167,-59.723972,12.57,G,NGC
NGC 1825,NGC 1825,76.079333,-68.926417,12.04,OCl,NGC
NGC 1826,NGC 1826,76.388708,-66.229750,13.25,OCl,NGC
NGC 1827,NGC 1827,77.519167,-36.960250,13.24,G,NGC
NGC 1828,NGC 1828,76.087000,-69.388167,12.52,OCl,NGC
NGC 1829,NGC 1829,76.250000,-68.059250,0.00,Cl+N,NGC
NGC 1830,NGC 1830,76.159458,-69.340167,12.56,OCl,NGC
NGC 1831,NGC 1831,76.569667,-64.917500,11.18,GCl,NGC
NGC 1832,NGC 1832,78.013875,-15.687806,11.54,G,NGC
NGC 1833,NGC 1833,76.102125,-70.728056,0.00,Cl+N,NGC
NGC 1834,NGC 1834,76.297417,-69.207472,11.82,OCl,NGC
NGC 1835,NGC 1835,76.277417,-69.403861,10.60,GCl,NGC
NGC 1836,NGC 1836,76.393417,-68.627889,12.22,OCl,NGC
NGC 1837,NGC 1837,76.232500,-70.714000,12.27,OCl,NGC
NGC 1838,NGC 1838,76.532833,-68.445194,12.93,OCl,NGC
NGC 1839,NGC 1839,76.509792,-68.626778,11.80,OCl,NGC
NGC 1840,NGC 1840,76.329833,-71.762889,0.00,OCl,NGC
NGC 1841,NGC 1841,71.347292,-83.999056,11.43,GCl,NGC
NGC 1842,NGC 1842,76.825417,-67.273167,14.02,OCl,NGC
NGC 1843,NGC 1843,78.525083,-10.627028,13.28,G,NGC
NGC 1844,NGC 1844,76.877833,-67.323417,12.08,OCl,NGC
NGC 1845,NGC 1845,76.437542,-70.581611,10.20,*Ass,NGC
NGC 1846,NGC 1846,76.891417,-67.461472,11.31,GCl,NGC
NGC 1847,NGC 1847,76.784000,-68.971444,12.47,OCl,NGC
NGC 1848,NGC 1848,76.863167,-71.195361,9.73,OCl,NGC
NGC 1849,NGC 1849,77.395042,-66.315806,12.77,OCl,NGC
NGC 1850,NGC 1850,77.186375,-68.761667,8.96,GCl,NGC
NGC 1851,NGC 1851,78.528042,-40.046611,7.23,GCl,NGC
NGC 1852,NGC 1852,77.349125,-67.776250,12.01,GCl,NGC
NGC 1853,NGC 1853,78.068833,-57.399028,13.59,G,NGC
NGC 1854,NGC 1854,77.332875,-68.847361,10.39,GCl,NGC
NGC 1855,NGC 1855,77.320458,-68.845639,0.00,*Ass,NGC
NGC 1856,NGC 1856,77.372375,-69.127583,10.06,GCl,NGC
NGC 1857,NGC 1857,80.023167,39.343611,7.00,OCl,NGC
NGC 1858,NGC 1858,77.466417,-68.891250,9.88,Cl+N,NGC
NGC 1859,NGC 1859,77.882458,-65.249722,12.26,OCl,NGC
NGC 1860,NGC 1860,77.664625,-68.752250,11.04,OCl,NGC
NGC 1861,NGC 1861,77.592250,-70.777111,13.16,OCl,NGC
NGC 1862,NGC 1862,78.143917,-66.154361,13.33,OCl,NGC
NGC 1863,NGC 1863,77.914917,-68.726778,0.00,OCl,NGC
NGC 1864,NGC 1864,78.169167,-67.621250,12.86,OCl,NGC
NGC 1865,NGC 1865,78.104500,-68.771028,12.91,OCl,NGC
NGC 1866,NGC 1866,78.412917,-65.465583,9.73,GCl,NGC
NGC 1867,NGC 1867,78.426083,-66.291944,13.35,OCl,NGC
NGC 1868,NGC 1868,78.651250,-63.954500,11.57,GCl,NGC
NGC 1869,NGC 1869,78.484667,-67.379389,0.00,Cl+N,NGC
NGC 1870,NGC 1870,78.291250,-69.116944,11.26,GCl,NGC
NGC 1871,NGC 1871,78.465667,-67.452639,10.09,Cl+N,NGC
NGC 1872,NGC 1872,78.294875,-69.311583,11.04,GCl,NGC
NGC 1873,NGC 1873,78.481958,-67.334361,10.44,Cl+N,NGC
NGC 1874,NGC 1874,78.298583,-69.376222,12.81,Cl+N,NGC
NGC 1875,NGC 1875,80.440667,6.688861,14.63,G,NGC
NGC 1876,NGC 1876,78.327625,-69.362139,11.71,Cl+N,NGC
NGC 1877,NGC 1877,78.411833,-69.383778,12.00,Neb,NGC
NGC 1878,NGC 1878,78.212125,-70.471694,12.94,OCl,NGC
NGC 1879,NGC 1879,79.950958,-32.142750,12.79,G,NGC
NGC 1880,NGC 1880,78.354917,-69.379444,12.81,HII,NGC
NGC 1881,NGC 1881,78.404875,-69.299167,0.00,OCl,NGC
NGC 1882,NGC 1882,78.888875,-66.129556,12.33,OCl,NGC
NGC 1883,NGC 1883,81.475833,46.490139,12.00,OCl,NGC
NGC 1884,NGC 1884,78.991833,-66.163389,0.00,Other,NGC
NGC 1885,NGC 1885,78.774417,-68.977556,11.97,OCl,NGC
NGC 1886,NGC 1886,80.450625,-23.810139,13.60,G,NGC
NGC 1887,NGC 1887,79.024708,-66.318556,12.72,OCl,NGC
NGC 1888,NGC 1888,80.643542,-11.499528,11.92,G,NGC
NGC 1889,NGC 1889,80.647083,-11.496944,14.09,G,NGC
NGC 1890,NGC 1890,78.440958,-72.077972,12.81,OCl,NGC
NGC 1891,NGC 1891,80.434250,-35.789306,0.00,OCl,NGC
NGC 1892,NGC 1892,79.287708,-64.959750,12.29,G,NGC
NGC 1893,NGC 1893,80.683917,33.412028,7.50,OCl,NGC
NGC 1894,NGC 1894,78.963625,-69.468528,12.16,OCl,NGC
NGC 1895,NGC 1895,79.214958,-67.329583,12.93,Neb,NGC
NGC 1896,NGC 1896,81.394500,29.260222,0.00,OCl,NGC
NGC 1897,NGC 1897,79.380333,-67.451000,13.49,OCl,NGC
NGC 1898,NGC 1898,79.176583,-69.656222,11.86,OCl,NGC
NGC 1899,NGC 1899,79.452792,-67.900722,0.00,HII,NGC
NGC 1900,NGC 1900,79.789083,-63.023694,13.59,OCl,NGC
NGC 1901,NGC 1901,79.563167,-68.436306,0.00,OCl,NGC
NGC 1902,NGC 1902,79.579750,-66.627417,11.77,OCl,NGC
NGC 1903,NGC 1903,79.342917,-69.335306,11.86,GCl,NGC
NGC 1904,NGC 1904,81.044125,-24.524222,8.16,GCl,NGC
NGC 1905,NGC 1905,79.598792,-67.278167,13.21,OCl,NGC
NGC 1906,NGC 1906,81.196250,-15.943306,14.11,G,NGC
NGC 1907,NGC 1907,82.018958,35.325667,8.20,OCl,NGC
NGC 1908,NGC 1908,81.474167,-2.528889,0.00,Other,NGC
NGC 1909,the Witch Head Nebula,76.231000,-7.265639,0.00,RfN,NGC
NGC 1910,NGC 1910,79.679458,-69.231917,9.65,Cl+N,NGC
NGC 1911,NGC 1911,79.862000,-66.684250,0.00,OCl,NGC
NGC 1912,NGC 1912,82.177042,35.854917,6.40,OCl,NGC
NGC 1913,NGC 1913,79.580375,-69.536472,11.14,OCl,NGC
NGC 1914,NGC 1914,79.415667,-71.255861,12.01,Cl+N,NGC
NGC 1915,NGC 1915,79.926000,-66.821528,0.00,*Ass,NGC
NGC 1916,NGC 1916,79.651958,-69.406806,10.38,GCl,NGC
NGC 1917,NGC 1917,79.758208,-68.998972,12.33,GCl,NGC
NGC 1918,NGC 1918,79.779125,-69.662444,0.00,SNR,NGC
NGC 1919,NGC 1919,80.079375,-66.891139,0.00,Neb,NGC
NGC 1920,NGC 1920,80.139583,-66.778722,12.54,HII,NGC
NGC 1921,NGC 1921,79.844792,-69.787750,12.95,OCl,NGC
NGC 1922,NGC 1922,79.953833,-69.448250,11.51,OCl,NGC
NGC 1923,NGC 1923,80.391917,-65.486722,11.24,Cl+N,NGC
NGC 1924,NGC 1924,82.008042,-5.310750,12.53,G,NGC
NGC 1925,NGC 1925,80.433167,-65.793611,0.00,*Ass,NGC
NGC 1926,NGC 1926,80.147625,-69.525278,11.79,GCl,NGC
NGC 1927,NGC 1927,82.179083,-8.377333,0.00,Other,NGC
NGC 1928,NGC 1928,80.235417,-69.477944,12.47,OCl,NGC
NGC 1929,NGC 1929,80.400125,-67.912056,14.00,OCl,NGC
NGC 1930,NGC 1930,81.486667,-46.728472,12.37,G,NGC
NGC 1931,NGC 1931,82.855625,34.246556,10.10,Cl+N,NGC
NGC 1932,NGC 1932,80.571833,-66.154333,13.80,*,NGC
NGC 1933,NGC 1933,80.613833,-66.152167,13.80,OCl,NGC
NGC 1934,NGC 1934,80.449542,-67.937167,10.50,Cl+N,NGC
NGC 1935,NGC 1935,80.494625,-67.957389,0.00,HII,NGC
NGC 1936,NGC 1936,80.558167,-67.978306,11.60,EmN,NGC
NGC 1937,NGC 1937,80.621500,-67.894667,0.00,*Ass,NGC
NGC 1938,NGC 1938,80.352958,-69.939389,13.09,GCl,NGC
NGC 1939,NGC 1939,80.360875,-69.949750,11.83,GCl,NGC
NGC 1940,NGC 1940,80.682250,-67.186556,11.91,GCl,NGC
NGC 1941,NGC 1941,80.782083,-66.378639,12.00,Cl+N,NGC
NGC 1942,NGC 1942,81.185583,-63.942111,13.46,OCl,NGC
NGC 1943,NGC 1943,80.619750,-70.154861,11.88,GCl,NGC
NGC 1944,NGC 1944,80.489292,-72.494083,11.84,GCl,NGC
NGC 1945,NGC 1945,81.229000,-66.457472,0.00,EmN,NGC
NGC 1946,NGC 1946,81.318250,-66.394556,12.62,OCl,NGC
NGC 1947,NGC 1947,81.698375,-63.760028,10.47,G,NGC
NGC 1948,NGC 1948,81.442667,-66.266806,10.61,Cl+N,NGC
NGC 1949,NGC 1949,81.270125,-68.472528,12.39,Neb,NGC
NGC 1950,NGC 1950,81.137458,-69.902306,13.17,OCl,NGC
NGC 1951,NGC 1951,81.528417,-66.597250,10.58,OCl,NGC
NGC 1952,Crab Nebula,83.633208,22.014472,8.40,SNR,NGC
NGC 1953,NGC 1953,81.365875,-68.838306,11.74,GCl,NGC
NGC 1954,NGC 1954,83.201375,-14.062778,12.04,G,NGC
NGC 1955,NGC 1955,81.541500,-67.497389,8.87,HII,NGC
NGC 1956,NGC 1956,79.897167,-77.728667,14.06,G,NGC
NGC 1957,NGC 1957,83.230000,-14.133139,14.84,G,NGC
NGC 1958,NGC 1958,81.377167,-69.836778,12.99,GCl,NGC
NGC 1959,NGC 1959,81.402625,-69.926917,12.17,OCl,NGC
NGC 1960,NGC 1960,84.073917,34.140750,6.00,OCl,NGC
NGC 1961,NGC 1961,85.519375,69.378444,11.54,G,NGC
NGC 1962,NGC 1962,81.573875,-68.837639,11.47,OCl,NGC
NGC 1963,NGC 1963,83.070125,-36.398639,0.00,OCl,NGC
NGC 1964,NGC 1964,83.340667,-21.945778,10.91,G,NGC
NGC 1965,NGC 1965,81.630250,-68.805472,11.70,OCl,NGC
NGC 1966,NGC 1966,81.691000,-68.819861,11.83,OCl,NGC
NGC 1967,NGC 1967,81.680458,-69.101528,10.81,OCl,NGC
NGC 1968,NGC 1968,81.842125,-67.463833,8.22,*Ass,NGC
NGC 1969,NGC 1969,81.634833,-69.841361,12.46,OCl,NGC
NGC 1970,NGC 1970,81.719458,-68.836667,10.28,OCl,NGC
NGC 1971,NGC 1971,81.688500,-69.851611,11.90,OCl,NGC
NGC 1972,NGC 1972,81.697333,-69.838333,12.62,OCl,NGC
NGC 1973,NGC 1973,83.769917,-4.731778,7.00,Neb,NGC
NGC 1974,NGC 1974,81.995917,-67.424139,10.30,OCl,NGC
NGC 1975,NGC 1975,83.824500,-4.685222,7.00,Neb,NGC
NGC 1976,Great Orion Nebula,83.818667,-5.389667,4.00,Cl+N,NGC
NGC 1977,the Running Man Nebula,83.815833,-4.844333,0.00,Cl+N,NGC
NGC 1978,NGC 1978,82.188042,-66.235917,10.70,GCl,NGC
NGC 1979,NGC 1979,83.504625,-23.310083,12.90,G,NGC
NGC 1980,Lower Sword,83.858292,-5.909889,2.50,Cl+N,NGC
NGC 1981,Upper Sword,83.789958,-4.425056,4.20,Cl+N,NGC
NGC 1982,Mairan's Nebula,83.880750,-5.267472,9.00,HII,NGC
NGC 1983,NGC 1983,81.934375,-68.986056,0.00,OCl,NGC
NGC 1984,NGC 1984,81.920458,-69.134333,9.99,OCl,NGC
NGC 1985,NGC 1985,84.449208,31.988833,12.70,RfN,NGC
NGC 1986,NGC 1986,81.908667,-69.973639,11.07,GCl,NGC
NGC 1987,NGC 1987,81.821458,-70.737361,12.10,GCl,NGC
NGC 1988,NGC 1988,84.360375,21.218250,0.00,*,NGC
NGC 1989,NGC 1989,83.597583,-30.801056,14.13,G,NGC
NGC 1990,Alnilam,84.053417,-1.201917,1.69,*,NGC
NGC 1991,NGC 1991,81.995917,-67.424139,0.00,Dup,NGC
NGC 1992,NGC 1992,83.632375,-30.897000,14.69,G,NGC
NGC 1993,NGC 1993,83.856542,-17.815306,13.63,G,NGC
NGC 1994,NGC 1994,82.090708,-69.141833,0.00,OCl,NGC
NGC 1995,NGC 1995,83.263917,-48.675139,0.00,**,NGC
NGC 1996,NGC 1996,84.578667,25.823167,0.00,OCl,NGC
NGC 1997,NGC 1997,82.644583,-63.199528,13.43,OCl,NGC
NGC 1998,NGC 1998,83.315667,-48.695611,15.19,G,NGC
NGC 1999,NGC 1999,84.105625,-6.715861,9.50,RfN,NGC
NGC 2000,NGC 2000,81.871833,-71.879389,12.14,OCl,NGC
NGC 2001,NGC 2001,82.258583,-68.769278,0.00,*Ass,NGC
NGC 2002,NGC 2002,82.586250,-66.885000,10.84,GCl,NGC
NGC 2003,NGC 2003,82.730000,-66.466556,11.30,GCl,NGC
NGC 2004,NGC 2004,82.678125,-67.286444,9.60,GCl,NGC
NGC 2005,NGC 2005,82.545208,-69.752417,11.57,GCl,NGC
NGC 2006,NGC 2006,82.837500,-66.965278,10.88,*Ass,NGC
NGC 2007,NGC 2007,83.746542,-50.921694,14.85,G,NGC
NGC 2008,NGC 2008,83.765875,-50.966778,14.00,G,NGC
NGC 2009,NGC 2009,82.746500,-69.181667,11.02,OCl,NGC
NGC 2010,NGC 2010,82.645542,-70.819667,11.72,OCl,NGC
NGC 2011,NGC 2011,83.084208,-67.523139,10.58,OCl,NGC
NGC 2012,NGC 2012,80.647292,-79.851806,12.97,G,NGC
NGC 2013,NGC 2013,86.006958,55.793583,0.00,OCl,NGC
NGC 2014,NGC 2014,83.082792,-67.689833,8.97,Neb,NGC
NGC 2015,NGC 2015,83.027042,-69.243028,10.43,*Ass,NGC
NGC 2016,NGC 2016,82.911750,-69.945861,0.00,OCl,NGC
NGC 2017,NGC 2017,84.817958,-17.848500,0.00,OCl,NGC
NGC 2018,NGC 2018,82.853708,-71.069056,10.89,HII,NGC
NGC 2019,NGC 2019,82.986083,-70.159583,10.86,GCl,NGC
NGC 2020,NGC 2020,83.302458,-67.715889,0.00,EmN,NGC
NGC 2021,NGC 2021,83.377792,-67.452889,12.06,OCl,NGC
NGC 2022,NGC 2022,85.525875,9.086528,11.60,PN,NGC
NGC 2023,NGC 2023,85.409958,-2.259028,0.00,RfN,NGC
NGC 2024,NGC 2024,85.427375,-1.856278,0.00,Neb,NGC
NGC 2025,NGC 2025,83.140167,-71.715500,10.94,OCl,NGC
NGC 2026,NGC 2026,85.792292,20.138889,0.00,OCl,NGC
NGC 2027,NGC 2027,83.748792,-66.916306,10.97,OCl,NGC
NGC 2028,NGC 2028,83.452375,-69.951806,12.88,OCl,NGC
NGC 2029,NGC 2029,83.919417,-66.035000,12.29,OCl,NGC
NGC 2030,NGC 2030,83.748917,-67.556361,12.29,HII,NGC
NGC 2031,NGC 2031,83.424250,-70.986778,10.83,GCl,NGC
NGC 2032,NGC 2032,83.835917,-67.568444,0.00,HII,NGC
NGC 2033,NGC 2033,83.627917,-69.780139,11.63,*Ass,NGC
NGC 2034,NGC 2034,83.886542,-66.903639,0.00,*Ass,NGC
NGC 2035,NGC 2035,83.880000,-67.584167,10.99,Neb,NGC
NGC 2036,NGC 2036,83.630792,-70.064361,12.77,OCl,NGC
NGC 2037,NGC 2037,83.752625,-69.731583,10.31,OCl,NGC
NGC 2038,NGC 2038,83.676125,-70.562944,11.92,OCl,NGC
NGC 2039,NGC 2039,86.003792,8.691056,0.00,Other,NGC
NGC 2040,NGC 2040,84.024708,-67.568556,11.47,Neb,NGC
NGC 2041,NGC 2041,84.116875,-66.989778,10.36,GCl,NGC
NGC 2042,NGC 2042,84.039917,-68.923444,9.58,OCl,NGC
NGC 2043,NGC 2043,83.988250,-70.074417,0.00,OCl,NGC
NGC 2044,NGC 2044,84.025750,-69.198667,10.59,*Ass,NGC
NGC 2045,NGC 2045,86.255417,12.888361,6.46,*,NGC
NGC 2046,NGC 2046,83.906375,-70.240694,12.64,OCl,NGC
NGC 2047,NGC 2047,83.970792,-70.192667,13.15,OCl,NGC
NGC 2048,NGC 2048,83.981625,-69.648528,12.17,EmN,NGC
NGC 2049,NGC 2049,85.813792,-30.078389,13.68,G,NGC
NGC 2050,NGC 2050,84.161750,-69.383528,9.25,*Ass,NGC
NGC 2051,NGC 2051,84.030583,-71.011389,11.69,OCl,NGC
NGC 2052,NGC 2052,84.296042,-69.774194,0.00,Neb,NGC
NGC 2053,NGC 2053,84.415417,-67.412917,12.18,OCl,NGC
NGC 2054,NGC 2054,86.314083,-10.083139,0.00,Other,NGC
NGC 2055,NGC 2055,84.186375,-69.498639,8.39,*Ass,NGC
NGC 2056,NGC 2056,84.141542,-70.671889,11.77,OCl,NGC
NGC 2057,NGC 2057,84.229750,-70.268944,12.17,OCl,NGC
NGC 2058,NGC 2058,84.225917,-70.162250,11.85,OCl,NGC
NGC 2059,NGC 2059,84.252292,-70.129028,12.85,OCl,NGC
NGC 2060,NGC 2060,84.445417,-69.171667,9.59,SNR,NGC
NGC 2061,NGC 2061,85.674042,-34.009528,0.00,OCl,NGC
NGC 2062,NGC 2062,85.011250,-66.875750,12.67,OCl,NGC
NGC 2063,NGC 2063,86.679292,8.781111,0.00,Other,NGC
NGC 2064,NGC 2064,86.576625,0.005944,0.00,RfN,NGC
NGC 2065,NGC 2065,84.410083,-70.236472,11.24,OCl,NGC
NGC 2066,NGC 2066,84.429667,-70.166556,13.10,OCl,NGC
NGC 2067,NGC 2067,86.632833,0.131250,0.00,RfN,NGC
NGC 2068,NGC 2068,86.690917,0.079306,8.00,RfN,NGC
NGC 2069,NGC 2069,84.693500,-68.974389,10.10,Neb,NGC
NGC 2070,30 Dor Cluster,84.676500,-69.100889,7.25,HII,NGC
NGC 2071,NGC 2071,86.780250,0.294250,8.00,Cl+N,NGC
NGC 2072,NGC 2072,84.601625,-70.234056,13.21,OCl,NGC
NGC 2073,NGC 2073,86.474625,-21.999139,13.45,G,NGC
NGC 2074,NGC 2074,84.764917,-69.498111,8.50,Cl+N,NGC
NGC 2075,NGC 2075,84.588958,-70.685028,11.47,Cl+N,NGC
NGC 2076,NGC 2076,86.697750,-16.782611,12.93,G,NGC
NGC 2077,NGC 2077,84.900083,-69.657111,11.71,Neb,NGC
NGC 2078,NGC 2078,84.914375,-69.743167,10.89,EmN,NGC
NGC 2079,NGC 2079,84.906667,-69.757194,11.81,HII,NGC
NGC 2080,NGC 2080,84.940917,-69.644111,10.42,HII,NGC
NGC 2081,NGC 2081,84.997458,-69.405889,0.00,Cl+N,NGC
NGC 2082,NGC 2082,85.463000,-64.301139,12.19,G,NGC
NGC 2083,NGC 2083,84.996750,-69.737583,10.83,Neb,NGC
NGC 2084,NGC 2084,85.029167,-69.759417,0.00,Neb,NGC
NGC 2085,NGC 2085,85.040958,-69.672806,12.06,Neb,NGC
NGC 2086,NGC 2086,85.053667,-69.667861,12.00,Neb,NGC
NGC 2087,NGC 2087,86.066792,-55.532444,14.70,G,NGC
NGC 2088,NGC 2088,85.249208,-68.465361,12.47,OCl,NGC
NGC 2089,NGC 2089,86.964292,-17.602389,12.94,G,NGC
NGC 2090,NGC 2090,86.757875,-34.250611,10.92,G,NGC
NGC 2091,NGC 2091,85.241833,-69.437083,12.07,OCl,NGC
NGC 2092,NGC 2092,85.341667,-69.224222,0.00,OCl,NGC
NGC 2093,NGC 2093,85.457250,-68.921417,11.57,*Ass,NGC
NGC 2094,NGC 2094,85.536875,-68.363778,12.80,OCl,NGC
NGC 2095,NGC 2095,85.650667,-67.318889,13.09,OCl,NGC
NGC 2096,NGC 2096,85.574167,-68.458611,11.31,OCl,NGC
NGC 2097,NGC 2097,86.066750,-62.785611,13.67,GCl,NGC
NGC 2098,NGC 2098,85.629292,-68.273167,10.73,OCl,NGC
NGC 2099,NGC 2099,88.076458,32.553000,5.60,OCl,NGC
NGC 2100,NGC 2100,85.537792,-69.211833,9.60,GCl,NGC
NGC 2101,NGC 2101,86.600708,-52.088528,13.27,G,NGC
NGC 2102,NGC 2102,85.585375,-69.487083,11.44,OCl,NGC
NGC 2103,NGC 2103,85.418125,-71.333139,10.82,HII,NGC
NGC 2104,NGC 2104,86.769708,-51.552917,12.73,G,NGC
NGC 2105,NGC 2105,86.079917,-66.917611,12.19,GCl,NGC
NGC 2106,NGC 2106,87.694292,-21.567250,13.13,G,NGC
NGC 2107,NGC 2107,85.803667,-70.639944,11.51,OCl,NGC
NGC 2108,NGC 2108,85.986958,-69.182111,12.32,GCl,NGC
NGC 2109,NGC 2109,86.095500,-68.547806,12.21,OCl,NGC
NGC 2110,NGC 2110,88.047417,-7.456222,13.51,G,NGC
NGC 2111,NGC 2111,86.137458,-70.993250,12.45,OCl,NGC
NGC 2112,NGC 2112,88.438375,0.410806,9.10,OCl,NGC
NGC 2113,NGC 2113,86.352375,-69.774167,0.00,Cl+N,NGC
NGC 2114,NGC 2114,86.550458,-68.048306,12.48,OCl,NGC
NGC 2115,NGC 2115,87.836250,-50.587500,0.00,GPair,NGC
NGC 2115A,NGC 2115A,87.832583,-50.582861,14.16,G,NGC
NGC 2115B,NGC 2115B,87.838375,-50.592500,16.06,G,NGC
NGC 2116,NGC 2116,86.813167,-68.507944,12.92,OCl,NGC
NGC 2117,NGC 2117,86.941333,-67.450167,11.65,OCl,NGC
NGC 2118,NGC 2118,86.914875,-69.131833,13.38,OCl,NGC
NGC 2119,NGC 2119,89.362292,11.949194,15.00,G,NGC
NGC 2120,NGC 2120,87.644208,-63.677611,12.67,GCl,NGC
NGC 2121,NGC 2121,87.053500,-71.479778,12.37,GCl,NGC
NGC 2122,NGC 2122,87.218792,-70.070083,10.43,Cl+N,NGC
NGC 2123,NGC 2123,87.930500,-65.321472,12.56,GCl,NGC
NGC 2124,NGC 2124,89.467625,-20.084639,13.45,G,NGC
NGC 2125,NGC 2125,87.725958,-69.479139,0.00,OCl,NGC
NGC 2126,NGC 2126,90.637417,49.865917,0.00,OCl,NGC
NGC 2127,NGC 2127,87.838667,-69.359056,11.64,OCl,NGC
NGC 2128,NGC 2128,91.142625,57.627750,13.66,G,NGC
NGC 2129,NGC 2129,90.277250,23.322167,6.70,OCl,NGC
NGC 2130,NGC 2130,88.098833,-67.334111,12.10,GCl,NGC
NGC 2131,NGC 2131,89.698000,-26.653000,14.60,G,NGC
NGC 2132,NGC 2132,88.934667,-59.927722,0.00,OCl,NGC
NGC 2133,NGC 2133,87.869667,-71.175028,12.04,OCl,NGC
NGC 2134,NGC 2134,87.990417,-71.097583,11.05,GCl,NGC
NGC 2135,NGC 2135,88.397625,-67.429528,12.05,GCl,NGC
NGC 2136,NGC 2136,88.240625,-69.492750,10.70,GCl,NGC
NGC 2137,NGC 2137,88.304792,-69.481972,12.66,OCl,NGC
NGC 2138,NGC 2138,88.709083,-65.837111,13.76,GCl,NGC
NGC 2139,NGC 2139,90.282542,-23.672639,11.66,G,NGC
NGC 2140,NGC 2140,88.567417,-68.599833,12.44,OCl,NGC
NGC 2141,NGC 2141,90.729417,10.446472,9.40,OCl,NGC
NGC 2142,NGC 2142,90.460125,-10.597944,4.94,*,NGC
NGC 2143,NGC 2143,90.756500,5.831278,0.00,OCl,NGC
NGC 2144,NGC 2144,85.238292,-82.119389,13.94,G,NGC
NGC 2145,NGC 2145,88.596083,-70.901028,12.07,OCl,NGC
NGC 2146,NGC 2146,94.657125,78.357028,10.69,G,NGC
NGC 2146A,NGC 2146A,95.980000,78.530111,12.89,G,NGC
NGC 2147,NGC 2147,88.940000,-68.201583,12.94,OCl,NGC
NGC 2148,NGC 2148,89.691042,-59.125944,14.60,G,NGC
NGC 2149,NGC 2149,90.878292,-9.730583,0.00,RfN,NGC
NGC 2150,NGC 2150,88.943083,-69.560806,13.03,G,NGC
NGC 2151,NGC 2151,89.085167,-69.017361,0.00,OCl,NGC
NGC 2152,NGC 2152,90.230375,-50.740917,14.76,G,NGC
NGC 2153,NGC 2153,89.465500,-66.400667,13.05,GCl,NGC
NGC 2154,NGC 2154,89.406208,-67.263778,11.79,GCl,NGC
NGC 2155,NGC 2155,89.638375,-65.476472,12.60,GCl,NGC
NGC 2156,NGC 2156,89.457000,-68.460806,11.38,GCl,NGC
NGC 2157,NGC 2157,89.394917,-69.197222,10.16,GCl,NGC
NGC 2158,NGC 2158,91.856708,24.096167,8.60,OCl,NGC
NGC 2159,NGC 2159,89.516167,-68.622917,11.38,GCl,NGC
NGC 2160,NGC 2160,89.553500,-68.289583,12.16,OCl,NGC
NGC 2161,NGC 2161,88.929417,-74.353944,12.95,GCl,NGC
NGC 2162,NGC 2162,90.125708,-63.721444,12.70,GCl,NGC
NGC 2163,NGC 2163,91.956417,18.657444,0.00,RfN,NGC
NGC 2164,NGC 2164,89.734417,-68.515889,10.34,GCl,NGC
NGC 2165,NGC 2165,92.767542,51.677306,0.00,OCl,NGC
NGC 2166,NGC 2166,89.892250,-67.942333,12.86,OCl,NGC
NGC 2167,NGC 2167,91.744000,-6.202639,6.58,*,NGC
NGC 2168,NGC 2168,92.271083,24.338639,5.10,OCl,NGC
NGC 2169,NGC 2169,92.101458,13.964861,5.90,OCl,NGC
NGC 2170,NGC 2170,91.882583,-6.399306,0.00,RfN,NGC
NGC 2171,NGC 2171,89.748500,-70.719111,0.00,Other,NGC
NGC 2172,NGC 2172,90.024333,-68.636917,11.75,OCl,NGC
NGC 2173,NGC 2173,89.495333,-72.974528,11.88,GCl,NGC
NGC 2174,Monkey Head Nebula,92.348417,20.659583,0.00,Neb,NGC
NGC 2175,NGC 2175,92.414792,20.487583,6.80,Cl+N,NGC
NGC 2176,NGC 2176,90.330750,-66.853250,0.00,OCl,NGC
NGC 2177,NGC 2177,90.318708,-67.733250,12.83,OCl,NGC
NGC 2178,NGC 2178,90.698250,-63.763694,13.65,G,NGC
NGC 2179,NGC 2179,92.009250,-21.746694,12.35,G,NGC
NGC 2180,NGC 2180,92.401042,4.711611,9.00,OCl,NGC
NGC 2181,NGC 2181,90.681917,-65.264861,13.64,GCl,NGC
NGC 2182,NGC 2182,92.378958,-6.326444,9.00,RfN,NGC
NGC 2183,NGC 2183,92.695542,-6.211833,15.15,HII,NGC
NGC 2184,NGC 2184,92.748625,-3.495167,0.00,OCl,NGC
NGC 2185,NGC 2185,92.751958,-6.226861,12.90,Neb,NGC
NGC 2186,NGC 2186,93.029708,5.458583,8.70,OCl,NGC
NGC 2187,NGC 2187,90.952083,-69.583333,0.00,GPair,NGC
NGC 2187A,NGC 2187A,90.934375,-69.588306,13.12,G,NGC
NGC 2187B,NGC 2187B,90.968417,-69.577444,13.29,G,NGC
NGC 2188,NGC 2188,92.539708,-34.106194,11.67,G,NGC
NGC 2189,NGC 2189,93.041625,1.065972,0.00,Other,NGC
NGC 2190,NGC 2190,90.257458,-74.725417,12.94,GCl,NGC
NGC 2191,NGC 2191,92.099458,-52.512306,12.30,G,NGC
NGC 2192,NGC 2192,93.822625,39.855222,10.90,OCl,NGC
NGC 2193,NGC 2193,91.573000,-65.098778,13.42,GCl,NGC
NGC 2194,NGC 2194,93.441292,12.806667,8.50,OCl,NGC
NGC 2195,NGC 2195,93.640875,17.639389,0.00,**,NGC
NGC 2196,NGC 2196,93.040208,-21.805944,11.19,G,NGC
NGC 2197,NGC 2197,91.530458,-67.097222,13.45,GCl,NGC
NGC 2198,NGC 2198,93.478792,0.994667,0.00,Other,NGC
NGC 2199,NGC 2199,91.187292,-73.399833,13.77,G,NGC
NGC 2200,NGC 2200,93.323250,-43.663167,14.86,G,NGC
NGC 2201,NGC 2201,93.381708,-43.704722,14.33,G,NGC
NGC 2202,NGC 2202,94.211458,5.996167,0.00,OCl,NGC
NGC 2203,NGC 2203,91.177292,-75.438417,11.29,GCl,NGC
NGC 2204,NGC 2204,93.884250,-18.665861,8.60,OCl,NGC
NGC 2205,NGC 2205,92.636375,-62.538417,13.72,G,NGC
NGC 2206,NGC 2206,93.999333,-26.765472,12.23,G,NGC
NGC 2207,NGC 2207,94.091792,-21.372667,11.06,G,NGC
NGC 2208,NGC 2208,95.644500,51.909472,12.61,G,NGC
NGC 2209,NGC 2209,92.149625,-73.838417,13.15,GCl,NGC
NGC 2210,NGC 2210,92.880667,-69.121389,10.94,GCl,NGC
NGC 2211,NGC 2211,94.626500,-18.537278,13.71,G,NGC
NGC 2212,NGC 2212,94.649000,-18.519472,14.59,G,NGC
NGC 2213,NGC 2213,92.674750,-71.528444,12.38,OCl,NGC
NGC 2214,NGC 2214,93.237208,-68.260722,10.93,OCl,NGC
NGC 2215,NGC 2215,95.205208,-7.283778,8.45,OCl,NGC
NGC 2216,NGC 2216,95.378083,-22.087444,13.69,G,NGC
NGC 2217,NGC 2217,95.415750,-27.233750,10.57,G,NGC
NGC 2218,NGC 2218,96.172875,19.341306,0.00,Other,NGC
NGC 2219,NGC 2219,95.934667,-4.677278,0.00,OCl,NGC
NGC 2220,NGC 2220,95.294833,-44.759778,0.00,Other,NGC
NGC 2221,NGC 2221,95.065500,-57.578417,13.87,G,NGC
NGC 2222,NGC 2222,95.071083,-57.534472,14.22,G,NGC
NGC 2223,NGC 2223,96.149625,-22.838250,11.87,G,NGC
NGC 2224,NGC 2224,96.869125,12.593389,0.00,Other,NGC
NGC 2225,NGC 2225,96.643708,-9.630750,0.00,OCl,NGC
NGC 2226,NGC 2226,96.656583,-9.642778,0.00,OCl,NGC
NGC 2227,NGC 2227,96.491583,-22.004833,12.15,G,NGC
NGC 2228,NGC 2228,95.314750,-64.458833,14.61,G,NGC
NGC 2229,NGC 2229,95.348667,-64.956667,14.41,G,NGC
NGC 2230,NGC 2230,95.364833,-64.992778,14.09,G,NGC
NGC 2231,NGC 2231,95.179042,-67.518500,13.20,GCl,NGC
NGC 2232,NGC 2232,97.004708,-4.847444,3.90,OCl,NGC
NGC 2233,NGC 2233,95.416917,-65.033361,14.87,G,NGC
NGC 2234,NGC 2234,97.340333,16.722861,0.00,OCl,NGC
NGC 2235,NGC 2235,95.591292,-64.934417,14.01,G,NGC
NGC 2236,NGC 2236,97.415417,6.830694,8.50,OCl,NGC
NGC 2237,Rosette A,97.727542,5.049167,0.00,Neb,NGC
NGC 2238,Rosette Nebula,97.668208,5.013056,6.00,HII,NGC
NGC 2239,NGC 2239,97.981500,4.942944,4.80,Cl+N,NGC
NGC 2240,NGC 2240,98.293958,35.250194,0.00,OCl,NGC
NGC 2241,NGC 2241,95.714000,-68.925389,13.25,OCl,NGC
NGC 2242,NGC 2242,98.530167,44.777028,15.00,PN,NGC
NGC 2243,NGC 2243,97.393667,-31.281333,9.40,OCl,NGC
NGC 2244,NGC 2244,97.981500,4.942944,0.00,Dup,NGC
NGC 2245,NGC 2245,98.171875,10.156639,11.00,RfN,NGC
NGC 2246,Rosette B,98.140833,5.128278,0.00,Neb,NGC
NGC 2247,NGC 2247,98.271667,10.322250,8.50,RfN,NGC
NGC 2248,NGC 2248,98.648958,26.304444,0.00,Other,NGC
NGC 2249,NGC 2249,96.456542,-68.919778,12.23,GCl,NGC
NGC 2250,NGC 2250,98.457833,-5.084444,8.90,OCl,NGC
NGC 2251,NGC 2251,98.660333,8.366389,7.30,OCl,NGC
NGC 2252,NGC 2252,98.679042,5.366250,7.70,OCl,NGC
NGC 2253,NGC 2253,100.924333,65.206278,12.92,G,NGC
NGC 2254,NGC 2254,98.956917,7.673278,9.10,OCl,NGC
NGC 2255,NGC 2255,98.494292,-34.812583,14.17,G,NGC
NGC 2256,NGC 2256,101.808208,74.236528,13.94,G,NGC
NGC 2257,NGC 2257,97.557750,-64.325611,12.62,GCl,NGC
NGC 2258,NGC 2258,101.940833,74.481667,11.87,G,NGC
NGC 2259,NGC 2259,99.589333,10.883611,10.80,OCl,NGC
NGC 2260,NGC 2260,99.512792,-1.472833,0.00,OCl,NGC
NGC 2261,Hubble's Nebula,99.789625,8.744333,11.85,RfN,NGC
NGC 2262,NGC 2262,99.908667,1.143639,11.30,OCl,NGC
NGC 2263,NGC 2263,99.620167,-24.848694,12.87,G,NGC
NGC 2264,Christmas Tree Cluster,100.242708,9.895472,3.90,Cl+N,NGC
NGC 2265,NGC 2265,100.423500,11.904639,0.00,OCl,NGC
NGC 2266,NGC 2266,100.830042,26.969556,9.50,OCl,NGC
NGC 2267,NGC 2267,100.215417,-32.482278,13.25,G,NGC
NGC 2268,NGC 2268,108.572667,84.382278,11.56,G,NGC
NGC 2269,NGC 2269,100.821167,4.624306,10.00,OCl,NGC
NGC 2270,NGC 2270,100.990667,3.478500,0.00,OCl,NGC
NGC 2271,NGC 2271,100.720792,-23.476000,13.18,G,NGC
NGC 2272,NGC 2272,100.672083,-27.459500,11.94,G,NGC
NGC 2273,NGC 2273,102.536083,60.845806,12.42,G,NGC
NGC 2273A,NGC 2273A,100.029542,60.080667,13.19,G,NGC
NGC 2273B,NGC 2273B,101.631583,60.340389,12.82,G,NGC
NGC 2274,NGC 2274,101.822375,33.567194,13.52,G,NGC
NGC 2275,NGC 2275,101.824708,33.599222,13.62,G,NGC
NGC 2276,NGC 2276,111.809833,85.754556,11.50,G,NGC
NGC 2277,NGC 2277,101.945958,33.451278,0.00,Other,NGC
NGC 2278,NGC 2278,102.068417,33.394306,0.00,**,NGC
NGC 2279,NGC 2279,102.103542,33.415250,0.00,Other,NGC
NGC 2280,NGC 2280,101.204625,-27.638611,11.12,G,NGC
NGC 2281,NGC 2281,102.074333,41.078861,5.40,OCl,NGC
NGC 2282,NGC 2282,101.714875,1.316000,10.00,HII,NGC
NGC 2283,NGC 2283,101.469542,-18.210333,12.95,G,NGC
NGC 2284,NGC 2284,102.289833,33.193806,0.00,Other,NGC
NGC 2285,NGC 2285,102.400083,33.364667,0.00,**,NGC
NGC 2286,NGC 2286,101.917375,-3.147667,7.50,OCl,NGC
NGC 2287,NGC 2287,101.499750,-20.754222,4.50,OCl,NGC
NGC 2288,NGC 2288,102.716500,33.462444,14.36,G,NGC
NGC 2289,NGC 2289,102.723375,33.478667,13.18,G,NGC
NGC 2290,NGC 2290,102.737167,33.437583,13.03,G,NGC
NGC 2291,NGC 2291,102.744333,33.525083,13.21,G,NGC
NGC 2292,NGC 2292,101.915208,-26.746250,11.83,G,NGC
NGC 2293,NGC 2293,101.928792,-26.754361,11.04,G,NGC
NGC 2294,NGC 2294,102.797083,33.527111,13.84,G,NGC
NGC 2295,NGC 2295,101.847583,-26.736250,13.59,G,NGC
NGC 2296,NGC 2296,102.162958,-16.901611,13.00,G,NGC
NGC 2297,NGC 2297,101.102458,-63.717333,12.71,G,NGC
NGC 2298,NGC 2298,102.246667,-36.005306,8.89,GCl,NGC
NGC 2299,NGC 2299,102.973667,-7.082722,8.90,OCl,NGC
NGC 2300,NGC 2300,113.083208,85.709500,11.16,G,NGC
NGC 2301,Great Bird Cluster,102.938750,0.459194,6.00,OCl,NGC
NGC 2302,NGC 2302,102.973667,-7.082722,0.00,Dup,NGC
NGC 2303,NGC 2303,104.072917,45.492750,13.96,G,NGC
NGC 2304,NGC 2304,103.798375,17.992778,10.00,OCl,NGC
NGC 2305,NGC 2305,102.155708,-64.273194,11.70,G,NGC
NGC 2306,NGC 2306,103.623167,-7.204139,0.00,OCl,NGC
NGC 2307,NGC 2307,102.211625,-64.335528,12.08,G,NGC
NGC 2308,NGC 2308,104.656625,45.210556,14.47,G,NGC
NGC 2309,NGC 2309,104.015042,-7.174306,10.50,OCl,NGC
NGC 2310,NGC 2310,103.474833,-40.862611,11.81,G,NGC
NGC 2311,NGC 2311,104.448125,-4.611333,9.60,OCl,NGC
NGC 2312,NGC 2312,104.694750,10.294472,0.00,OCl,NGC
NGC 2313,NGC 2313,104.511667,-7.945028,14.20,*,NGC
NGC 2314,NGC 2314,107.635625,75.326667,12.13,G,NGC
NGC 2315,NGC 2315,105.637750,50.590583,14.41,G,NGC
NGC 2316,NGC 2316,104.920208,-7.777750,0.00,Neb,NGC
NGC 2317,NGC 2317,104.923292,-7.774500,0.00,Neb,NGC
NGC 2318,NGC 2318,104.862583,-13.698389,0.00,OCl,NGC
NGC 2319,NGC 2319,105.134208,3.042194,11.85,OCl,NGC
NGC 2320,NGC 2320,106.425125,50.581056,11.94,G,NGC
NGC 2321,NGC 2321,106.495833,50.756028,14.96,G,NGC
NGC 2322,NGC 2322,106.501250,50.510306,14.54,G,NGC
NGC 2323,NGC 2323,105.668625,-8.364028,5.90,OCl,NGC
NGC 2324,NGC 2324,106.033167,1.044611,8.40,OCl,NGC
NGC 2325,NGC 2325,105.668333,-28.697222,11.18,G,NGC
NGC 2326,NGC 2326,107.045917,50.681944,14.19,G,NGC
NGC 2326A,NGC 2326A,107.142542,50.631389,15.46,G,NGC
NGC 2327,NGC 2327,106.030083,-11.314111,0.00,RfN,NGC
NGC 2328,NGC 2328,105.650833,-42.068556,12.55,G,NGC
NGC 2329,NGC 2329,107.283375,48.615417,12.51,G,NGC
NGC 2330,NGC 2330,107.368333,50.152528,13.05,G,NGC
NGC 2331,NGC 2331,106.749292,27.261583,8.50,OCl,NGC
NGC 2332,NGC 2332,107.392333,50.182278,13.93,G,NGC
NGC 2333,NGC 2333,107.088917,35.170028,14.05,G,NGC
NGC 2334,NGC 2334,107.890208,50.248250,14.56,G,NGC
NGC 2335,NGC 2335,106.706042,-10.028639,7.20,OCl,NGC
NGC 2336,NGC 2336,111.766875,80.178083,10.68,G,NGC
NGC 2337,NGC 2337,107.556583,44.457306,12.53,G,NGC
NGC 2338,NGC 2338,106.947375,-5.719722,0.00,OCl,NGC
NGC 2339,NGC 2339,107.085583,18.780250,11.76,G,NGC
NGC 2340,NGC 2340,107.795125,50.174750,11.73,G,NGC
NGC 2341,NGC 2341,107.300167,20.602917,13.21,G,NGC
NGC 2342,NGC 2342,107.325333,20.635972,12.64,G,NGC
NGC 2343,NGC 2343,107.028333,-10.616806,6.70,OCl,NGC
NGC 2344,NGC 2344,108.119417,47.166694,12.08,G,NGC
NGC 2345,NGC 2345,107.078292,-13.193750,7.70,OCl,NGC
NGC 2346,NGC 2346,107.345875,-0.809139,11.60,PN,NGC
NGC 2347,NGC 2347,109.015375,64.708917,12.55,G,NGC
NGC 2348,NGC 2348,105.760500,-67.393944,0.00,OCl,NGC
NGC 2349,NGC 2349,107.700625,-8.593250,0.00,OCl,NGC
NGC 2350,NGC 2350,108.300792,12.266083,14.02,G,NGC
NGC 2351,NGC 2351,108.383458,-10.491417,0.00,OCl,NGC
NGC 2352,NGC 2352,108.272667,-24.046083,0.00,OCl,NGC
NGC 2353,NGC 2353,108.626292,-10.265861,7.10,OCl,NGC
NGC 2354,NGC 2354,108.521958,-25.688917,6.50,OCl,NGC
NGC 2355,NGC 2355,109.246917,13.749861,9.70,OCl,NGC
NGC 2356,NGC 2356,109.246917,13.749861,0.00,Dup,NGC
NGC 2357,NGC 2357,109.420792,23.356750,14.46,G,NGC
NGC 2358,NGC 2358,109.234708,-17.117083,0.00,OCl,NGC
NGC 2359,NGC 2359,109.629083,-13.227194,0.00,HII,NGC
NGC 2360,Caroline's Cluster,109.429667,-15.641306,7.20,OCl,NGC
NGC 2361,NGC 2361,109.599167,-13.209556,0.00,Neb,NGC
NGC 2362,NGC 2362,109.672792,-24.954194,4.10,OCl,NGC
NGC 2363,NGC 2363,112.123292,69.192861,15.50,G,NGC
NGC 2364,NGC 2364,110.193625,-7.549722,0.00,OCl,NGC
NGC 2365,NGC 2365,110.593958,22.083278,12.19,G,NGC
NGC 2366,NGC 2366,112.227750,69.215778,11.17,G,NGC
NGC 2367,NGC 2367,110.018917,-21.884083,7.90,OCl,NGC
NGC 2368,NGC 2368,110.276250,-10.371778,11.80,OCl,NGC
NGC 2369,NGC 2369,109.157208,-62.343722,12.26,G,NGC
NGC 2369A,NGC 2369A,109.681417,-62.936278,13.69,G,NGC
NGC 2369B,NGC 2369B,110.123458,-62.053972,14.35,G,NGC
NGC 2370,NGC 2370,111.256917,23.783222,14.23,G,NGC
NGC 2371,NGC 2371,111.394417,29.490639,11.20,PN,NGC
NGC 2372,NGC 2372,111.394417,29.490639,0.00,Dup,NGC
NGC 2373,NGC 2373,111.653958,33.823694,14.56,G,NGC
NGC 2374,NGC 2374,110.983625,-13.263361,8.00,OCl,NGC
NGC 2375,NGC 2375,111.789500,33.831806,14.86,G,NGC
NGC 2376,NGC 2376,111.649625,23.072944,14.67,G,NGC
NGC 2377,NGC 2377,111.236750,-9.659306,14.56,G,NGC
NGC 2378,NGC 2378,111.850833,33.831583,0.00,**,NGC
NGC 2379,NGC 2379,111.859417,33.811250,13.62,G,NGC
NGC 2380,NGC 2380,110.978125,-27.529056,11.12,G,NGC
NGC 2381,NGC 2381,109.988792,-63.067028,12.65,G,NGC
NGC 2382,NGC 2382,110.978125,-27.529056,0.00,Dup,NGC
NGC 2383,NGC 2383,111.166250,-20.947639,8.40,OCl,NGC
NGC 2384,NGC 2384,111.290958,-21.019861,7.40,OCl,NGC
NGC 2385,NGC 2385,112.116958,33.837806,15.12,G,NGC
NGC 2386,NGC 2386,112.158000,33.773806,0.00,Other,NGC
NGC 2387,NGC 2387,112.241375,36.879806,16.50,G,NGC
NGC 2388,NGC 2388,112.222667,33.819083,14.66,G,NGC
NGC 2389,NGC 2389,112.269375,33.860972,12.92,G,NGC
NGC 2390,NGC 2390,112.267792,33.836806,0.00,*,NGC
NGC 2391,NGC 2391,112.281208,33.825944,0.00,*,NGC
NGC 2392,Eskimo Nebula,112.294833,20.911833,9.61,PN,NGC
NGC 2393,NGC 2393,112.519292,34.027778,14.84,G,NGC
NGC 2394,NGC 2394,112.152125,7.086556,0.00,OCl,NGC
NGC 2395,NGC 2395,111.803542,13.608194,8.00,OCl,NGC
NGC 2396,NGC 2396,112.012167,-11.719667,7.40,OCl,NGC
NGC 2397,NGC 2397,110.333250,-69.001472,11.97,G,NGC
NGC 2397A,NGC 2397A,110.282958,-69.115333,14.85,G,NGC
NGC 2397B,NGC 2397B,110.481542,-68.845806,14.99,G,NGC
NGC 2398,NGC 2398,112.567333,24.487889,15.19,G,NGC
NGC 2399,NGC 2399,112.459042,-0.214361,0.00,Other,NGC
NGC 2400,NGC 2400,112.478583,-0.214722,0.00,Other,NGC
NGC 2401,NGC 2401,112.351667,-13.966222,12.60,OCl,NGC
NGC 2402,NGC 2402,112.696667,9.650556,0.00,GPair,NGC
NGC 2403,NGC 2403,114.214167,65.602556,8.43,G,NGC
NGC 2404,NGC 2404,114.278042,65.610806,0.00,HII,NGC
NGC 2405,NGC 2405,113.058250,25.906389,14.82,G,NGC
NGC 2406,NGC 2406,112.948917,18.287917,15.36,G,NGC
NGC 2407,NGC 2407,112.986125,18.333083,15.09,G,NGC
NGC 2408,NGC 2408,115.133000,71.668194,0.00,OCl,NGC
NGC 2409,NGC 2409,112.903000,-17.190417,7.30,OCl,NGC
NGC 2410,NGC 2410,113.759417,32.822111,16.26,G,NGC
NGC 2411,NGC 2411,113.651375,18.281556,14.40,G,NGC
NGC 2412,NGC 2412,113.589500,8.547778,0.00,*,NGC
NGC 2413,NGC 2413,113.318750,-13.095556,0.00,OCl,NGC
NGC 2414,NGC 2414,113.303333,-15.453861,7.90,OCl,NGC
NGC 2415,NGC 2415,114.236208,35.241972,12.39,G,NGC
NGC 2416,NGC 2416,113.923000,11.612028,14.26,G,NGC
NGC 2417,NGC 2417,112.550375,-62.252639,12.28,G,NGC
NGC 2418,NGC 2418,114.156292,17.883917,13.65,G,NGC
NGC 2419,NGC 2419,114.533125,38.879972,10.05,GCl,NGC
NGC 2420,NGC 2420,114.599583,21.574083,8.30,OCl,NGC
NGC 2421,NGC 2421,114.049208,-20.612250,8.30,OCl,NGC
NGC 2422,NGC 2422,114.145917,-14.482611,4.40,OCl,NGC
NGC 2423,NGC 2423,114.278042,-13.871500,6.70,OCl,NGC
NGC 2424,NGC 2424,115.163708,39.233306,12.63,G,NGC
NGC 2425,NGC 2425,114.573458,-14.877833,0.00,OCl,NGC
NGC 2426,NGC 2426,115.826917,52.318500,14.37,G,NGC
NGC 2427,NGC 2427,114.117417,-47.635556,11.48,G,NGC
NGC 2428,NGC 2428,114.840708,-16.529028,0.00,OCl,NGC
NGC 2429,NGC 2429,115.957083,52.353056,0.00,GPair,NGC
NGC 2429A,NGC 2429A,115.948250,52.357417,14.61,G,NGC
NGC 2429B,NGC 2429B,115.965958,52.348472,15.00,G,NGC
NGC 2430,NGC 2430,114.921042,-16.296056,0.00,OCl,NGC
NGC 2431,NGC 2431,116.305792,53.075111,14.49,G,NGC
NGC 2432,NGC 2432,115.224458,-19.069083,10.20,OCl,NGC
NGC 2433,NGC 2433,115.681792,9.259250,0.00,Other,NGC
NGC 2434,NGC 2434,113.713167,-69.284139,11.34,G,NGC
NGC 2435,NGC 2435,116.056583,31.651111,13.39,G,NGC
NGC 2436,NGC 2436,116.305792,53.075111,0.00,Dup,NGC
NGC 2437,NGC 2437,115.445083,-14.810000,6.10,OCl,NGC
NGC 2438,NGC 2438,115.459958,-14.735778,10.80,PN,NGC
NGC 2439,NGC 2439,115.189208,-31.692417,6.90,OCl,NGC
NGC 2440,NGC 2440,115.480667,-18.208472,9.40,PN,NGC
NGC 2441,NGC 2441,117.978083,73.015694,12.19,G,NGC
NGC 2442,NGC 2442,114.099333,-69.530833,10.63,G,NGC
NGC 2443,NGC 2443,114.099333,-69.530833,0.00,Dup,NGC
NGC 2444,NGC 2444,116.721000,39.031861,13.22,G,NGC
NGC 2445,NGC 2445,116.729583,39.015167,13.24,G,NGC
NGC 2446,NGC 2446,117.163500,54.611917,13.80,G,NGC
NGC 2447,NGC 2447,116.121792,-23.853083,6.20,OCl,NGC
NGC 2448,NGC 2448,116.138292,-24.673167,0.00,OCl,NGC
NGC 2449,NGC 2449,116.834500,26.930167,14.11,G,NGC
NGC 2450,NGC 2450,116.884500,27.019139,15.16,G,NGC
NGC 2451,NGC 2451,116.312542,-37.967444,9.50,OCl,NGC
NGC 2452,NGC 2452,116.859875,-27.334000,12.00,PN,NGC
NGC 2453,NGC 2453,116.892208,-27.194806,8.30,OCl,NGC
NGC 2454,NGC 2454,117.645917,16.368583,14.47,G,NGC
NGC 2455,NGC 2455,117.244167,-21.297944,10.20,OCl,NGC
NGC 2456,NGC 2456,118.544417,55.495306,14.27,G,NGC
NGC 2457,NGC 2457,118.690542,55.546556,15.81,G,NGC
NGC 2458,NGC 2458,118.964042,56.710611,16.00,G,NGC
NGC 2459,NGC 2459,118.007375,9.557417,0.00,OCl,NGC
NGC 2460,NGC 2460,119.217875,60.349389,11.71,G,NGC
NGC 2461,NGC 2461,119.109417,56.673306,0.00,*,NGC
NGC 2462,NGC 2462,119.133583,56.687111,14.93,G,NGC
NGC 2463,NGC 2463,119.302000,56.676528,14.78,G,NGC
NGC 2464,NGC 2464,119.386208,56.690556,0.00,Other,NGC
NGC 2465,NGC 2465,119.358750,56.822472,0.00,*,NGC
NGC 2466,NGC 2466,116.316875,-71.410417,13.14,G,NGC
NGC 2467,NGC 2467,118.097625,-26.443333,0.00,Cl+N,NGC
NGC 2468,NGC 2468,119.510250,56.359583,14.76,G,NGC
NGC 2469,NGC 2469,119.514250,56.680472,13.16,G,NGC
NGC 2470,NGC 2470,118.586542,4.459694,12.69,G,NGC
NGC 2471,NGC 2471,119.637333,56.776167,0.00,**,NGC
NGC 2472,NGC 2472,119.674583,56.701306,15.37,G,NGC
NGC 2473,NGC 2473,118.895125,56.735806,0.00,G,NGC
NGC 2474,NGC 2474,119.495625,52.857278,14.09,G,NGC
NGC 2475,NGC 2475,119.501833,52.861694,13.11,G,NGC
NGC 2476,NGC 2476,119.188250,39.927889,12.62,G,NGC
NGC 2477,NGC 2477,118.040750,-38.533250,5.80,OCl,NGC
NGC 2478,NGC 2478,114.145917,-14.482611,0.00,Dup,NGC
NGC 2479,NGC 2479,118.775292,-17.707806,9.60,OCl,NGC
NGC 2480,NGC 2480,119.293500,23.779806,15.00,G,NGC
NGC 2481,NGC 2481,119.307292,23.767778,12.50,G,NGC
NGC 2482,NGC 2482,118.793208,-24.254639,7.30,OCl,NGC
NGC 2483,NGC 2483,118.911625,-27.886833,7.60,OCl,NGC
NGC 2484,NGC 2484,119.617125,37.786611,13.13,G,NGC
NGC 2485,NGC 2485,119.202750,7.477944,13.21,G,NGC
NGC 2486,NGC 2486,119.485375,25.160861,13.47,G,NGC
NGC 2487,NGC 2487,119.585250,25.149222,12.60,G,NGC
NGC 2488,NGC 2488,120.441583,56.553861,12.45,G,NGC
NGC 2489,NGC 2489,119.062250,-30.060833,7.90,OCl,NGC
NGC 2490,NGC 2490,119.824458,27.077861,15.09,G,NGC
NGC 2491,NGC 2491,119.614083,7.983806,15.90,G,NGC
NGC 2492,NGC 2492,119.873792,27.026444,12.74,G,NGC
NGC 2493,NGC 2493,120.098458,39.830417,12.06,G,NGC
NGC 2494,NGC 2494,119.779750,-0.637917,14.28,G,NGC
NGC 2495,NGC 2495,120.138125,39.840028,15.15,G,NGC
NGC 2496,NGC 2496,119.655625,8.029806,14.70,G,NGC
NGC 2497,NGC 2497,120.546375,56.942333,14.41,G,NGC
NGC 2498,NGC 2498,119.911875,24.982333,14.28,G,NGC
NGC 2499,NGC 2499,119.715458,7.493306,15.03,G,NGC
NGC 2500,NGC 2500,120.471708,50.737111,11.65,G,NGC
NGC 2501,NGC 2501,119.625167,-14.354278,14.50,G,NGC
NGC 2502,NGC 2502,118.964667,-52.306778,11.96,G,NGC
NGC 2503,NGC 2503,120.152833,22.400056,14.83,G,NGC
NGC 2504,NGC 2504,119.967917,5.608111,14.21,G,NGC
NGC 2505,NGC 2505,121.028500,53.549222,14.26,G,NGC
NGC 2506,NGC 2506,120.007417,-10.769639,7.60,OCl,NGC
NGC 2507,NGC 2507,120.405042,15.709750,13.92,G,NGC
NGC 2508,NGC 2508,120.488417,8.551889,13.98,G,NGC
NGC 2509,NGC 2509,120.199250,-19.050528,9.30,OCl,NGC
NGC 2510,NGC 2510,120.544500,9.485972,14.54,G,NGC
NGC 2511,NGC 2511,120.562542,9.394417,14.91,G,NGC
NGC 2512,NGC 2512,120.782708,23.391833,13.15,G,NGC
NGC 2513,NGC 2513,120.602792,9.413556,11.63,G,NGC
NGC 2514,NGC 2514,120.706833,15.808278,13.45,G,NGC
NGC 2515,NGC 2515,120.838708,20.188000,0.00,**,NGC
NGC 2516,NGC 2516,119.529417,-60.753472,3.80,OCl,NGC
NGC 2517,NGC 2517,120.696125,-12.317833,11.92,G,NGC
NGC 2518,NGC 2518,121.834375,51.131611,14.18,G,NGC
NGC 2519,NGC 2519,121.995125,51.128222,0.00,*,NGC
NGC 2520,NGC 2520,121.242417,-28.146667,6.50,OCl,NGC
NGC 2521,NGC 2521,122.205708,57.769611,13.10,G,NGC
NGC 2522,NGC 2522,121.556000,17.706583,14.10,G,NGC
NGC 2523,NGC 2523,123.750375,73.578972,11.90,G,NGC
NGC 2523A,NGC 2523A,121.035250,74.047778,14.44,G,NGC
NGC 2523B,NGC 2523B,123.237875,73.563250,14.70,G,NGC
NGC 2523C,NGC 2523C,124.434542,73.317611,14.20,G,NGC
NGC 2524,NGC 2524,122.039958,39.157444,12.70,G,NGC
NGC 2525,NGC 2525,121.408500,-11.427028,11.47,G,NGC
NGC 2526,NGC 2526,121.744292,8.003944,14.58,G,NGC
NGC 2527,NGC 2527,121.242417,-28.146667,0.00,Dup,NGC
NGC 2528,NGC 2528,121.853458,39.194472,13.46,G,NGC
NGC 2529,NGC 2529,121.954625,17.820833,0.00,Other,NGC
NGC 2530,NGC 2530,121.981708,17.818500,14.62,G,NGC
NGC 2531,NGC 2531,122.004583,17.820611,0.00,Other,NGC
NGC 2532,NGC 2532,122.563250,33.956639,12.67,G,NGC
NGC 2533,NGC 2533,121.767083,-29.883861,7.60,OCl,NGC
NGC 2534,NGC 2534,123.225625,55.672056,12.97,G,NGC
NGC 2535,NGC 2535,122.806208,25.206806,12.69,G,NGC
NGC 2536,NGC 2536,122.816333,25.179361,14.14,G,NGC
NGC 2537,Bear Claw Nebula,123.311000,45.989806,11.71,G,NGC
NGC 2537A,NGC 2537A,123.420958,45.993750,15.70,G,NGC
NGC 2538,NGC 2538,122.846125,3.633194,13.75,G,NGC
NGC 2539,NGC 2539,122.654083,-12.820667,6.50,OCl,NGC
NGC 2540,NGC 2540,123.193500,26.361778,14.40,G,NGC
NGC 2541,NGC 2541,123.667167,49.061722,11.70,G,NGC
NGC 2542,NGC 2542,122.818292,-12.927083,4.72,**,NGC
NGC 2543,NGC 2543,123.241333,36.254639,12.39,G,NGC
NGC 2544,NGC 2544,125.418083,73.988361,12.91,G,NGC
NGC 2545,NGC 2545,123.559000,21.355472,12.45,G,NGC
NGC 2546,NGC 2546,123.065125,-37.594306,6.30,OCl,NGC
NGC 2547,NGC 2547,122.539542,-49.205667,4.70,OCl,NGC
NGC 2548,NGC 2548,123.429917,-5.750444,5.80,OCl,NGC
NGC 2549,NGC 2549,124.743125,57.803056,11.14,G,NGC
NGC 2550,NGC 2550,126.141083,74.012278,13.05,G,NGC
NGC 2550A,NGC 2550A,127.166417,73.748000,13.41,G,NGC
NGC 2551,NGC 2551,126.209500,73.412028,12.11,G,NGC
NGC 2552,NGC 2552,124.835542,50.009639,12.25,G,NGC
NGC 2553,NGC 2553,124.395833,20.903083,14.70,G,NGC
NGC 2554,NGC 2554,124.472875,23.472139,12.02,G,NGC
NGC 2555,NGC 2555,124.485042,0.745694,13.40,G,NGC
NGC 2556,NGC 2556,124.753542,20.936972,15.45,G,NGC
NGC 2557,NGC 2557,124.794792,21.435778,14.32,G,NGC
NGC 2558,NGC 2558,124.803167,20.510750,13.02,G,NGC
NGC 2559,NGC 2559,124.275292,-27.455833,11.33,G,NGC
NGC 2560,NGC 2560,124.966208,20.984972,13.28,G,NGC
NGC 2561,NGC 2561,124.904042,4.657222,13.94,G,NGC
NGC 2562,NGC 2562,125.098583,21.131472,12.98,G,NGC
NGC 2563,NGC 2563,125.148708,21.067806,12.31,G,NGC
NGC 2564,NGC 2564,124.625042,-21.816111,14.69,G,NGC
NGC 2565,NGC 2565,124.951333,22.031444,12.48,G,NGC
NGC 2566,NGC 2566,124.690250,-25.499528,10.81,G,NGC
NGC 2567,NGC 2567,124.646583,-30.635611,7.40,OCl,NGC
NGC 2568,NGC 2568,124.575500,-37.105389,0.00,OCl,NGC
NGC 2569,NGC 2569,125.338083,20.867500,15.12,G,NGC
NGC 2570,NGC 2570,125.343917,20.910556,14.67,G,NGC
NGC 2571,NGC 2571,124.734792,-29.749278,7.00,OCl,NGC
NGC 2572,NGC 2572,125.352625,19.147778,14.72,G,NGC
NGC 2573,Polarissima Australis,25.405542,-89.334528,13.53,G,NGC
NGC 2573B,NGC 2573B,346.886750,-89.116500,15.33,G,NGC
NGC 2574,NGC 2574,125.200667,-8.918472,13.22,G,NGC
NGC 2575,NGC 2575,125.687333,24.296917,12.98,G,NGC
NGC 2576,NGC 2576,125.740417,25.738722,15.15,G,NGC
NGC 2577,NGC 2577,125.681042,22.553083,12.42,G,NGC
NGC 2578,NGC 2578,125.351125,-13.317861,12.59,G,NGC
NGC 2579,NGC 2579,125.221083,-36.217139,0.00,Cl+N,NGC
NGC 2580,NGC 2580,125.366250,-30.293472,9.70,OCl,NGC
NGC 2581,NGC 2581,126.128917,18.597083,14.43,G,NGC
NGC 2582,NGC 2582,126.300292,20.334750,13.11,G,NGC
NGC 2583,NGC 2583,125.783042,-5.002389,13.44,G,NGC
NGC 2584,NGC 2584,125.814375,-4.970500,14.99,G,NGC
NGC 2585,NGC 2585,125.859500,-4.915222,14.49,G,NGC
NGC 2586,NGC 2586,125.880875,-4.951944,0.00,Other,NGC
NGC 2587,NGC 2587,125.850333,-29.508722,9.20,OCl,NGC
NGC 2588,NGC 2588,125.789875,-32.975167,11.80,OCl,NGC
NGC 2589,NGC 2589,126.122792,-8.767917,0.00,Other,NGC
NGC 2590,NGC 2590,126.258333,-0.591389,13.01,G,NGC
NGC 2591,NGC 2591,129.356375,78.026417,12.66,G,NGC
NGC 2592,NGC 2592,126.783542,25.970306,13.55,G,NGC
NGC 2593,NGC 2593,126.699292,17.374917,14.83,G,NGC
NGC 2594,NGC 2594,126.821500,25.878806,14.93,G,NGC
NGC 2595,NGC 2595,126.925083,21.479111,12.39,G,NGC
NGC 2596,NGC 2596,126.860500,17.284083,13.48,G,NGC
NGC 2597,NGC 2597,127.489208,21.501889,0.00,**,NGC
NGC 2598,NGC 2598,127.510500,21.488667,13.61,G,NGC
NGC 2599,NGC 2599,128.047083,22.560556,12.20,G,NGC
NGC 2600,NGC 2600,128.687708,52.715694,15.05,G,NGC
NGC 2601,NGC 2601,126.377750,-68.117667,13.43,G,NGC
NGC 2602,NGC 2602,128.767708,52.831528,15.45,G,NGC
NGC 2603,NGC 2603,128.629958,52.840222,16.82,G,NGC
NGC 2604,NGC 2604,128.346417,29.538806,14.92,G,NGC
NGC 2604B,NGC 2604B,128.398583,29.499694,15.71,G,NGC
NGC 2605,NGC 2605,128.722125,52.804306,16.43,G,NGC
NGC 2606,NGC 2606,128.893500,52.788917,14.90,G,NGC
NGC 2607,NGC 2607,128.486083,26.972667,14.95,G,NGC
NGC 2608,NGC 2608,128.822208,28.473417,12.25,G,NGC
NGC 2609,NGC 2609,127.373542,-61.110222,0.00,OCl,NGC
NGC 2610,NGC 2610,128.347500,-16.149444,12.70,PN,NGC
NGC 2611,NGC 2611,128.871542,25.027500,15.28,G,NGC
NGC 2612,NGC 2612,128.458750,-13.174528,12.91,G,NGC
NGC 2613,NGC 2613,128.345167,-22.973667,10.38,G,NGC
NGC 2614,NGC 2614,130.699792,72.976472,13.89,G,NGC
NGC 2615,NGC 2615,128.638958,-2.546806,13.38,G,NGC
NGC 2616,NGC 2616,128.891958,-1.850139,12.57,G,NGC
NGC 2617,NGC 2617,128.911625,-4.088222,14.00,G,NGC
NGC 2618,NGC 2618,128.973083,0.707111,13.96,G,NGC
NGC 2619,NGC 2619,129.386292,28.705194,12.72,G,NGC
NGC 2620,NGC 2620,129.367667,24.946944,14.61,G,NGC
NGC 2621,NGC 2621,129.404083,24.999806,15.42,G,NGC
NGC 2622,NGC 2622,129.545583,24.895278,14.12,G,NGC
NGC 2623,NGC 2623,129.600333,25.754639,13.55,G,NGC
NGC 2624,NGC 2624,129.540125,19.725667,14.57,G,NGC
NGC 2625,NGC 2625,129.596750,19.716667,15.17,G,NGC
NGC 2626,NGC 2626,128.870333,-40.668333,0.00,RfN,NGC
NGC 2627,NGC 2627,129.312250,-29.950417,8.40,OCl,NGC
NGC 2628,NGC 2628,130.094625,23.539667,14.04,G,NGC
NGC 2629,NGC 2629,131.815917,72.985639,12.26,G,NGC
NGC 2630,NGC 2630,131.780417,73.000306,0.00,Other,NGC
NGC 2631,NGC 2631,131.780417,73.000306,0.00,Other,NGC
NGC 2632,Beehive,130.092500,19.672056,3.10,OCl,NGC
NGC 2633,NGC 2633,132.019083,74.098861,12.08,G,NGC
NGC 2634,NGC 2634,132.105792,73.967167,11.97,G,NGC
NGC 2634A,NGC 2634A,132.158917,73.939278,14.23,G,NGC
NGC 2635,NGC 2635,129.608292,-34.771583,11.20,OCl,NGC
NGC 2636,NGC 2636,132.101792,73.671139,13.77,G,NGC
NGC 2637,NGC 2637,130.306208,19.691444,15.57,G,NGC
NGC 2638,NGC 2638,130.607375,37.221028,13.72,G,NGC
NGC 2639,NGC 2639,130.908667,50.205556,11.76,G,NGC
NGC 2640,NGC 2640,129.352583,-55.123750,11.02,G,NGC
NGC 2641,NGC 2641,131.989542,72.895778,14.93,G,NGC
NGC 2642,NGC 2642,130.184875,-4.121722,12.65,G,NGC
NGC 2643,NGC 2643,130.465583,19.702528,15.45,G,NGC
NGC 2644,NGC 2644,130.382750,4.980333,13.49,G,NGC
NGC 2645,NGC 2645,129.763000,-46.227306,7.32,OCl,NGC
NGC 2646,NGC 2646,132.591875,73.463083,13.15,G,NGC
NGC 2647,NGC 2647,130.679583,19.650611,15.02,G,NGC
NGC 2648,NGC 2648,130.665833,14.285611,11.88,G,NGC
NGC 2649,NGC 2649,131.034458,34.717250,13.16,G,NGC
NGC 2650,NGC 2650,132.493125,70.299444,14.22,G,NGC
NGC 2651,NGC 2651,130.979792,11.771000,15.64,G,NGC
NGC 2652,NGC 2652,145.638667,-3.699139,0.00,Dup,NGC
NGC 2653,NGC 2653,133.731500,78.393556,0.00,**,NGC
NGC 2654,NGC 2654,132.299458,60.221111,11.69,G,NGC
NGC 2655,NGC 2655,133.907208,78.223083,10.39,G,NGC
NGC 2656,NGC 2656,131.971125,53.876167,13.76,G,NGC
NGC 2657,NGC 2657,131.315875,9.645500,13.93,G,NGC
NGC 2658,NGC 2658,130.863917,-32.656222,9.20,OCl,NGC
NGC 2659,NGC 2659,130.637583,-45.000528,8.60,OCl,NGC
NGC 2660,NGC 2660,130.658292,-47.200667,8.80,OCl,NGC
NGC 2661,NGC 2661,131.498083,12.619917,13.86,G,NGC
NGC 2662,NGC 2662,131.383458,-15.121250,15.05,G,NGC
NGC 2663,NGC 2663,131.284375,-33.794750,10.59,G,NGC
NGC 2664,NGC 2664,131.779292,12.605778,0.00,OCl,NGC
NGC 2665,NGC 2665,131.504125,-19.302889,11.63,G,NGC
NGC 2666,NGC 2666,132.445917,44.703667,0.00,OCl,NGC
NGC 2667,NGC 2667,132.113542,19.019500,14.76,G,NGC
NGC 2667B,NGC 2667B,132.125708,19.043889,15.49,G,NGC
NGC 2668,NGC 2668,132.344000,36.710333,14.85,G,NGC
NGC 2669,NGC 2669,131.594042,-52.947528,6.10,OCl,NGC
NGC 2670,NGC 2670,131.372833,-48.791639,7.80,OCl,NGC
NGC 2671,NGC 2671,131.549542,-41.877167,11.60,OCl,NGC
NGC 2672,NGC 2672,132.341208,19.074972,11.64,G,NGC
NGC 2673,NGC 2673,132.350583,19.074194,14.04,G,NGC
NGC 2674,NGC 2674,132.305042,-14.294222,15.88,G,NGC
NGC 2675,NGC 2675,133.020625,53.617306,13.26,G,NGC
NGC 2676,NGC 2676,132.898542,47.557667,14.46,G,NGC
NGC 2677,NGC 2677,132.505542,19.009778,15.18,G,NGC
NGC 2678,NGC 2678,132.511458,11.338111,0.00,OCl,NGC
NGC 2679,NGC 2679,132.887250,30.865361,14.07,G,NGC
NGC 2680,NGC 2680,132.889542,30.865806,0.00,**,NGC
NGC 2681,NGC 2681,133.386417,51.313667,10.86,G,NGC
NGC 2682,NGC 2682,132.833875,11.811944,6.90,OCl,NGC
NGC 2683,NGC 2683,133.172208,33.421750,9.69,G,NGC
NGC 2684,NGC 2684,133.725167,49.160389,13.01,G,NGC
NGC 2685,Helix Galaxy,133.894625,58.734389,11.35,G,NGC
NGC 2686,NGC 2686,133.749167,49.142361,0.00,GPair,NGC
NGC 2686A,NGC 2686A,133.745458,49.142333,17.12,G,NGC
NGC 2686B,NGC 2686B,133.752458,49.142444,16.66,G,NGC
NGC 2687,NGC 2687,133.772917,49.155917,0.00,GPair,NGC
NGC 2687A,NGC 2687A,133.770917,49.156500,17.00,G,NGC
NGC 2687B,NGC 2687B,133.775167,49.156111,15.60,G,NGC
NGC 2688,NGC 2688,133.798292,49.122611,16.41,G,NGC
NGC 2689,NGC 2689,133.855875,49.115472,16.82,G,NGC
NGC 2690,NGC 2690,133.158458,-2.603222,13.94,G,NGC
NGC 2691,NGC 2691,133.693083,39.538667,13.47,G,NGC
NGC 2692,NGC 2692,134.241708,52.065944,12.75,G,NGC
NGC 2693,NGC 2693,134.246958,51.347444,11.86,G,NGC
NGC 2694,NGC 2694,134.246917,51.331972,14.14,G,NGC
NGC 2695,NGC 2695,133.612792,-3.067028,12.02,G,NGC
NGC 2696,NGC 2696,132.675208,-5.009778,15.88,G,NGC
NGC 2697,NGC 2697,133.747500,-2.987611,13.47,G,NGC
NGC 2698,NGC 2698,133.902125,-3.183944,11.86,G,NGC
NGC 2699,NGC 2699,133.953333,-3.127583,13.47,G,NGC
NGC 2700,NGC 2700,133.960750,-3.116389,0.00,*,NGC
NGC 2701,NGC 2701,134.773917,53.771667,12.36,G,NGC
NGC 2702,NGC 2702,133.977667,-3.065333,0.00,*,NGC
NGC 2703,NGC 2703,133.946375,-3.306917,0.00,**,NGC
NGC 2704,NGC 2704,134.198708,39.382194,14.32,G,NGC
NGC 2705,NGC 2705,134.000208,-3.014889,0.00,*,NGC
NGC 2706,NGC 2706,134.051292,-2.563444,13.71,G,NGC
NGC 2707,NGC 2707,134.023667,-3.066417,0.00,*,NGC
NGC 2708,NGC 2708,134.033542,-3.360111,11.96,G,NGC
NGC 2709,NGC 2709,134.053583,-3.243222,15.02,G,NGC
NGC 2710,NGC 2710,134.951458,55.706389,13.08,G,NGC
NGC 2711,NGC 2711,134.348333,17.288028,14.65,G,NGC
NGC 2712,NGC 2712,134.876958,44.913889,12.19,G,NGC
NGC 2713,NGC 2713,134.335458,2.921306,11.82,G,NGC
NGC 2714,NGC 2714,133.374250,-59.217111,14.00,G,NGC
NGC 2715,NGC 2715,137.025833,78.085167,11.49,G,NGC
NGC 2716,NGC 2716,134.399500,3.090222,12.19,G,NGC
NGC 2717,NGC 2717,134.254667,-24.673750,12.29,G,NGC
NGC 2718,NGC 2718,134.710292,6.293000,14.24,G,NGC
NGC 2719,NGC 2719,135.064417,35.727639,14.00,G,NGC
NGC 2719A,NGC 2719A,135.066417,35.720139,14.50,G,NGC
NGC 2720,NGC 2720,134.783583,11.149222,14.22,G,NGC
NGC 2721,NGC 2721,134.735500,-4.901944,13.22,G,NGC
NGC 2722,NGC 2722,134.692375,-3.710111,13.46,G,NGC
NGC 2723,NGC 2723,135.059833,3.177750,14.28,G,NGC
NGC 2724,NGC 2724,135.257583,35.762056,14.74,G,NGC
NGC 2725,NGC 2725,135.263417,11.098389,14.29,G,NGC
NGC 2726,NGC 2726,136.236542,59.932917,13.00,G,NGC
NGC 2727,NGC 2727,134.033542,-3.360111,0.00,Dup,NGC
NGC 2728,NGC 2728,135.420542,11.082972,15.24,G,NGC
NGC 2729,NGC 2729,135.369250,3.720611,14.14,G,NGC
NGC 2730,NGC 2730,135.565958,16.838306,13.78,G,NGC
NGC 2731,NGC 2731,135.535042,8.301667,14.12,G,NGC
NGC 2732,NGC 2732,138.353042,79.187333,11.89,G,NGC
NGC 2733,NGC 2733,134.692375,-3.710111,0.00,Dup,NGC
NGC 2734,NGC 2734,135.756708,16.863611,15.74,G,NGC
NGC 2735,NGC 2735,135.661000,25.934528,13.76,G,NGC
NGC 2735A,NGC 2735A,135.674458,25.938389,15.16,G,NGC
NGC 2736,Pencil Nebula,135.070583,-45.948056,0.00,HII,NGC
NGC 2737,NGC 2737,135.998833,21.906556,14.60,G,NGC
NGC 2738,NGC 2738,136.001875,21.967611,13.79,G,NGC
NGC 2739,NGC 2739,136.511792,51.744694,15.50,G,NGC
NGC 2740,NGC 2740,136.520792,51.735306,15.02,G,NGC
NGC 2741,NGC 2741,135.818750,18.261083,15.49,G,NGC
NGC 2742,NGC 2742,136.889708,60.479333,11.49,G,NGC
NGC 2742A,NGC 2742A,137.491958,62.247361,13.94,G,NGC
NGC 2743,NGC 2743,136.225250,25.003917,14.19,G,NGC
NGC 2744,NGC 2744,136.162083,18.460278,0.00,GPair,NGC
NGC 2745,NGC 2745,136.163875,18.257361,15.68,G,NGC
NGC 2746,NGC 2746,136.497667,35.377389,14.18,G,NGC
NGC 2747,NGC 2747,136.326417,18.442194,15.69,G,NGC
NGC 2748,NGC 2748,138.429250,76.475333,11.68,G,NGC
NGC 2749,NGC 2749,136.338833,18.313111,11.84,G,NGC
NGC 2750,NGC 2750,136.449625,25.437417,12.59,G,NGC
NGC 2751,NGC 2751,136.385000,18.262306,14.97,G,NGC
NGC 2752,NGC 2752,136.429292,18.339722,14.74,G,NGC
NGC 2753,NGC 2753,136.784417,25.342472,14.72,G,NGC
NGC 2754,NGC 2754,136.296708,-19.084861,15.31,G,NGC
NGC 2755,NGC 2755,136.992958,41.708944,14.26,G,NGC
NGC 2756,NGC 2756,137.253875,53.849528,13.12,G,NGC
NGC 2757,NGC 2757,136.357333,-19.047806,0.00,Other,NGC
NGC 2758,NGC 2758,136.380000,-19.042778,14.04,G,NGC
NGC 2759,NGC 2759,137.155375,37.621611,13.04,G,NGC
NGC 2760,NGC 2760,141.054333,76.531278,14.90,G,NGC
NGC 2761,NGC 2761,136.878458,18.434750,14.93,G,NGC
NGC 2762,NGC 2762,137.477208,50.418250,15.86,G,NGC
NGC 2763,NGC 2763,136.704375,-15.499778,12.07,G,NGC
NGC 2764,NGC 2764,137.072792,21.443333,12.90,G,NGC
NGC 2765,NGC 2765,136.902667,3.392917,13.18,G,NGC
NGC 2766,NGC 2766,137.198083,29.864778,14.49,G,NGC
NGC 2767,NGC 2767,137.549500,50.401306,14.51,G,NGC
NGC 2768,NGC 2768,137.906250,60.037222,9.87,G,NGC
NGC 2769,NGC 2769,137.634000,50.433278,13.89,G,NGC
NGC 2770,NGC 2770,137.390458,33.123528,12.21,G,NGC
NGC 2771,NGC 2771,137.665250,50.379861,13.90,G,NGC
NGC 2772,NGC 2772,136.924458,-23.621417,14.21,G,NGC
NGC 2773,NGC 2773,137.434125,7.173694,14.71,G,NGC
NGC 2774,NGC 2774,137.666333,18.696583,14.67,G,NGC
NGC 2775,NGC 2775,137.583833,7.037944,10.24,G,NGC
NGC 2776,NGC 2776,138.060458,44.954833,11.68,G,NGC
NGC 2777,NGC 2777,137.674292,7.206694,14.21,G,NGC
NGC 2778,NGC 2778,138.101542,35.027528,12.41,G,NGC
NGC 2779,NGC 2779,138.117875,35.053750,15.39,G,NGC
NGC 2780,NGC 2780,138.184875,34.925583,14.21,G,NGC
NGC 2781,NGC 2781,137.864667,-14.816833,11.57,G,NGC
NGC 2782,NGC 2782,138.521292,40.113694,12.36,G,NGC
NGC 2783,NGC 2783,138.414417,29.992972,13.55,G,NGC
NGC 2783B,NGC 2783B,138.388125,30.000139,15.12,G,NGC
NGC 2784,NGC 2784,138.081250,-24.172611,10.10,G,NGC
NGC 2785,NGC 2785,138.814125,40.917528,13.38,G,NGC
NGC 2786,NGC 2786,138.398292,12.440806,13.86,G,NGC
NGC 2787,NGC 2787,139.827500,69.203250,11.25,G,NGC
NGC 2788,NGC 2788,137.262667,-67.932472,13.27,G,NGC
NGC 2788A,NGC 2788A,135.664333,-68.226833,13.99,G,NGC
NGC 2788B,NGC 2788B,135.898750,-67.969806,14.52,G,NGC
NGC 2789,NGC 2789,138.748583,29.730278,13.06,G,NGC
NGC 2790,NGC 2790,138.761583,19.697111,14.71,G,NGC
NGC 2791,NGC 2791,138.758292,17.592222,15.77,G,NGC
NGC 2792,NGC 2792,138.110708,-42.427500,11.60,PN,NGC
NGC 2793,NGC 2793,139.197125,34.429806,13.39,G,NGC
NGC 2794,NGC 2794,139.007458,17.589833,13.15,G,NGC
NGC 2795,NGC 2795,139.016333,17.628361,14.01,G,NGC
NGC 2796,NGC 2796,139.174375,30.915417,14.54,G,NGC
NGC 2797,NGC 2797,139.090375,17.727222,14.45,G,NGC
NGC 2798,NGC 2798,139.344958,41.999722,12.39,G,NGC
NGC 2799,NGC 2799,139.379292,41.994083,13.71,G,NGC
NGC 2800,NGC 2800,139.646750,52.514472,13.92,G,NGC
NGC 2801,NGC 2801,139.184125,19.935722,15.30,G,NGC
NGC 2802,NGC 2802,139.172625,18.963472,14.87,G,NGC
NGC 2803,NGC 2803,139.182792,18.954583,15.16,G,NGC
NGC 2804,NGC 2804,139.208375,20.198500,12.90,G,NGC
NGC 2805,NGC 2805,140.085042,64.102778,11.56,G,NGC
NGC 2806,NGC 2806,139.236625,20.070611,0.00,*,NGC
NGC 2807,NGC 2807,139.245833,20.032222,0.00,GPair,NGC
NGC 2807A,NGC 2807A,139.240333,20.029056,15.59,G,NGC
NGC 2807B,NGC 2807B,139.252750,20.036500,15.05,G,NGC
NGC 2808,NGC 2808,138.010583,-64.862833,5.69,GCl,NGC
NGC 2809,NGC 2809,139.278833,20.069694,13.02,G,NGC
NGC 2810,NGC 2810,140.518750,71.844028,12.23,G,NGC
NGC 2811,NGC 2811,139.046292,-16.312722,11.45,G,NGC
NGC 2812,NGC 2812,139.419958,19.918889,15.89,G,NGC
NGC 2813,NGC 2813,139.439375,19.906611,15.05,G,NGC
NGC 2814,NGC 2814,140.297833,64.253194,13.77,G,NGC
NGC 2815,NGC 2815,139.082292,-23.633250,11.86,G,NGC
NGC 2816,NGC 2816,140.439917,64.257944,0.00,Dup,NGC
NGC 2817,NGC 2817,139.293875,-4.752111,13.68,G,NGC
NGC 2818,NGC 2818,139.006250,-36.626944,11.60,PN,NGC
NGC 2818A,NGC 2818A,139.025542,-36.626917,12.50,Cl+N,NGC
NGC 2819,NGC 2819,139.538708,16.198111,14.22,G,NGC
NGC 2820,NGC 2820,140.439917,64.257944,12.78,G,NGC
NGC 2820A,NGC 2820A,140.375292,64.238722,15.04,G,NGC
NGC 2821,NGC 2821,139.199917,-26.816278,13.89,G,NGC
NGC 2822,NGC 2822,138.457167,-69.644833,11.40,G,NGC
NGC 2823,NGC 2823,139.822750,34.008167,15.46,G,NGC
NGC 2824,NGC 2824,139.759292,26.269972,12.67,G,NGC
NGC 2825,NGC 2825,139.843500,33.742778,15.03,G,NGC
NGC 2826,NGC 2826,139.850708,33.624000,14.43,G,NGC
NGC 2827,NGC 2827,139.829208,33.880806,15.44,G,NGC
NGC 2828,NGC 2828,139.895125,33.888083,15.61,G,NGC
NGC 2829,NGC 2829,139.877917,33.648333,0.00,GPair,NGC
NGC 2830,NGC 2830,139.922542,33.738139,14.11,G,NGC
NGC 2831,NGC 2831,139.939542,33.745000,13.38,G,NGC
NGC 2832,NGC 2832,139.945250,33.749750,11.79,G,NGC
NGC 2833,NGC 2833,139.991083,33.927444,15.27,G,NGC
NGC 2834,NGC 2834,140.010500,33.710472,15.38,G,NGC
NGC 2835,NGC 2835,139.470458,-22.354667,10.64,G,NGC
NGC 2836,NGC 2836,138.435833,-69.334750,12.65,G,NGC
NGC 2837,NGC 2837,139.597375,-16.481722,0.00,**,NGC
NGC 2838,NGC 2838,140.179333,39.315750,14.45,G,NGC
NGC 2839,NGC 2839,140.151375,33.650667,14.75,G,NGC
NGC 2840,NGC 2840,140.219667,35.368278,14.61,G,NGC
NGC 2841,NGC 2841,140.510958,50.976528,10.18,G,NGC
NGC 2842,NGC 2842,138.901792,-63.069639,12.49,G,NGC
NGC 2843,NGC 2843,140.119917,18.926222,16.54,G,NGC
NGC 2844,NGC 2844,140.450042,40.151250,12.89,G,NGC
NGC 2845,NGC 2845,139.652958,-38.010083,11.97,G,NGC
NGC 2846,NGC 2846,139.918625,-14.676278,0.00,**,NGC
NGC 2847,NGC 2847,140.035542,-16.518306,0.00,HII,NGC
NGC 2848,NGC 2848,140.040958,-16.526056,12.11,G,NGC
NGC 2849,NGC 2849,139.845292,-40.520389,12.50,OCl,NGC
NGC 2850,NGC 2850,140.237542,-4.940083,15.00,G,NGC
NGC 2851,NGC 2851,140.125958,-16.495278,14.33,G,NGC
NGC 2852,NGC 2852,140.810792,40.163806,14.13,G,NGC
NGC 2853,NGC 2853,140.822208,40.200056,14.44,G,NGC
NGC 2854,NGC 2854,141.012958,49.204139,13.76,G,NGC
NGC 2855,NGC 2855,140.364542,-11.909500,11.05,G,NGC
NGC 2856,NGC 2856,141.066708,49.249194,13.26,G,NGC
NGC 2857,NGC 2857,141.157167,49.357056,12.32,G,NGC
NGC 2858,NGC 2858,140.729208,3.156944,13.94,G,NGC
NGC 2859,NGC 2859,141.077208,34.513500,10.94,G,NGC
NGC 2860,NGC 2860,141.221708,41.060194,14.63,G,NGC
NGC 2861,NGC 2861,140.902083,2.136472,13.06,G,NGC
NGC 2862,NGC 2862,141.229625,26.774667,13.68,G,NGC
NGC 2863,NGC 2863,140.902333,-10.433222,13.40,G,NGC
NGC 2864,NGC 2864,141.064125,5.941167,14.94,G,NGC
NGC 2865,NGC 2865,140.875875,-23.161444,11.48,G,NGC
NGC 2866,NGC 2866,140.521000,-51.102611,0.00,OCl,NGC
NGC 2867,NGC 2867,140.354042,-58.311667,9.70,PN,NGC
NGC 2868,NGC 2868,140.863417,-10.429500,15.24,G,NGC
NGC 2869,NGC 2869,140.902333,-10.433222,0.00,Dup,NGC
NGC 2870,NGC 2870,141.973917,57.375500,13.87,G,NGC
NGC 2871,NGC 2871,141.414750,11.444333,0.00,*,NGC
NGC 2872,NGC 2872,141.427250,11.432139,11.86,G,NGC
NGC 2873,NGC 2873,141.452083,11.454222,16.11,G,NGC
NGC 2874,NGC 2874,141.447208,11.424583,12.48,G,NGC
NGC 2875,NGC 2875,141.453375,11.431639,0.00,Other,NGC
NGC 2876,NGC 2876,141.307375,-6.716583,14.17,G,NGC
NGC 2877,NGC 2877,141.445750,2.229111,14.65,G,NGC
NGC 2878,NGC 2878,141.447750,2.089611,15.05,G,NGC
NGC 2879,NGC 2879,141.343833,-11.651500,0.00,Other,NGC
NGC 2880,NGC 2880,142.394000,62.490556,11.61,G,NGC
NGC 2881,NGC 2881,141.475833,-11.993889,0.00,GPair,NGC
NGC 2882,NGC 2882,141.650583,7.954472,13.50,G,NGC
NGC 2883,NGC 2883,141.326750,-34.103250,13.65,G,NGC
NGC 2884,NGC 2884,141.601875,-11.555583,13.61,G,NGC
NGC 2885,NGC 2885,141.827125,23.020111,16.00,G,NGC
NGC 2886,NGC 2886,141.661250,-21.737806,0.00,Other,NGC
NGC 2887,NGC 2887,140.850208,-63.812556,11.66,G,NGC
NGC 2888,NGC 2888,141.581958,-28.035083,12.57,G,NGC
NGC 2889,NGC 2889,141.802458,-11.643417,11.78,G,NGC
NGC 2890,NGC 2890,141.624333,-14.528694,15.23,G,NGC
NGC 2891,NGC 2891,141.735958,-24.783028,12.60,G,NGC
NGC 2892,NGC 2892,143.220542,67.617389,14.36,G,NGC
NGC 2893,NGC 2893,142.570667,29.539972,13.19,G,NGC
NGC 2894,NGC 2894,142.376000,7.718833,13.30,G,NGC
NGC 2895,NGC 2895,143.104375,57.482889,14.62,G,NGC
NGC 2896,NGC 2896,142.570708,23.663056,14.75,G,NGC
NGC 2897,NGC 2897,142.440500,2.206806,15.60,G,NGC
NGC 2898,NGC 2898,142.443083,2.064361,14.83,G,NGC
NGC 2899,NGC 2899,141.762333,-56.106028,11.80,PN,NGC
NGC 2900,NGC 2900,142.563292,4.144222,14.55,G,NGC
NGC 2901,NGC 2901,143.142708,31.111694,0.00,Other,NGC
NGC 2902,NGC 2902,142.720375,-14.735778,13.23,G,NGC
NGC 2903,NGC 2903,143.042125,21.500833,8.91,G,NGC
NGC 2904,NGC 2904,142.570833,-30.385028,12.46,G,NGC
NGC 2905,NGC 2905,143.042125,21.500833,0.00,Dup,NGC
NGC 2906,NGC 2906,143.025917,8.441778,13.17,G,NGC
NGC 2907,NGC 2907,142.903000,-16.734667,11.63,G,NGC
NGC 2908,NGC 2908,145.881042,79.701250,14.17,G,NGC
NGC 2909,NGC 2909,144.249583,65.940556,0.00,**,NGC
NGC 2910,NGC 2910,142.620917,-52.914000,7.20,OCl,NGC
NGC 2911,NGC 2911,143.442125,10.152444,13.18,G,NGC
NGC 2912,NGC 2912,143.487000,10.192222,0.00,*,NGC
NGC 2913,NGC 2913,143.511333,9.479194,14.14,G,NGC
NGC 2914,NGC 2914,143.511583,10.108583,13.12,G,NGC
NGC 2915,NGC 2915,141.548042,-76.626333,12.61,G,NGC
NGC 2916,NGC 2916,143.740000,21.705278,12.08,G,NGC
NGC 2917,NGC 2917,143.612083,-2.504167,14.36,G,NGC
NGC 2918,NGC 2918,143.933500,31.705472,13.52,G,NGC
NGC 2919,NGC 2919,143.698000,10.283722,13.60,G,NGC
NGC 2920,NGC 2920,143.551042,-20.859056,13.94,G,NGC
NGC 2921,NGC 2921,143.631667,-20.920361,12.96,G,NGC
NGC 2922,NGC 2922,144.218625,37.694889,13.64,G,NGC
NGC 2923,NGC 2923,144.015958,16.760389,15.64,G,NGC
NGC 2924,NGC 2924,143.795042,-16.398389,13.36,G,NGC
NGC 2925,NGC 2925,143.295500,-53.395972,8.30,OCl,NGC
NGC 2926,NGC 2926,144.379208,32.841417,14.44,G,NGC
NGC 2927,NGC 2927,144.313333,23.590611,13.96,G,NGC
NGC 2928,NGC 2928,144.292000,16.977194,14.88,G,NGC
NGC 2929,NGC 2929,144.374208,23.161667,14.48,G,NGC
NGC 2930,NGC 2930,144.385833,23.202500,14.92,G,NGC
NGC 2931,NGC 2931,144.406875,23.240750,14.84,G,NGC
NGC 2932,NGC 2932,143.965083,-46.924500,0.00,*Ass,NGC
NGC 2933,NGC 2933,144.479167,17.014722,15.02,G,NGC
NGC 2934,NGC 2934,144.479833,17.054500,17.08,G,NGC
NGC 2935,NGC 2935,144.186875,-21.128139,11.19,G,NGC
NGC 2936,NGC 2936,144.433958,2.760806,13.08,G,NGC
NGC 2937,NGC 2937,144.437625,2.747361,13.66,G,NGC
NGC 2938,NGC 2938,144.599125,76.319556,14.33,G,NGC
NGC 2939,NGC 2939,144.533625,9.521528,13.56,G,NGC
NGC 2940,NGC 2940,144.521625,9.616722,14.77,G,NGC
NGC 2941,NGC 2941,144.600875,17.044444,15.08,G,NGC
NGC 2942,NGC 2942,144.783167,34.006333,12.89,G,NGC
NGC 2943,NGC 2943,144.636958,17.031306,13.75,G,NGC
NGC 2944,NGC 2944,144.825833,32.308333,0.00,GPair,NGC
NGC 2945,NGC 2945,144.421375,-22.035056,13.34,G,NGC
NGC 2946,NGC 2946,144.756583,17.025333,14.79,G,NGC
NGC 2947,NGC 2947,144.024125,-12.436722,12.76,G,NGC
NGC 2948,NGC 2948,144.746625,6.955444,13.75,G,NGC
NGC 2949,NGC 2949,144.984375,16.787444,15.50,GPair,NGC
NGC 2950,NGC 2950,145.646458,58.851278,11.03,G,NGC
NGC 2951,NGC 2951,144.918333,-0.235278,15.10,GPair,NGC
NGC 2952,NGC 2952,144.404125,-10.183389,15.11,G,NGC
NGC 2953,NGC 2953,145.079333,14.832694,0.00,Other,NGC
NGC 2954,NGC 2954,145.100292,14.922639,12.39,G,NGC
NGC 2955,NGC 2955,145.319250,35.882278,12.89,G,NGC
NGC 2956,NGC 2956,144.821042,-19.101083,15.30,G,NGC
NGC 2957,NGC 2957,146.820417,72.985000,0.00,GPair,NGC
NGC 2957A,NGC 2957A,146.825000,72.984083,15.35,G,NGC
NGC 2958,NGC 2958,145.173417,11.888417,13.96,G,NGC
NGC 2959,NGC 2959,146.287375,68.594583,12.69,G,NGC
NGC 2960,NGC 2960,145.151583,3.577000,15.00,G,NGC
NGC 2961,NGC 2961,146.343625,68.608278,14.70,G,NGC
NGC 2962,NGC 2962,145.224708,5.165806,11.88,G,NGC
NGC 2963,NGC 2963,146.960083,72.964389,14.24,G,NGC
NGC 2964,NGC 2964,145.725958,31.847389,11.37,G,NGC
NGC 2965,NGC 2965,145.829792,36.247806,14.70,G,NGC
NGC 2966,NGC 2966,145.547833,4.673139,14.23,G,NGC
NGC 2967,NGC 2967,145.513708,0.336444,11.61,G,NGC
NGC 2968,NGC 2968,145.800042,31.928694,11.73,G,NGC
NGC 2969,NGC 2969,145.477083,-8.603000,13.73,G,NGC
NGC 2970,NGC 2970,145.879458,31.976972,13.64,G,NGC
NGC 2971,NGC 2971,145.942167,36.179361,14.83,G,NGC
NGC 2972,NGC 2972,145.048000,-50.320944,9.90,OCl,NGC
NGC 2973,NGC 2973,145.394792,-30.048389,0.00,Other,NGC
NGC 2974,NGC 2974,145.638667,-3.699139,10.89,G,NGC
NGC 2975,NGC 2975,145.316958,-16.674389,15.79,G,NGC
NGC 2976,NGC 2976,146.814417,67.916389,10.16,G,NGC
NGC 2977,NGC 2977,145.942875,74.860222,13.27,G,NGC
NGC 2978,NGC 2978,145.820000,-9.745889,13.97,G,NGC
NGC 2979,NGC 2979,145.786042,-10.383250,14.00,G,NGC
NGC 2980,NGC 2980,145.799875,-9.612389,12.99,G,NGC
NGC 2981,NGC 2981,146.235708,31.097833,14.82,G,NGC
NGC 2982,NGC 2982,145.500333,-44.027139,0.00,OCl,NGC
NGC 2983,NGC 2983,145.921250,-20.477194,11.87,G,NGC
NGC 2984,NGC 2984,145.918250,11.060861,14.30,G,NGC
NGC 2985,NGC 2985,147.592625,72.278639,10.51,G,NGC
NGC 2986,NGC 2986,146.066833,-21.278000,10.64,G,NGC
NGC 2987,NGC 2987,146.422792,4.941833,13.93,G,NGC
NGC 2988,NGC 2988,146.699875,22.012139,15.28,G,NGC
NGC 2989,NGC 2989,146.355083,-18.373917,13.37,G,NGC
NGC 2990,NGC 2990,146.571500,5.708806,12.76,G,NGC
NGC 2991,NGC 2991,146.708833,22.013944,12.64,G,NGC
NGC 2992,NGC 2992,146.425208,-14.326389,13.10,G,NGC
NGC 2993,NGC 2993,146.451375,-14.368306,12.64,G,NGC
NGC 2994,NGC 2994,146.817125,22.089500,13.08,G,NGC
NGC 2995,NGC 2995,145.996208,-54.596944,0.00,*Ass,NGC
NGC 2996,NGC 2996,146.625750,-21.571611,13.66,G,NGC
NGC 2997,NGC 2997,146.411625,-31.191083,9.41,G,NGC
NGC 2998,NGC 2998,147.181792,44.081444,12.54,G,NGC
NGC 2999,NGC 2999,145.048000,-50.320944,0.00,Dup,NGC
NGC 3000,NGC 3000,147.213667,44.130278,0.00,**,NGC
NGC 3001,NGC 3001,146.577750,-30.437472,11.57,G,NGC
NGC 3002,NGC 3002,147.239250,44.057222,0.00,*,NGC
NGC 3003,NGC 3003,147.150208,33.421500,11.78,G,NGC
NGC 3004,NGC 3004,147.260208,44.111028,0.00,*,NGC
NGC 3005,NGC 3005,147.311958,44.131306,14.94,G,NGC
NGC 3006,NGC 3006,147.322250,44.025806,15.57,G,NGC
NGC 3007,NGC 3007,146.940083,-6.438167,14.41,G,NGC
NGC 3008,NGC 3008,147.392750,44.102694,15.23,G,NGC
NGC 3009,NGC 3009,147.546375,44.295056,14.31,G,NGC
NGC 3010,NGC 3010,147.638125,44.314389,16.23,G,NGC
NGC 3010A,NGC 3010A,147.644042,44.323417,14.87,G,NGC
NGC 3010C,NGC 3010C,147.664125,44.330972,15.59,G,NGC
NGC 3011,NGC 3011,147.421667,32.221111,14.35,G,NGC
NGC 3012,NGC 3012,147.467125,34.714111,14.70,G,NGC
NGC 3013,NGC 3013,147.539000,33.569333,15.57,G,NGC
NGC 3014,NGC 3014,147.281875,-4.742944,14.76,G,NGC
NGC 3015,NGC 3015,147.345500,1.145417,14.27,G,NGC
NGC 3016,NGC 3016,147.461083,12.695222,13.70,G,NGC
NGC 3017,NGC 3017,147.262667,-2.821806,14.41,G,NGC
NGC 3018,NGC 3018,147.422708,0.621250,13.88,G,NGC
NGC 3019,NGC 3019,147.530042,12.746139,15.11,G,NGC
NGC 3020,NGC 3020,147.527500,12.813639,13.28,G,NGC
NGC 3021,NGC 3021,147.738125,33.553639,12.42,G,NGC
NGC 3022,NGC 3022,147.413542,-5.166583,14.46,G,NGC
NGC 3023,NGC 3023,147.469125,0.618167,12.70,G,NGC
NGC 3024,NGC 3024,147.614125,12.765500,13.80,G,NGC
NGC 3025,NGC 3025,147.371083,-21.742250,13.95,G,NGC
NGC 3026,NGC 3026,147.730708,28.551111,13.78,G,NGC
NGC 3027,NGC 3027,148.919167,72.203556,11.76,G,NGC
NGC 3028,NGC 3028,147.476000,-19.184167,13.56,G,NGC
NGC 3029,NGC 3029,147.225083,-8.050944,14.01,G,NGC
NGC 3030,NGC 3030,147.543833,-12.226417,14.41,G,NGC
NGC 3031,Bode's Galaxy,148.888208,69.065306,6.92,G,NGC
NGC 3032,NGC 3032,148.033958,29.236222,13.09,G,NGC
NGC 3033,NGC 3033,147.146000,-56.430056,8.80,OCl,NGC
NGC 3034,Cigar Galaxy,148.969708,69.679389,8.30,G,NGC
NGC 3035,NGC 3035,147.979292,-6.822917,13.50,G,NGC
NGC 3036,NGC 3036,147.316208,-62.675583,0.00,OCl,NGC
NGC 3037,NGC 3037,147.850083,-27.011111,13.72,G,NGC
NGC 3038,NGC 3038,147.814375,-32.752556,11.69,G,NGC
NGC 3039,NGC 3039,148.123625,2.154444,14.25,G,NGC
NGC 3040,NGC 3040,148.267917,19.437222,0.00,GPair,NGC
NGC 3041,NGC 3041,148.279750,16.677667,11.55,G,NGC
NGC 3042,NGC 3042,148.334250,0.697694,13.97,G,NGC
NGC 3043,NGC 3043,149.061875,59.307111,13.38,G,NGC
NGC 3044,NGC 3044,148.420333,1.579639,11.94,G,NGC
NGC 3045,NGC 3045,148.323583,-18.645111,13.77,G,NGC
NGC 3046,NGC 3046,148.494333,-27.286333,0.00,Dup,NGC
NGC 3047,NGC 3047,148.627917,-1.289722,0.00,GPair,NGC
NGC 3047A,NGC 3047A,148.633583,-1.290917,14.54,G,NGC
NGC 3047B,NGC 3047B,148.622875,-1.288056,14.89,G,NGC
NGC 3048,NGC 3048,148.738333,16.457778,0.00,GPair,NGC
NGC 3049,NGC 3049,148.706500,9.271083,13.53,G,NGC
NGC 3050,NGC 3050,145.786042,-10.383250,0.00,Dup,NGC
NGC 3051,NGC 3051,148.494333,-27.286333,15.00,G,NGC
NGC 3052,NGC 3052,148.616375,-18.638889,12.36,G,NGC
NGC 3053,NGC 3053,148.890042,16.432861,13.64,G,NGC
NGC 3054,NGC 3054,148.619167,-25.703444,11.48,G,NGC
NGC 3055,NGC 3055,148.825250,4.270028,12.06,G,NGC
NGC 3056,NGC 3056,148.637000,-28.298194,11.70,G,NGC
NGC 3057,NGC 3057,151.414000,80.285694,13.09,G,NGC
NGC 3058,NGC 3058,148.398958,-12.481556,0.00,GPair,NGC
NGC 3059,NGC 3059,147.534000,-73.922194,11.30,G,NGC
NGC 3060,NGC 3060,149.080000,16.831222,13.75,G,NGC
NGC 3061,NGC 3061,149.050042,75.866500,13.48,G,NGC
NGC 3062,NGC 3062,149.149125,1.428556,15.17,G,NGC
NGC 3063,NGC 3063,150.424042,72.117833,0.00,**,NGC
NGC 3064,NGC 3064,148.922708,-6.363917,14.98,G,NGC
NGC 3065,NGC 3065,150.480083,72.170333,13.12,G,NGC
NGC 3066,NGC 3066,150.546125,72.125389,12.89,G,NGC
NGC 3067,NGC 3067,149.587833,32.369889,12.13,G,NGC
NGC 3068,NGC 3068,149.667083,28.877556,14.05,G,NGC
NGC 3069,NGC 3069,149.486250,10.432444,15.02,G,NGC
NGC 3070,NGC 3070,149.528958,10.359778,12.29,G,NGC
NGC 3071,NGC 3071,149.720792,31.620306,15.35,G,NGC
NGC 3072,NGC 3072,149.349542,-19.354972,13.83,G,NGC
NGC 3073,NGC 3073,150.217000,55.618833,13.43,G,NGC
NGC 3074,NGC 3074,149.921708,35.392806,12.83,G,NGC
NGC 3075,NGC 3075,149.734167,14.420472,14.42,G,NGC
NGC 3076,NGC 3076,149.406750,-18.178694,14.11,G,NGC
NGC 3077,NGC 3077,150.829458,68.733917,9.88,G,NGC
NGC 3078,NGC 3078,149.602542,-26.926667,11.16,G,NGC
NGC 3079,NGC 3079,150.490833,55.679778,10.71,G,NGC
NGC 3080,NGC 3080,149.982667,13.043833,15.01,G,NGC
NGC 3081,NGC 3081,149.873083,-22.826278,12.90,G,NGC
NGC 3082,NGC 3082,149.721125,-30.357694,13.59,G,NGC
NGC 3083,NGC 3083,149.956958,-2.877472,14.34,G,NGC
NGC 3084,NGC 3084,149.776750,-27.128806,13.20,G,NGC
NGC 3085,NGC 3085,149.871583,-19.492278,12.92,G,NGC
NGC 3086,NGC 3086,150.045792,-2.976167,14.66,G,NGC
NGC 3087,NGC 3087,149.786083,-34.225222,11.43,G,NGC
NGC 3088,NGC 3088,150.287917,22.403611,0.00,GPair,NGC
NGC 3088A,NGC 3088A,150.279958,22.403167,14.40,G,NGC
NGC 3088B,NGC 3088B,150.290417,22.402306,15.95,G,NGC
NGC 3089,NGC 3089,149.902833,-28.331361,13.23,G,NGC
NGC 3090,NGC 3090,150.125958,-2.969000,12.58,G,NGC
NGC 3091,NGC 3091,150.059542,-19.636972,11.00,G,NGC
NGC 3092,NGC 3092,150.197625,-3.012389,14.70,G,NGC
NGC 3093,NGC 3093,150.223292,-2.972000,15.35,G,NGC
NGC 3094,NGC 3094,150.358083,15.770083,13.43,G,NGC
NGC 3095,NGC 3095,150.024292,-31.552861,11.63,G,NGC
NGC 3096,NGC 3096,150.137958,-19.661972,13.09,G,NGC
NGC 3097,NGC 3097,151.066958,60.125778,0.00,Other,NGC
NGC 3098,NGC 3098,150.569542,24.711083,11.96,G,NGC
NGC 3099,NGC 3099,150.652292,32.706722,15.22,G,NGC
NGC 3100,NGC 3100,150.170167,-31.664528,11.37,G,NGC
NGC 3101,NGC 3101,150.397625,-2.994417,15.37,G,NGC
NGC 3102,NGC 3102,151.132333,60.107972,14.23,G,NGC
NGC 3103,NGC 3103,150.170167,-31.664528,0.00,Dup,NGC
NGC 3104,NGC 3104,150.988958,40.756917,12.78,G,NGC
NGC 3105,NGC 3105,150.164667,-54.787694,9.70,OCl,NGC
NGC 3106,NGC 3106,151.021875,31.185472,12.42,G,NGC
NGC 3107,NGC 3107,151.093625,13.621333,13.57,G,NGC
NGC 3108,NGC 3108,150.620958,-31.677417,11.47,G,NGC
NGC 3109,NGC 3109,150.778667,-26.159583,10.54,G,NGC
NGC 3110,NGC 3110,151.008792,-6.474778,13.00,G,NGC
NGC 3111,NGC 3111,151.531000,47.262639,14.12,G,NGC
NGC 3112,NGC 3112,150.996583,-20.781806,15.99,G,NGC
NGC 3113,NGC 3113,151.108792,-28.444028,13.34,G,NGC
NGC 3114,NGC 3114,150.623208,-60.130528,4.20,OCl,NGC
NGC 3115,Spindle Galaxy,151.308250,-7.718583,9.09,G,NGC
NGC 3116,NGC 3116,151.687708,31.097722,15.23,G,NGC
NGC 3117,NGC 3117,151.543750,2.912861,14.52,G,NGC
NGC 3118,NGC 3118,151.798083,33.027389,14.31,G,NGC
NGC 3119,NGC 3119,151.716125,14.373528,14.14,G,NGC
NGC 3120,NGC 3120,151.346000,-34.219944,12.77,G,NGC
NGC 3121,NGC 3121,151.716125,14.373528,0.00,Dup,NGC
NGC 3122,NGC 3122,151.008792,-6.474778,0.00,Dup,NGC
NGC 3123,NGC 3123,151.757708,0.067139,0.00,Other,NGC
NGC 3124,NGC 3124,151.666250,-19.221583,12.15,G,NGC
NGC 3125,NGC 3125,151.639042,-29.934861,12.87,G,NGC
NGC 3126,NGC 3126,152.086083,31.862694,13.53,G,NGC
NGC 3127,NGC 3127,151.603542,-16.126083,14.81,G,NGC
NGC 3128,NGC 3128,151.505708,-16.122028,14.11,G,NGC
NGC 3129,NGC 3129,152.080250,18.430639,0.00,**,NGC
NGC 3130,NGC 3130,152.051417,9.977000,14.28,G,NGC
NGC 3131,NGC 3131,152.151708,18.231222,13.88,G,NGC
NGC 3132,Eight-Burst Nebula,151.757208,-40.436583,9.20,PN,NGC
NGC 3133,NGC 3133,151.803375,-11.965306,15.73,G,NGC
NGC 3134,NGC 3134,153.122042,12.377250,14.74,G,NGC
NGC 3135,NGC 3135,152.726583,45.950361,14.33,G,NGC
NGC 3136,NGC 3136,151.450667,-67.377972,10.67,G,NGC
NGC 3136A,NGC 3136A,150.885750,-67.448472,15.53,G,NGC
NGC 3136B,NGC 3136B,152.553875,-67.005083,11.79,G,NGC
NGC 3137,NGC 3137,152.281167,-29.064306,11.57,G,NGC
NGC 3138,NGC 3138,152.319458,-11.956750,15.58,G,NGC
NGC 3139,NGC 3139,152.521583,-11.778250,14.62,G,NGC
NGC 3140,NGC 3140,152.365917,-16.628167,14.07,G,NGC
NGC 3141,NGC 3141,152.332875,-16.653417,16.14,G,NGC
NGC 3142,NGC 3142,152.526542,-8.479750,14.48,G,NGC
NGC 3143,NGC 3143,152.516583,-12.581361,14.28,G,NGC
NGC 3144,NGC 3144,153.884083,74.220278,14.24,G,NGC
NGC 3145,NGC 3145,152.541125,-12.433778,12.00,G,NGC
NGC 3146,NGC 3146,152.791125,-20.870694,14.03,G,NGC
NGC 3147,NGC 3147,154.223542,73.400750,11.94,G,NGC
NGC 3148,NGC 3148,153.432625,50.496528,6.63,*,NGC
NGC 3149,NGC 3149,150.933708,-80.421667,13.49,G,NGC
NGC 3150,NGC 3150,153.359667,38.657667,15.27,G,NGC
NGC 3151,NGC 3151,153.371208,38.619833,14.96,G,NGC
NGC 3152,NGC 3152,153.392167,38.843194,15.32,G,NGC
NGC 3153,NGC 3153,153.210417,12.666667,12.84,G,NGC
NGC 3154,NGC 3154,153.255333,17.034167,14.26,G,NGC
NGC 3155,NGC 3155,154.416042,74.347389,13.83,G,NGC
MWSC3156,MWSC3156,295.435042,-33.999472,11.54,GCl,NGC
NGC 3156,NGC 3156,153.171875,3.129361,12.30,G,NGC
NGC 3157,NGC 3157,152.926792,-31.642861,13.91,G,NGC
NGC 3158,NGC 3158,153.460500,38.764889,11.88,G,NGC
NGC 3159,NGC 3159,153.470125,38.654472,13.59,G,NGC
NGC 3160,NGC 3160,153.479458,38.842833,15.02,G,NGC
NGC 3161,NGC 3161,153.496667,38.657139,15.26,G,NGC
NGC 3162,NGC 3162,153.381625,22.737556,11.72,G,NGC
NGC 3163,NGC 3163,153.529583,38.652556,13.34,G,NGC
NGC 3164,NGC 3164,153.797583,56.672083,14.52,G,NGC
NGC 3165,NGC 3165,153.380417,3.375028,13.87,G,NGC
NGC 3166,NGC 3166,153.440000,3.424722,10.62,G,NGC
NGC 3167,NGC 3167,153.649542,29.596333,0.00,Other,NGC
NGC 3168,NGC 3168,154.095875,60.234944,14.46,G,NGC
NGC 3169,NGC 3169,153.562708,3.466083,10.89,G,NGC
NGC 3170,NGC 3170,154.060542,46.612361,0.00,**,NGC
MWSC3171,MWSC3171,296.310000,-8.007222,7.54,GCl,NGC
NGC 3171,NGC 3171,153.903417,-20.647389,14.05,G,NGC
NGC 3172,Polarissima Borealis,176.808333,89.093056,15.00,G,NGC
NGC 3173,NGC 3173,153.645292,-27.692833,13.68,G,NGC
NGC 3174,NGC 3174,153.884083,74.220278,0.00,Dup,NGC
NGC 3175,NGC 3175,153.675458,-28.872056,11.26,G,NGC
NGC 3176,NGC 3176,153.823083,-19.032556,0.00,Other,NGC
NGC 3177,NGC 3177,154.142250,21.123056,12.37,G,NGC
NGC 3178,NGC 3178,154.038208,-15.791278,13.68,G,NGC
NGC 3179,NGC 3179,154.488375,41.114306,14.08,G,NGC
NGC 3180,NGC 3180,154.540292,41.445028,0.00,HII,NGC
NGC 3181,NGC 3181,154.547958,41.412694,15.79,HII,NGC
NGC 3182,NGC 3182,154.887583,58.205722,12.95,G,NGC
NGC 3183,NGC 3183,155.454167,74.176861,12.67,G,NGC
NGC 3184,NGC 3184,154.570250,41.424056,9.84,G,NGC
NGC 3185,NGC 3185,154.410708,21.688250,12.20,G,NGC
NGC 3186,NGC 3186,153.972458,6.963750,15.04,G,NGC
NGC 3187,NGC 3187,154.449417,21.873333,13.28,G,NGC
NGC 3188,NGC 3188,154.928375,57.423472,15.00,G,NGC
NGC 3188A,NGC 3188A,154.909500,57.418583,16.86,G,NGC
NGC 3189,NGC 3189,154.523458,21.832306,11.05,G,NGC
NGC 3190,NGC 3190,154.523458,21.832306,0.00,Dup,NGC
NGC 3191,NGC 3191,154.771375,46.454111,14.01,G,NGC
NGC 3192,NGC 3192,154.771375,46.454111,0.00,Dup,NGC
NGC 3193,NGC 3193,154.603750,21.893972,11.02,G,NGC
NGC 3194,NGC 3194,154.416042,74.347389,0.00,Dup,NGC
NGC 3195,NGC 3195,152.337417,-80.858583,11.60,PN,NGC
NGC 3196,NGC 3196,154.704292,27.668944,16.08,G,NGC
NGC 3197,NGC 3197,153.615292,77.820250,14.44,G,NGC
NGC 3198,NGC 3198,154.978958,45.549611,10.38,G,NGC
NGC 3199,NGC 3199,154.351792,-57.922222,0.00,Neb,NGC
NGC 3200,NGC 3200,154.652292,-17.982528,12.10,G,NGC
NGC 3201,NGC 3201,154.403167,-46.411222,8.24,GCl,NGC
NGC 3202,NGC 3202,155.132250,43.021611,14.09,G,NGC
NGC 3203,NGC 3203,154.890958,-26.698889,12.13,G,NGC
NGC 3204,NGC 3204,155.046167,27.817056,14.63,G,NGC
NGC 3205,NGC 3205,155.208208,42.972056,14.31,G,NGC
NGC 3206,NGC 3206,155.448292,56.930417,13.29,G,NGC
NGC 3207,NGC 3207,155.252292,42.985306,14.33,G,NGC
NGC 3208,NGC 3208,154.922042,-25.814750,12.89,G,NGC
NGC 3209,NGC 3209,155.160083,25.504972,13.85,G,NGC
NGC 3210,NGC 3210,156.996667,79.832528,0.00,**,NGC
NGC 3211,NGC 3211,154.460458,-62.670056,10.70,PN,NGC
NGC 3212,NGC 3212,157.068583,79.823389,14.32,G,NGC
NGC 3213,NGC 3213,155.322292,19.651778,14.21,G,NGC
NGC 3214,NGC 3214,155.786625,57.039083,15.01,G,NGC
NGC 3215,NGC 3215,157.169083,79.813083,13.95,G,NGC
NGC 3216,NGC 3216,155.421792,23.923056,14.46,G,NGC
NGC 3217,NGC 3217,155.885917,10.959722,15.21,G,NGC
NGC 3218,NGC 3218,155.454167,74.176861,0.00,Dup,NGC
NGC 3219,NGC 3219,155.656000,38.579167,14.21,G,NGC
NGC 3220,NGC 3220,155.936083,57.026861,13.95,G,NGC
NGC 3221,NGC 3221,155.583250,21.569583,14.05,G,NGC
NGC 3222,NGC 3222,155.643792,19.887028,12.79,G,NGC
NGC 3223,NGC 3223,155.396167,-34.266806,10.96,G,NGC
NGC 3224,NGC 3224,155.421625,-34.696778,12.21,G,NGC
NGC 3225,NGC 3225,156.291250,58.150000,13.66,G,NGC
NGC 3226,NGC 3226,155.862542,19.898528,12.95,G,NGC
NGC 3227,NGC 3227,155.877417,19.865056,11.72,G,NGC
NGC 3228,NGC 3228,155.342667,-51.722583,6.00,OCl,NGC
NGC 3229,NGC 3229,155.851500,0.064806,0.00,Other,NGC
NGC 3230,NGC 3230,155.933167,12.567778,14.79,G,NGC
NGC 3231,NGC 3231,156.741042,66.815167,0.00,OCl,NGC
NGC 3232,NGC 3232,156.100958,28.026139,15.50,G,NGC
NGC 3233,NGC 3233,155.489417,-22.267750,13.54,G,NGC
NGC 3234,NGC 3234,156.247125,28.023917,14.46,G,NGC
NGC 3235,NGC 3235,156.247125,28.023917,0.00,Dup,NGC
NGC 3236,NGC 3236,156.702125,61.272917,15.12,G,NGC
NGC 3237,NGC 3237,156.430417,39.646389,14.08,G,NGC
NGC 3238,NGC 3238,156.679125,57.226333,13.96,G,NGC
NGC 3239,NGC 3239,156.270375,17.163583,11.40,G,NGC
NGC 3240,NGC 3240,156.127625,-21.791028,13.91,G,NGC
NGC 3241,NGC 3241,156.070667,-32.482611,12.99,G,NGC
NGC 3242,Jupiter's Ghost Nebula,156.192000,-18.642222,7.70,PN,NGC
NGC 3243,NGC 3243,156.589458,-2.622194,14.47,G,NGC
NGC 3244,NGC 3244,156.370167,-39.827556,12.32,G,NGC
NGC 3245,NGC 3245,156.826625,28.507444,10.75,G,NGC
NGC 3245A,NGC 3245A,156.754708,28.639333,15.23,G,NGC
NGC 3246,NGC 3246,156.674208,3.861917,13.73,G,NGC
NGC 3247,NGC 3247,156.058333,-57.763333,7.60,HII,NGC
NGC 3248,NGC 3248,156.939333,22.847194,13.81,G,NGC
NGC 3249,NGC 3249,156.592542,-34.963694,13.86,G,NGC
NGC 3250,NGC 3250,156.634500,-39.943944,11.02,G,NGC
NGC 3250A,NGC 3250A,156.973875,-40.081333,15.66,G,NGC
NGC 3250B,NGC 3250B,156.936542,-40.435028,12.63,G,NGC
NGC 3250C,NGC 3250C,156.926958,-40.002583,14.23,G,NGC
NGC 3250D,NGC 3250D,156.991417,-39.814778,14.37,G,NGC
NGC 3250E,NGC 3250E,157.252917,-40.082806,13.26,G,NGC
NGC 3251,NGC 3251,157.320167,26.099250,14.07,G,NGC
NGC 3252,NGC 3252,158.596417,73.764972,14.10,G,NGC
NGC 3253,NGC 3253,157.113833,12.704056,13.59,G,NGC
NGC 3254,NGC 3254,157.333083,29.491833,11.66,G,NGC
NGC 3255,NGC 3255,156.630667,-60.675194,11.00,OCl,NGC
NGC 3256,NGC 3256,156.963625,-43.903750,11.58,G,NGC
NGC 3256A,NGC 3256A,156.462667,-43.748083,15.06,G,NGC
NGC 3256B,NGC 3256B,157.254458,-44.402889,13.79,G,NGC
NGC 3256C,NGC 3256C,157.273917,-43.849278,13.32,G,NGC
NGC 3257,NGC 3257,157.196333,-35.658083,13.12,G,NGC
NGC 3258,NGC 3258,157.223208,-35.605528,11.41,G,NGC
NGC 3258A,NGC 3258A,157.079833,-35.454472,13.24,G,NGC
NGC 3258B,NGC 3258B,157.605417,-35.563556,15.54,G,NGC
NGC 3258C,NGC 3258C,157.850625,-35.220472,14.60,G,NGC
NGC 3258D,NGC 3258D,157.982208,-35.409806,13.98,G,NGC
NGC 3258E,NGC 3258E,158.103792,-34.998361,15.41,G,NGC
NGC 3259,NGC 3259,158.145208,65.041083,12.72,G,NGC
NGC 3260,NGC 3260,157.276625,-35.595194,12.67,G,NGC
NGC 3261,NGC 3261,157.256083,-44.656833,11.41,G,NGC
NGC 3262,NGC 3262,157.275958,-44.159667,13.13,G,NGC
NGC 3263,NGC 3263,157.305667,-44.122917,12.15,G,NGC
NGC 3264,NGC 3264,158.082083,56.085278,13.16,G,NGC
NGC 3265,NGC 3265,157.778208,28.796667,13.54,G,NGC
NGC 3266,NGC 3266,158.323375,64.749389,13.46,G,NGC
NGC 3267,NGC 3267,157.452458,-35.322389,13.35,G,NGC
NGC 3268,NGC 3268,157.502750,-35.325472,11.41,G,NGC
NGC 3269,NGC 3269,157.487750,-35.224389,12.26,G,NGC
NGC 3270,NGC 3270,157.874917,24.869444,13.05,G,NGC
NGC 3271,NGC 3271,157.610375,-35.359500,11.73,G,NGC
NGC 3272,NGC 3272,157.950625,28.468778,0.00,**,NGC
NGC 3273,NGC 3273,157.621542,-35.610639,12.48,G,NGC
NGC 3274,NGC 3274,158.071958,27.668778,12.84,G,NGC
NGC 3275,NGC 3275,157.715833,-36.736972,11.65,G,NGC
NGC 3276,NGC 3276,157.788333,-39.944667,14.46,G,NGC
NGC 3277,NGC 3277,158.231042,28.511722,11.65,G,NGC
NGC 3278,NGC 3278,157.897458,-39.954639,13.09,G,NGC
NGC 3279,NGC 3279,158.678333,11.197333,13.87,G,NGC
NGC 3280,NGC 3280,158.188625,-12.636250,0.00,GTrpl,NGC
NGC 3280A,NGC 3280A,158.193250,-12.634583,15.95,G,NGC
NGC 3280B,NGC 3280B,158.182542,-12.637306,15.13,G,NGC
NGC 3280C,NGC 3280C,158.189792,-12.637222,16.02,G,NGC
NGC 3281,NGC 3281,157.967042,-34.853694,11.95,G,NGC
NGC 3281A,NGC 3281A,157.992833,-35.198500,14.44,G,NGC
NGC 3281B,NGC 3281B,157.967333,-35.204861,15.14,G,NGC
NGC 3281C,NGC 3281C,158.248125,-34.886222,14.38,G,NGC
NGC 3281D,NGC 3281D,158.579250,-34.403417,14.66,G,NGC
NGC 3282,NGC 3282,158.091333,-22.302278,14.06,G,NGC
NGC 3283,NGC 3283,157.798333,-46.251278,11.74,G,NGC
NGC 3284,NGC 3284,159.088500,58.620167,13.67,G,NGC
NGC 3285,NGC 3285,158.399333,-27.454444,11.98,G,NGC
NGC 3285A,NGC 3285A,158.203250,-27.522444,13.84,G,NGC
NGC 3285B,NGC 3285B,158.653667,-27.652944,13.20,G,NGC
NGC 3286,NGC 3286,159.088500,58.620167,0.00,Dup,NGC
NGC 3287,NGC 3287,158.697083,21.648278,12.83,G,NGC
NGC 3288,NGC 3288,159.106958,58.556194,13.99,G,NGC
NGC 3289,NGC 3289,158.530958,-35.323389,12.55,G,NGC
NGC 3290,NGC 3290,158.822625,-17.276778,14.44,G,NGC
NGC 3291,NGC 3291,159.027000,37.274417,0.00,*,NGC
NGC 3292,NGC 3292,158.893458,-6.179611,14.79,G,NGC
NGC 3293,NGC 3293,158.953208,-58.224472,4.70,OCl,NGC
NGC 3294,NGC 3294,159.067708,37.324694,11.68,G,NGC
NGC 3295,NGC 3295,158.188625,-12.636250,0.00,Dup,NGC
NGC 3296,NGC 3296,158.189167,-12.717417,14.89,G,NGC
NGC 3297,NGC 3297,158.299167,-12.671833,15.56,G,NGC
NGC 3298,NGC 3298,159.301167,50.120583,14.80,G,NGC
NGC 3299,NGC 3299,159.099167,12.707389,14.00,G,NGC
NGC 3300,NGC 3300,159.160167,14.171111,13.32,G,NGC
NGC 3301,NGC 3301,159.233500,21.882139,11.41,G,NGC
NGC 3302,NGC 3302,158.947625,-32.358500,13.59,G,NGC
NGC 3303,NGC 3303,159.249167,18.136667,0.00,GPair,NGC
NGC 3304,NGC 3304,159.407958,37.455639,14.34,G,NGC
NGC 3305,NGC 3305,159.048958,-27.162194,12.74,G,NGC
NGC 3306,NGC 3306,159.292583,12.652472,13.84,G,NGC
NGC 3307,NGC 3307,159.071542,-27.529750,14.40,G,NGC
NGC 3308,NGC 3308,159.093333,-27.438139,12.30,G,NGC
NGC 3309,NGC 3309,159.148750,-27.518444,11.74,G,NGC
NGC 3310,NGC 3310,159.691083,53.503389,11.61,G,NGC
NGC 3311,NGC 3311,159.178417,-27.528333,11.32,G,NGC
NGC 3312,NGC 3312,159.260500,-27.565056,12.89,G,NGC
NGC 3313,NGC 3313,159.356042,-25.319444,11.73,G,NGC
NGC 3314,NGC 3314,159.305000,-27.684444,0.00,GPair,NGC
NGC 3314A,NGC 3314A,159.303542,-27.683944,13.11,G,NGC
NGC 3314B,NGC 3314B,159.305208,-27.684972,13.51,G,NGC
NGC 3315,NGC 3315,159.330125,-27.192306,13.05,G,NGC
NGC 3316,NGC 3316,159.405500,-27.594306,12.59,G,NGC
NGC 3317,NGC 3317,159.429625,-27.519611,0.00,Other,NGC
NGC 3318,NGC 3318,159.314625,-41.627556,11.50,G,NGC
NGC 3318A,NGC 3318A,158.883750,-41.740944,15.84,G,NGC
NGC 3318B,NGC 3318B,159.391000,-41.465389,13.91,G,NGC
NGC 3319,NGC 3319,159.789417,41.686667,11.37,G,NGC
NGC 3320,NGC 3320,159.902208,47.397917,12.96,G,NGC
NGC 3321,NGC 3321,159.710667,-11.648861,13.67,G,NGC
NGC 3322,NGC 3322,159.710667,-11.648861,0.00,Dup,NGC
NGC 3323,NGC 3323,159.912667,25.322750,14.34,G,NGC
NGC 3324,NGC 3324,159.317542,-58.619556,6.70,Cl+N,NGC
NGC 3325,NGC 3325,159.835208,-0.200250,13.00,G,NGC
NGC 3326,NGC 3326,159.882750,5.107611,14.22,G,NGC
NGC 3327,NGC 3327,159.991417,24.091250,14.03,G,NGC
NGC 3328,NGC 3328,159.976042,9.300111,0.00,*,NGC
NGC 3329,NGC 3329,161.164042,76.809444,12.82,G,NGC
NGC 3330,NGC 3330,159.689292,-54.130722,7.40,OCl,NGC
NGC 3331,NGC 3331,160.037250,-23.820361,13.97,G,NGC
NGC 3332,NGC 3332,160.118208,9.182556,13.59,G,NGC
NGC 3333,NGC 3333,159.957625,-36.036167,13.12,G,NGC
NGC 3334,NGC 3334,160.380000,37.312861,12.84,G,NGC
NGC 3335,NGC 3335,159.891917,-23.922694,14.07,G,NGC
NGC 3336,NGC 3336,160.070917,-27.777083,12.31,G,NGC
NGC 3337,NGC 3337,160.448292,4.988389,15.07,G,NGC
NGC 3338,NGC 3338,160.531417,13.747000,10.88,G,NGC
NGC 3339,NGC 3339,160.541917,-0.369250,15.40,*,NGC
NGC 3340,NGC 3340,160.574958,-0.376861,13.24,G,NGC
NGC 3341,NGC 3341,160.631125,5.043806,14.84,G,NGC
NGC 3342,NGC 3342,160.118208,9.182556,0.00,Dup,NGC
NGC 3343,NGC 3343,161.543542,73.353139,14.63,G,NGC
NGC 3344,NGC 3344,160.879792,24.922222,9.98,G,NGC
NGC 3345,NGC 3345,160.883417,11.985278,0.00,**,NGC
NGC 3346,NGC 3346,160.912125,14.871861,12.57,G,NGC
NGC 3347,NGC 3347,160.693958,-36.352667,11.51,G,NGC
NGC 3347A,NGC 3347A,160.085875,-36.411111,13.46,G,NGC
NGC 3347B,NGC 3347B,160.499250,-36.935333,13.72,G,NGC
NGC 3347C,NGC 3347C,160.223708,-36.287917,14.86,G,NGC
NGC 3348,NGC 3348,161.791667,72.839667,10.92,G,NGC
NGC 3349,NGC 3349,160.960667,6.762972,15.09,G,NGC
NGC 3350,NGC 3350,161.095708,30.724861,15.29,G,NGC
NGC 3351,NGC 3351,160.990417,11.703806,9.77,G,NGC
NGC 3352,NGC 3352,161.062208,22.371194,12.56,G,NGC
NGC 3353,NGC 3353,161.343375,55.960389,12.70,G,NGC
NGC 3354,NGC 3354,160.762250,-36.362389,13.23,G,NGC
NGC 3355,NGC 3355,160.358292,-23.384250,13.73,G,NGC
NGC 3356,NGC 3356,161.050958,6.758778,13.28,G,NGC
NGC 3357,NGC 3357,161.086417,14.084472,14.10,G,NGC
NGC 3358,NGC 3358,160.887583,-36.410694,11.61,G,NGC
NGC 3359,NGC 3359,161.653583,63.224222,10.55,G,NGC
NGC 3360,NGC 3360,161.067417,-11.242556,13.73,G,NGC
NGC 3361,NGC 3361,161.121542,-11.207917,12.84,G,NGC
NGC 3362,NGC 3362,161.215500,6.596722,15.00,G,NGC
NGC 3363,NGC 3363,161.289417,22.078500,14.47,G,NGC
NGC 3364,NGC 3364,162.124250,72.425028,13.47,G,NGC
NGC 3365,NGC 3365,161.552458,1.813278,12.57,G,NGC
NGC 3366,NGC 3366,158.784500,-43.691806,11.71,G,NGC
NGC 3367,NGC 3367,161.645625,13.750861,11.73,G,NGC
NGC 3368,NGC 3368,161.690583,11.819944,9.21,G,NGC
NGC 3369,NGC 3369,161.686042,-25.244444,13.58,G,NGC
NGC 3370,NGC 3370,161.766875,17.273611,12.16,G,NGC
NGC 3371,NGC 3371,162.070375,12.629278,0.00,Dup,NGC
NGC 3372,Carina Nebula,161.285542,-59.866694,3.00,HII,NGC
NGC 3373,NGC 3373,162.116292,12.533194,0.00,Dup,NGC
NGC 3374,NGC 3374,162.004375,43.186556,14.51,G,NGC
NGC 3375,NGC 3375,161.753292,-9.941306,12.61,G,NGC
NGC 3376,NGC 3376,161.860708,6.048139,14.16,G,NGC
NGC 3377,NGC 3377,161.926375,13.985917,10.27,G,NGC
NGC 3377A,NGC 3377A,161.842917,14.069444,13.71,G,NGC
NGC 3378,NGC 3378,161.680292,-40.016028,13.46,G,NGC
NGC 3379,NGC 3379,161.956625,12.581611,9.27,G,NGC
NGC 3380,NGC 3380,162.050750,28.601778,13.45,G,NGC
NGC 3381,NGC 3381,162.103417,34.711417,12.89,G,NGC
NGC 3382,NGC 3382,162.104292,36.725444,0.00,**,NGC
NGC 3383,NGC 3383,161.830000,-24.438167,13.55,G,NGC
NGC 3384,NGC 3384,162.070375,12.629278,9.96,G,NGC
NGC 3385,NGC 3385,162.048458,4.927750,13.57,G,NGC
NGC 3386,NGC 3386,162.049625,4.998583,14.57,G,NGC
NGC 3387,NGC 3387,162.069750,4.966611,0.00,Other,NGC
NGC 3388,NGC 3388,162.856375,8.567139,0.00,Dup,NGC
NGC 3389,NGC 3389,162.116292,12.533194,12.04,G,NGC
NGC 3390,NGC 3390,162.018167,-31.533361,12.23,G,NGC
NGC 3391,NGC 3391,162.234833,14.219833,13.30,G,NGC
NGC 3392,NGC 3392,162.762500,65.781556,16.11,G,NGC
NGC 3393,NGC 3393,162.097750,-25.162056,13.09,G,NGC
NGC 3394,NGC 3394,162.666000,65.727222,13.15,G,NGC
NGC 3395,NGC 3395,162.458792,32.982861,12.06,G,NGC
NGC 3396,NGC 3396,162.479458,32.990833,12.50,G,NGC
NGC 3397,NGC 3397,161.164042,76.809444,0.00,Dup,NGC
NGC 3398,NGC 3398,162.880958,55.390972,14.42,G,NGC
NGC 3399,NGC 3399,162.365000,16.218556,14.48,G,NGC
NGC 3400,NGC 3400,162.689458,28.469083,14.07,G,NGC
NGC 3401,NGC 3401,162.582792,5.811500,0.00,Other,NGC
NGC 3402,NGC 3402,162.610292,-12.844611,11.89,G,NGC
NGC 3403,NGC 3403,163.478583,73.690361,13.02,G,NGC
NGC 3404,NGC 3404,162.574917,-12.108722,14.06,G,NGC
NGC 3405,NGC 3405,162.432500,16.240278,0.00,GPair,NGC
NGC 3406,NGC 3406,162.934167,51.023889,0.00,GPair,NGC
NGC 3407,NGC 3407,163.074125,61.379639,14.63,G,NGC
NGC 3408,NGC 3408,163.048667,58.438139,14.23,G,NGC
NGC 3409,NGC 3409,162.584792,-17.043639,15.81,G,NGC
NGC 3410,NGC 3410,162.973792,51.006500,14.89,G,NGC
NGC 3411,NGC 3411,162.610292,-12.844611,0.00,Dup,NGC
NGC 3412,NGC 3412,162.722000,13.412139,10.53,G,NGC
NGC 3413,NGC 3413,162.836417,32.766389,13.12,G,NGC
NGC 3414,NGC 3414,162.817542,27.975111,11.09,G,NGC
NGC 3415,NGC 3415,162.927500,43.712611,12.61,G,NGC
NGC 3416,NGC 3416,162.951292,43.764139,15.51,G,NGC
NGC 3417,NGC 3417,162.757167,8.473500,15.21,G,NGC
NGC 3418,NGC 3418,162.849792,28.112028,14.28,G,NGC
NGC 3419,NGC 3419,162.823917,13.946000,13.84,G,NGC
NGC 3419A,NGC 3419A,162.833083,14.023444,14.85,G,NGC
NGC 3420,NGC 3420,162.540250,-17.242528,15.01,G,NGC
NGC 3421,NGC 3421,162.740125,-12.448528,14.58,G,NGC
NGC 3422,NGC 3422,162.822250,-12.402389,14.71,G,NGC
NGC 3423,NGC 3423,162.809708,5.840028,11.17,G,NGC
NGC 3424,NGC 3424,162.943042,32.900750,13.13,G,NGC
NGC 3425,NGC 3425,162.856375,8.567139,14.44,G,NGC
NGC 3426,NGC 3426,162.923958,18.480833,13.78,G,NGC
NGC 3427,NGC 3427,162.859708,8.298694,13.95,G,NGC
NGC 3428,NGC 3428,162.872958,9.279500,14.03,G,NGC
NGC 3429,NGC 3429,162.872958,9.279500,0.00,Dup,NGC
NGC 3430,NGC 3430,163.047500,32.950444,11.81,G,NGC
NGC 3431,NGC 3431,162.812667,-17.008028,14.53,G,NGC
NGC 3432,NGC 3432,163.129708,36.618778,11.27,G,NGC
NGC 3433,NGC 3433,163.016125,10.148306,13.30,G,NGC
NGC 3434,NGC 3434,162.991792,3.792056,13.47,G,NGC
NGC 3435,NGC 3435,163.701375,61.289861,14.05,G,NGC
NGC 3436,NGC 3436,163.114542,8.094028,14.92,G,NGC
NGC 3437,NGC 3437,163.148958,22.934139,12.19,G,NGC
NGC 3438,NGC 3438,163.108250,10.547250,14.25,G,NGC
NGC 3439,NGC 3439,163.107167,8.557583,15.24,G,NGC
NGC 3440,NGC 3440,163.456250,57.118750,14.06,G,NGC
NGC 3441,NGC 3441,163.129667,7.224889,14.02,G,NGC
NGC 3442,NGC 3442,163.283792,33.910361,13.41,G,NGC
NGC 3443,NGC 3443,163.250500,17.573639,14.58,G,NGC
NGC 3444,NGC 3444,163.247417,10.210583,15.52,G,NGC
NGC 3445,NGC 3445,163.647875,56.990694,12.66,G,NGC
NGC 3446,NGC 3446,163.028875,-45.139250,0.00,OCl,NGC
NGC 3447,NGC 3447,163.111667,16.778889,0.00,GPair,NGC
NGC 3447A,NGC 3447A,163.349917,16.772444,14.47,G,NGC
NGC 3447B,NGC 3447B,163.373542,16.786000,15.35,G,NGC
NGC 3448,NGC 3448,163.663333,54.304861,11.98,G,NGC
NGC 3449,NGC 3449,163.223583,-32.927611,12.98,G,NGC
NGC 3450,NGC 3450,162.015083,-20.849194,11.83,G,NGC
NGC 3451,NGC 3451,163.587042,27.239750,13.50,G,NGC
NGC 3452,NGC 3452,163.558667,-11.405056,14.80,G,NGC
NGC 3453,NGC 3453,163.418750,-21.792750,13.91,G,NGC
NGC 3454,NGC 3454,163.623042,17.344028,13.71,G,NGC
NGC 3455,NGC 3455,163.629542,17.284750,12.73,G,NGC
NGC 3456,NGC 3456,163.513792,-16.027722,13.33,G,NGC
NGC 3457,NGC 3457,163.702625,17.621250,12.98,G,NGC
NGC 3458,NGC 3458,164.006167,57.116972,13.05,G,NGC
NGC 3459,NGC 3459,163.684500,-17.042000,14.50,G,NGC
NGC 3460,NGC 3460,163.702625,17.621250,0.00,Dup,NGC
NGC 3461,NGC 3461,163.730375,17.708139,15.99,G,NGC
NGC 3462,NGC 3462,163.837750,7.696750,13.36,G,NGC
NGC 3463,NGC 3463,163.805667,-26.140750,13.82,G,NGC
NGC 3464,NGC 3464,163.666708,-21.066639,12.63,G,NGC
NGC 3465,NGC 3465,164.880292,75.191278,14.55,G,NGC
NGC 3466,NGC 3466,164.064500,9.754444,14.55,G,NGC
NGC 3467,NGC 3467,164.183667,9.758917,13.43,G,NGC
NGC 3468,NGC 3468,164.379875,40.946139,14.02,G,NGC
NGC 3469,NGC 3469,164.240375,-14.300806,14.28,G,NGC
NGC 3470,NGC 3470,164.687083,59.510694,14.19,G,NGC
NGC 3471,NGC 3471,164.787542,61.530694,12.78,G,NGC
NGC 3472,NGC 3472,164.342667,-19.637694,0.00,Other,NGC
NGC 3473,NGC 3473,164.521542,17.124417,14.64,G,NGC
NGC 3474,NGC 3474,164.536500,17.095694,15.02,G,NGC
NGC 3475,NGC 3475,164.605083,24.226333,14.54,G,NGC
NGC 3476,NGC 3476,164.531667,9.276139,14.86,G,NGC
NGC 3477,NGC 3477,164.552417,9.217806,15.57,G,NGC
NGC 3478,NGC 3478,164.864000,46.122389,12.87,G,NGC
NGC 3479,NGC 3479,164.731167,-14.961389,13.91,G,NGC
NGC 3480,NGC 3480,164.531667,9.276139,0.00,Dup,NGC
NGC 3481,NGC 3481,164.859042,-7.543639,13.81,G,NGC
NGC 3482,NGC 3482,164.642792,-46.583889,12.62,G,NGC
NGC 3483,NGC 3483,164.750750,-28.476972,13.24,G,NGC
NGC 3484,NGC 3484,164.350208,-19.633250,0.00,Other,NGC
NGC 3485,NGC 3485,165.009917,14.841583,12.24,G,NGC
NGC 3486,NGC 3486,165.099458,28.975139,10.57,G,NGC
NGC 3487,NGC 3487,165.193958,17.587611,14.60,G,NGC
NGC 3488,NGC 3488,165.348375,57.677667,13.68,G,NGC
NGC 3489,NGC 3489,165.077375,13.901222,10.23,G,NGC
NGC 3490,NGC 3490,164.976708,9.361889,15.25,G,NGC
NGC 3491,NGC 3491,165.147500,12.161556,13.23,G,NGC
NGC 3492,NGC 3492,165.237500,10.505000,0.00,GPair,NGC
NGC 3493,NGC 3493,165.365958,27.719583,15.08,G,NGC
NGC 3494,NGC 3494,165.295458,3.774306,0.00,**,NGC
NGC 3495,NGC 3495,165.317625,3.627944,12.43,G,NGC
NGC 3496,NGC 3496,164.890875,-60.336861,8.20,OCl,NGC
NGC 3497,NGC 3497,166.825292,-19.471556,13.01,G,NGC
NGC 3498,NGC 3498,165.425792,14.350722,0.00,Other,NGC
NGC 3499,NGC 3499,165.795958,56.221722,14.20,G,NGC
NGC 3500,NGC 3500,165.464458,75.201361,14.76,G,NGC
NGC 3501,NGC 3501,165.696958,17.989333,13.60,G,NGC
NGC 3502,NGC 3502,164.731167,-14.961389,0.00,Dup,NGC
NGC 3503,NGC 3503,165.321833,-59.845750,0.00,RfN,NGC
NGC 3504,NGC 3504,165.796708,27.972500,12.18,G,NGC
NGC 3505,NGC 3505,165.748625,-16.289444,0.00,Dup,NGC
NGC 3506,NGC 3506,165.804042,11.076667,13.16,G,NGC
NGC 3507,NGC 3507,165.855667,18.135444,12.07,G,NGC
NGC 3508,NGC 3508,165.748625,-16.289444,13.38,G,NGC
NGC 3509,NGC 3509,166.098125,4.828611,14.11,G,NGC
NGC 3510,NGC 3510,165.930708,28.887167,13.49,G,NGC
NGC 3511,NGC 3511,165.849042,-23.086778,11.02,G,NGC
NGC 3512,NGC 3512,166.012250,28.036806,12.29,G,NGC
NGC 3513,NGC 3513,165.942000,-23.245500,11.66,G,NGC
NGC 3514,NGC 3514,165.999583,-18.780583,13.79,G,NGC
NGC 3515,NGC 3515,166.155167,28.227972,14.70,G,NGC
NGC 3516,NGC 3516,166.697875,72.568583,12.09,G,NGC
NGC 3517,NGC 3517,166.403375,56.524917,13.80,G,NGC
NGC 3518,NGC 3518,151.008792,-6.474778,0.00,Dup,NGC
NGC 3519,NGC 3519,166.011542,-61.368250,7.70,OCl,NGC
NGC 3520,NGC 3520,166.788375,-18.023694,14.87,G,NGC
NGC 3521,NGC 3521,166.452417,-0.035861,9.11,G,NGC
NGC 3522,NGC 3522,166.668583,20.085556,14.07,G,NGC
NGC 3523,NGC 3523,165.776333,75.115750,13.74,G,NGC
NGC 3524,NGC 3524,166.633750,11.385417,13.33,G,NGC
NGC 3525,NGC 3525,166.825292,-19.471556,0.00,Dup,NGC
NGC 3526,NGC 3526,166.735958,7.173917,13.58,G,NGC
NGC 3527,NGC 3527,166.825792,28.527778,14.92,G,NGC
NGC 3528,NGC 3528,166.825292,-19.471556,0.00,Dup,NGC
NGC 3529,NGC 3529,166.829667,-19.555639,14.07,G,NGC
NGC 3530,NGC 3530,167.168250,57.230194,14.32,G,NGC
NGC 3531,NGC 3531,166.735958,7.173917,0.00,Dup,NGC
NGC 3532,Wishing Well Cluster,166.449250,-58.770500,3.00,OCl,NGC
NGC 3533,NGC 3533,166.781458,-37.172639,13.77,G,NGC
NGC 3534,NGC 3534,167.231917,26.610500,14.04,G,NGC
NGC 3534B,NGC 3534B,167.238208,26.596139,14.86,G,NGC
NGC 3535,NGC 3535,167.141333,4.831889,14.18,G,NGC
NGC 3536,NGC 3536,167.213333,28.475694,15.14,G,NGC
NGC 3537,NGC 3537,167.111250,-10.257778,0.00,GPair,NGC
NGC 3538,NGC 3538,167.893083,75.569722,0.00,**,NGC
NGC 3539,NGC 3539,167.286833,28.672528,15.22,G,NGC
NGC 3540,NGC 3540,167.317000,36.021083,14.49,G,NGC
NGC 3541,NGC 3541,167.134208,-10.491833,15.39,G,NGC
NGC 3542,NGC 3542,167.481125,36.946500,14.89,G,NGC
NGC 3543,NGC 3543,167.735208,61.347028,14.14,G,NGC
NGC 3544,NGC 3544,167.876958,-18.289500,13.06,G,NGC
NGC 3545,NGC 3545,167.552917,36.965556,0.00,GPair,NGC
NGC 3545A,NGC 3545A,167.551042,36.964778,14.97,G,NGC
NGC 3545B,NGC 3545B,167.555208,36.966556,15.17,G,NGC
NGC 3546,NGC 3546,167.444958,-13.380861,14.46,G,NGC
NGC 3547,NGC 3547,167.483083,10.720833,12.88,G,NGC
NGC 3548,NGC 3548,167.317000,36.021083,0.00,Dup,NGC
NGC 3549,NGC 3549,167.736958,53.387778,12.14,G,NGC
NGC 3550,NGC 3550,167.661250,28.768333,0.00,GPair,NGC
NGC 3551,NGC 3551,167.435167,21.758917,14.70,G,NGC
NGC 3552,NGC 3552,167.678542,28.693167,15.04,G,NGC
NGC 3553,NGC 3553,167.668667,28.684750,16.03,G,NGC
NGC 3554,NGC 3554,167.699250,28.660278,15.21,G,NGC
NGC 3555,NGC 3555,167.459708,21.810194,15.64,G,NGC
NGC 3556,NGC 3556,167.879042,55.674111,10.05,G,NGC
NGC 3557,NGC 3557,167.490167,-37.539167,10.42,G,NGC
NGC 3557B,NGC 3557B,167.383875,-37.349639,12.55,G,NGC
NGC 3558,NGC 3558,167.732792,28.543806,14.55,G,NGC
NGC 3559,NGC 3559,167.688375,12.016139,13.78,G,NGC
NGC 3560,NGC 3560,167.688375,12.016139,0.00,Dup,NGC
MWSC3561,MWSC3561,326.661833,-21.252611,11.89,GCl,NGC
NGC 3561,the Guitar,167.805000,28.696472,14.70,G,NGC
NGC 3562,NGC 3562,168.244500,72.879306,12.20,G,NGC
NGC 3563,NGC 3563,167.852083,26.962500,0.00,GPair,NGC
NGC 3563A,NGC 3563A,167.848875,26.961861,15.60,G,NGC
NGC 3563B,NGC 3563B,167.855000,26.963583,14.75,G,NGC
NGC 3564,NGC 3564,167.651583,-37.547583,12.16,G,NGC
NGC 3565,NGC 3565,166.948542,-20.021556,15.43,G,NGC
NGC 3566,NGC 3566,166.948542,-20.021556,0.00,Dup,NGC
NGC 3567,NGC 3567,167.827833,5.836306,14.40,G,NGC
NGC 3568,NGC 3568,167.702375,-37.447861,12.41,G,NGC
NGC 3569,NGC 3569,168.033708,35.452139,14.43,G,NGC
NGC 3570,NGC 3570,168.013958,27.589778,14.94,G,NGC
NGC 3571,NGC 3571,167.876958,-18.289500,0.00,Dup,NGC
NGC 3572,NGC 3572,167.580000,-60.248361,6.60,OCl,NGC
NGC 3573,NGC 3573,167.827375,-36.875528,12.33,G,NGC
NGC 3574,NGC 3574,168.050542,27.624833,15.68,G,NGC
NGC 3575,NGC 3575,153.381625,22.737556,0.00,Dup,NGC
NGC 3576,NGC 3576,167.881958,-61.363000,0.00,HII,NGC
NGC 3577,NGC 3577,168.437083,48.272722,14.73,G,NGC
NGC 3578,NGC 3578,168.219958,-15.957250,0.00,Other,NGC
NGC 3579,NGC 3579,167.998333,-61.243222,0.00,Neb,NGC
NGC 3580,NGC 3580,168.316375,3.657333,14.68,G,NGC
NGC 3581,NGC 3581,168.008167,-61.301861,0.00,HII,NGC
NGC 3582,NGC 3582,168.049875,-61.273556,0.00,Neb,NGC
NGC 3583,NGC 3583,168.545375,48.318528,12.17,G,NGC
NGC 3584,NGC 3584,168.082458,-61.228611,0.00,Neb,NGC
NGC 3585,NGC 3585,168.321208,-26.754833,9.69,G,NGC
NGC 3586,NGC 3586,168.124750,-61.352250,0.00,Neb,NGC
NGC 3587,Owl Nebula,168.698792,55.019028,9.90,PN,NGC
NGC 3588,NGC 3588,168.511250,20.388611,15.30,GPair,NGC
NGC 3589,NGC 3589,168.805542,60.699917,14.48,G,NGC
NGC 3590,NGC 3590,168.245708,-60.789028,8.20,OCl,NGC
NGC 3591,NGC 3591,168.513792,-14.087333,14.49,G,NGC
NGC 3592,NGC 3592,168.614042,17.260000,14.55,G,NGC
NGC 3593,NGC 3593,168.654167,12.817667,10.91,G,NGC
NGC 3594,NGC 3594,169.058292,55.704333,14.96,G,NGC
NGC 3595,NGC 3595,168.856458,47.447028,12.92,G,NGC
NGC 3596,NGC 3596,168.775875,14.787028,11.49,G,NGC
NGC 3597,NGC 3597,168.674875,-23.727694,13.09,G,NGC
NGC 3598,NGC 3598,168.798625,17.262694,13.47,G,NGC
NGC 3599,NGC 3599,168.862333,18.110389,12.01,G,NGC
NGC 3600,NGC 3600,168.966708,41.591028,12.98,G,NGC
NGC 3601,NGC 3601,168.888750,5.115417,14.25,G,NGC
NGC 3602,NGC 3602,168.951333,17.416111,15.63,G,NGC
NGC 3603,NGC 3603,168.777458,-61.261222,0.00,Cl+N,NGC
NGC 3604,NGC 3604,169.375708,4.555583,12.22,G,NGC
NGC 3605,NGC 3605,169.194125,18.017167,12.30,G,NGC
NGC 3606,NGC 3606,169.065125,-33.827444,13.39,G,NGC
NGC 3607,NGC 3607,169.227667,18.051750,10.00,G,NGC
NGC 3608,NGC 3608,169.245625,18.148694,10.63,G,NGC
NGC 3609,NGC 3609,169.460917,26.625806,13.97,G,NGC
NGC 3610,NGC 3610,169.605292,58.786278,10.77,G,NGC
NGC 3611,NGC 3611,169.375708,4.555583,0.00,Dup,NGC
NGC 3612,NGC 3612,169.561333,26.620556,14.93,G,NGC
NGC 3613,NGC 3613,169.650458,58.000000,10.81,G,NGC
NGC 3614,NGC 3614,169.588833,45.748222,12.15,G,NGC
NGC 3614A,NGC 3614A,169.549458,45.716889,16.00,G,NGC
NGC 3615,NGC 3615,169.527708,23.397333,13.89,G,NGC
NGC 3616,NGC 3616,169.536958,14.765222,0.00,*,NGC
NGC 3617,NGC 3617,169.461917,-26.134417,12.75,G,NGC
NGC 3618,NGC 3618,169.635583,23.469083,14.28,G,NGC
NGC 3619,NGC 3619,169.839833,57.757833,12.53,G,NGC
NGC 3620,NGC 3620,169.019500,-76.216306,13.88,G,NGC
NGC 3621,NGC 3621,169.568792,-32.814056,9.55,G,NGC
NGC 3622,NGC 3622,170.051542,67.241556,13.13,G,NGC
NGC 3623,NGC 3623,169.733000,13.092361,9.32,G,NGC
NGC 3624,NGC 3624,169.712417,7.521389,14.80,G,NGC
NGC 3625,NGC 3625,170.130583,57.781417,13.92,G,NGC
NGC 3626,NGC 3626,170.015875,18.356833,10.98,G,NGC
NGC 3627,NGC 3627,170.062333,12.991528,8.92,G,NGC
NGC 3628,NGC 3628,170.070708,13.589694,9.45,G,NGC
NGC 3629,NGC 3629,170.132542,26.963361,12.94,G,NGC
NGC 3630,NGC 3630,170.070750,2.964389,12.80,G,NGC
NGC 3631,NGC 3631,170.261958,53.169556,10.42,G,NGC
NGC 3632,NGC 3632,170.015875,18.356833,0.00,Dup,NGC
NGC 3633,NGC 3633,170.109250,3.585611,14.29,G,NGC
NGC 3634,NGC 3634,170.126292,-9.013750,15.50,G,NGC
NGC 3635,NGC 3635,170.130792,-9.013611,14.64,G,NGC
NGC 3636,NGC 3636,170.104333,-10.281778,12.40,G,NGC
NGC 3637,NGC 3637,170.164875,-10.257361,12.63,G,NGC
NGC 3638,NGC 3638,170.041792,-8.105694,14.18,G,NGC
NGC 3639,NGC 3639,170.398667,18.458583,14.05,G,NGC
NGC 3640,NGC 3640,170.278542,3.234833,10.41,G,NGC
NGC 3641,NGC 3641,170.286708,3.194583,13.21,G,NGC
NGC 3642,NGC 3642,170.574542,59.074528,12.19,G,NGC
NGC 3643,NGC 3643,170.354125,3.013917,14.66,G,NGC
NGC 3644,NGC 3644,170.386958,2.810444,15.02,G,NGC
NGC 3645,NGC 3645,170.070750,2.964389,0.00,Dup,NGC
NGC 3646,NGC 3646,170.429500,20.169556,11.20,G,NGC
NGC 3647,NGC 3647,170.410750,2.891722,15.67,G,NGC
NGC 3648,NGC 3648,170.631292,39.876889,12.64,G,NGC
NGC 3649,NGC 3649,170.561417,20.208528,14.67,G,NGC
NGC 3650,NGC 3650,170.647458,20.703917,14.48,G,NGC
NGC 3651,NGC 3651,170.609583,24.297222,0.00,GPair,NGC
NGC 3652,NGC 3652,170.662625,37.765111,12.66,G,NGC
NGC 3653,NGC 3653,170.625292,24.279278,14.58,G,NGC
NGC 3654,NGC 3654,171.044750,69.413083,13.32,G,NGC
NGC 3655,NGC 3655,170.727583,16.590028,11.67,G,NGC
NGC 3656,NGC 3656,170.911042,53.842111,12.75,G,NGC
NGC 3657,NGC 3657,170.981583,52.921000,13.24,G,NGC
NGC 3658,NGC 3658,170.992750,38.562333,12.16,G,NGC
NGC 3659,NGC 3659,170.939750,17.818667,12.82,G,NGC
NGC 3660,NGC 3660,170.884500,-8.658556,12.66,G,NGC
NGC 3661,NGC 3661,170.910125,-13.831111,14.34,G,NGC
NGC 3662,NGC 3662,170.943583,-1.104861,13.77,G,NGC
NGC 3663,NGC 3663,170.999625,-12.296444,13.16,G,NGC
NGC 3664,NGC 3664,171.101042,3.325000,12.70,G,NGC
NGC 3664A,NGC 3664A,171.104583,3.222500,15.77,G,NGC
NGC 3665,NGC 3665,171.181958,38.762861,10.83,G,NGC
NGC 3666,NGC 3666,171.108625,11.342222,12.69,G,NGC
NGC 3667,NGC 3667,171.070917,-13.857306,14.00,G,NGC
NGC 3667A,NGC 3667A,171.089542,-13.855806,14.80,G,NGC
NGC 3668,NGC 3668,171.376833,63.446333,13.11,G,NGC
NGC 3669,NGC 3669,171.361500,57.721250,13.34,G,NGC
NGC 3670,NGC 3670,171.206917,23.945222,14.35,G,NGC
NGC 3671,NGC 3671,171.468958,60.479583,15.61,G,NGC
NGC 3672,NGC 3672,171.260292,-9.795389,11.34,G,NGC
NGC 3673,NGC 3673,171.303542,-26.736722,11.57,G,NGC
NGC 3674,NGC 3674,171.610875,57.048389,13.01,G,NGC
NGC 3675,NGC 3675,171.535750,43.585917,10.09,G,NGC
NGC 3676,NGC 3676,171.406250,-11.139667,14.68,G,NGC
NGC 3677,NGC 3677,171.574000,46.974111,13.82,G,NGC
NGC 3678,NGC 3678,171.565667,27.867139,14.14,G,NGC
NGC 3679,NGC 3679,170.450250,-5.757694,14.85,G,NGC
NGC 3680,NGC 3680,171.404500,-43.250111,7.60,OCl,NGC
NGC 3681,NGC 3681,171.624167,16.863194,11.92,G,NGC
NGC 3682,NGC 3682,171.921667,66.589833,12.49,G,NGC
NGC 3683,NGC 3683,171.882708,56.877056,12.97,G,NGC
NGC 3683A,NGC 3683A,172.299000,57.132333,12.72,G,NGC
NGC 3684,NGC 3684,171.796667,17.030167,11.81,G,NGC
NGC 3685,NGC 3685,172.067583,4.327278,15.46,G,NGC
NGC 3686,NGC 3686,171.933208,17.224194,11.43,G,NGC
NGC 3687,NGC 3687,172.002542,29.511056,12.58,G,NGC
NGC 3688,NGC 3688,171.935208,-9.165611,15.38,G,NGC
NGC 3689,NGC 3689,172.045958,25.661167,12.31,G,NGC
NGC 3690,NGC 3690,172.134583,58.561944,0.00,GPair,NGC
NGC 3690A,NGC 3690A,172.129250,58.561306,12.86,G,NGC
NGC 3690B,NGC 3690B,172.140125,58.562944,11.68,G,NGC
NGC 3691,NGC 3691,172.039208,16.920472,12.63,G,NGC
NGC 3692,NGC 3692,172.100042,9.407639,12.94,G,NGC
NGC 3693,NGC 3693,172.048208,-13.194861,14.02,G,NGC
NGC 3694,NGC 3694,172.225542,35.414000,13.56,G,NGC
NGC 3695,NGC 3695,172.321208,35.575722,14.85,G,NGC
NGC 3696,NGC 3696,172.182875,-11.282833,14.97,G,NGC
NGC 3697,NGC 3697,172.209917,20.795028,13.06,G,NGC
NGC 3698,NGC 3698,172.321208,35.575722,0.00,Dup,NGC
NGC 3699,NGC 3699,171.988125,-59.958056,11.30,PN,NGC
NGC 3700,NGC 3700,172.410875,35.514639,14.87,G,NGC
NGC 3701,NGC 3701,172.370500,24.093444,13.02,G,NGC
NGC 3702,NGC 3702,172.556167,-8.862917,14.67,G,NGC
NGC 3703,NGC 3703,172.289000,-8.446444,15.68,G,NGC
NGC 3704,NGC 3704,172.519375,-11.546333,13.88,G,NGC
NGC 3705,NGC 3705,172.531083,9.276639,10.97,G,NGC
NGC 3705A,NGC 3705A,172.623833,9.387944,15.72,G,NGC
NGC 3705B,NGC 3705B,172.432083,9.205806,16.59,G,NGC
NGC 3706,NGC 3706,172.435125,-36.391306,11.30,G,NGC
NGC 3707,NGC 3707,172.548167,-11.543500,15.83,G,NGC
NGC 3708,NGC 3708,172.663667,-3.222583,0.00,Other,NGC
NGC 3709,NGC 3709,172.663625,-3.255917,0.00,Other,NGC
NGC 3710,NGC 3710,172.778917,22.768056,13.09,G,NGC
NGC 3711,NGC 3711,172.356333,-11.079083,14.69,G,NGC
NGC 3712,NGC 3712,172.788125,28.567944,15.63,G,NGC
NGC 3713,NGC 3713,172.925083,28.153583,14.18,G,NGC
NGC 3714,NGC 3714,172.973375,28.358472,14.33,G,NGC
NGC 3715,NGC 3715,172.884750,-14.231361,13.45,G,NGC
NGC 3716,NGC 3716,172.921375,3.488000,14.24,G,NGC
NGC 3717,NGC 3717,172.883292,-30.307750,11.23,G,NGC
NGC 3718,NGC 3718,173.145208,53.067917,10.70,G,NGC
NGC 3719,NGC 3719,173.056083,0.819278,13.11,G,NGC
NGC 3720,NGC 3720,173.090000,0.804000,13.02,G,NGC
NGC 3721,NGC 3721,173.532583,-9.467139,15.47,G,NGC
NGC 3722,NGC 3722,173.597125,-9.680056,15.44,G,NGC
NGC 3723,NGC 3723,173.127292,-9.969528,14.36,G,NGC
NGC 3724,NGC 3724,173.619500,-9.660194,15.02,G,NGC
NGC 3725,NGC 3725,173.418875,61.888000,13.18,G,NGC
NGC 3726,NGC 3726,173.338000,47.029194,10.49,G,NGC
NGC 3727,NGC 3727,173.420542,-13.878889,15.14,G,NGC
NGC 3728,NGC 3728,173.315750,24.446889,14.53,G,NGC
NGC 3729,NGC 3729,173.455500,53.125556,11.56,G,NGC
NGC 3730,NGC 3730,173.570333,-9.576111,14.69,G,NGC
NGC 3731,NGC 3731,173.548667,12.512306,14.37,G,NGC
NGC 3732,NGC 3732,173.558083,-9.845667,12.36,G,NGC
NGC 3733,NGC 3733,173.756667,54.850500,12.43,G,NGC
NGC 3734,NGC 3734,173.669500,-14.081833,14.85,G,NGC
NGC 3735,NGC 3735,173.988750,70.535583,12.50,G,NGC
NGC 3736,NGC 3736,173.923875,73.451833,15.82,G,NGC
NGC 3737,NGC 3737,173.901583,54.948556,13.87,G,NGC
NGC 3738,NGC 3738,173.953292,54.523889,11.45,G,NGC
NGC 3739,NGC 3739,173.906667,25.088639,15.16,G,NGC
NGC 3740,NGC 3740,174.051167,59.976500,14.82,G,NGC
NGC 3741,NGC 3741,174.025750,45.283639,14.03,G,NGC
NGC 3742,NGC 3742,173.885458,-37.956389,12.06,G,NGC
NGC 3743,NGC 3743,173.989000,21.722611,15.65,G,NGC
NGC 3744,NGC 3744,173.991125,23.011556,15.50,G,NGC
NGC 3745,NGC 3745,174.435125,22.021278,16.17,G,NGC
NGC 3746,NGC 3746,174.431750,22.009833,14.98,G,NGC
NGC 3747,NGC 3747,173.129417,74.378389,16.33,G,NGC
NGC 3748,NGC 3748,174.454417,22.026139,15.77,G,NGC
NGC 3749,NGC 3749,173.971708,-37.997361,12.76,G,NGC
NGC 3750,NGC 3750,174.465167,21.974250,14.91,G,NGC
NGC 3751,NGC 3751,174.474417,21.936472,15.00,G,NGC
NGC 3752,NGC 3752,173.134208,74.627528,13.81,G,NGC
NGC 3753,NGC 3753,174.474583,21.981389,14.54,G,NGC
NGC 3754,NGC 3754,174.478833,21.985500,15.02,G,NGC
NGC 3755,NGC 3755,174.139042,36.410333,12.79,G,NGC
NGC 3756,NGC 3756,174.200083,54.293556,11.52,G,NGC
NGC 3757,NGC 3757,174.261917,58.415528,13.44,G,NGC
NGC 3758,NGC 3758,174.121250,21.596111,14.08,G,NGC
NGC 3759,NGC 3759,174.225375,54.823306,13.29,G,NGC
NGC 3759A,NGC 3759A,174.241792,55.162056,14.36,G,NGC
NGC 3760,NGC 3760,159.233500,21.882139,0.00,Dup,NGC
NGC 3761,NGC 3761,174.183833,22.992028,15.01,G,NGC
NGC 3762,NGC 3762,174.349292,61.759361,13.25,G,NGC
NGC 3763,NGC 3763,174.125792,-9.846694,13.16,G,NGC
NGC 3764,NGC 3764,174.225417,17.889444,0.00,GPair,NGC
NGC 3765,NGC 3765,174.267417,24.096250,14.89,G,NGC
NGC 3766,Pearl Cluster,174.059958,-61.605167,5.30,OCl,NGC
NGC 3767,NGC 3767,174.314833,16.877167,13.44,G,NGC
NGC 3768,NGC 3768,174.310333,17.839889,13.66,G,NGC
NGC 3769,NGC 3769,174.433792,47.893083,12.52,G,NGC
NGC 3769A,NGC 3769A,174.464000,47.881333,14.74,G,NGC
NGC 3770,NGC 3770,174.494750,59.616917,13.58,G,NGC
NGC 3771,NGC 3771,174.775000,-9.348194,12.59,G,NGC
NGC 3772,NGC 3772,174.452000,22.691278,14.26,G,NGC
NGC 3773,NGC 3773,174.553667,12.112056,13.31,G,NGC
NGC 3774,NGC 3774,174.626083,-8.976139,14.74,G,NGC
NGC 3775,NGC 3775,174.611250,-10.638778,14.70,G,NGC
NGC 3776,NGC 3776,174.574917,-3.354389,16.08,G,NGC
NGC 3777,NGC 3777,174.028542,-12.569083,14.42,G,NGC
NGC 3778,NGC 3778,174.589208,-50.715361,14.16,G,NGC
NGC 3779,NGC 3779,174.712708,-10.583750,14.39,G,NGC
NGC 3780,NGC 3780,174.843167,56.270667,12.13,G,NGC
NGC 3781,NGC 3781,174.765667,26.361750,14.73,G,NGC
NGC 3782,NGC 3782,174.836500,46.513833,13.09,G,NGC
NGC 3783,NGC 3783,174.757333,-37.738667,12.67,G,NGC
NGC 3784,NGC 3784,174.874167,26.309139,15.11,G,NGC
NGC 3785,NGC 3785,174.887042,26.302278,15.06,G,NGC
NGC 3786,NGC 3786,174.927292,31.909278,13.74,G,NGC
NGC 3787,NGC 3787,174.908125,20.454694,14.57,G,NGC
NGC 3788,NGC 3788,174.936042,31.931194,12.50,G,NGC
NGC 3789,NGC 3789,174.537750,-9.607139,14.26,G,NGC
NGC 3790,NGC 3790,174.946917,17.712250,14.41,G,NGC
NGC 3791,NGC 3791,174.923750,-9.367250,14.36,G,NGC
NGC 3792,NGC 3792,174.910542,5.099500,0.00,**,NGC
NGC 3793,NGC 3793,175.008292,31.877722,14.40,*,NGC
NGC 3794,NGC 3794,175.222583,56.202028,13.01,G,NGC
NGC 3795,NGC 3795,175.027792,58.613083,13.99,G,NGC
NGC 3795A,NGC 3795A,174.838792,58.268694,14.26,G,NGC
NGC 3796,NGC 3796,175.129667,60.298917,12.86,G,NGC
NGC 3797,NGC 3797,175.055458,31.906556,14.90,*,NGC
NGC 3798,NGC 3798,175.058083,24.697056,13.10,G,NGC
NGC 3799,NGC 3799,175.039083,15.327306,14.47,G,NGC
NGC 3800,NGC 3800,175.056292,15.342361,13.01,G,NGC
NGC 3801,NGC 3801,175.070583,17.728056,12.26,G,NGC
NGC 3802,NGC 3802,175.078250,17.765333,13.55,G,NGC
NGC 3803,NGC 3803,175.071875,17.801250,16.40,G,NGC
NGC 3804,NGC 3804,175.222583,56.202028,0.00,Dup,NGC
NGC 3805,NGC 3805,175.173667,20.342944,13.70,G,NGC
NGC 3806,NGC 3806,175.194292,17.796278,13.62,G,NGC
NGC 3807,NGC 3807,175.477833,17.818917,0.00,*,NGC
NGC 3808,NGC 3808,175.185000,22.437778,0.00,GPair,NGC
NGC 3808A,NGC 3808A,175.184333,22.429361,13.63,G,NGC
NGC 3808B,NGC 3808B,175.186000,22.446944,12.02,G,NGC
NGC 3809,NGC 3809,175.316917,59.885778,13.53,G,NGC
NGC 3810,NGC 3810,175.244833,11.471139,10.75,G,NGC
NGC 3811,NGC 3811,175.319292,47.690806,12.33,G,NGC
NGC 3812,NGC 3812,175.282125,24.821694,13.81,G,NGC
NGC 3813,NGC 3813,175.327750,36.546806,11.70,G,NGC
NGC 3814,NGC 3814,175.365333,24.805417,15.54,G,NGC
NGC 3815,NGC 3815,175.413708,24.800500,14.08,G,NGC
NGC 3816,NGC 3816,175.450167,20.103639,12.52,G,NGC
NGC 3817,NGC 3817,175.470625,10.304389,13.30,G,NGC
NGC 3818,NGC 3818,175.489000,-6.155667,11.75,G,NGC
NGC 3819,NGC 3819,175.524417,10.351139,14.79,G,NGC
NGC 3820,NGC 3820,175.520458,10.384250,15.42,G,NGC
NGC 3821,NGC 3821,175.537958,20.315667,12.85,G,NGC
NGC 3822,NGC 3822,175.546292,10.277778,13.70,G,NGC
NGC 3823,NGC 3823,175.562917,-13.866944,13.84,G,NGC
NGC 3824,NGC 3824,175.686917,52.779583,14.47,G,NGC
NGC 3825,NGC 3825,175.598875,10.264139,12.98,G,NGC
NGC 3826,NGC 3826,175.636875,26.488889,14.24,G,NGC
NGC 3827,NGC 3827,175.651125,18.845444,13.30,G,NGC
NGC 3828,NGC 3828,175.743417,16.487611,15.37,G,NGC
NGC 3829,NGC 3829,175.863667,52.711139,14.96,G,NGC
NGC 3830,NGC 3830,175.636875,26.488889,0.00,Dup,NGC
NGC 3831,NGC 3831,175.827500,-12.878361,13.87,G,NGC
NGC 3832,NGC 3832,175.881000,22.725444,12.94,G,NGC
NGC 3833,NGC 3833,175.870750,10.161861,14.56,G,NGC
NGC 3834,NGC 3834,175.907208,19.090472,14.87,G,NGC
NGC 3835,NGC 3835,176.020417,60.119778,13.07,G,NGC
NGC 3835A,NGC 3835A,176.845417,60.300444,13.94,G,NGC
NGC 3836,NGC 3836,175.874167,-16.795556,0.00,GPair,NGC
NGC 3837,NGC 3837,175.985125,19.894583,13.24,G,NGC
NGC 3838,NGC 3838,176.057333,57.948222,12.32,G,NGC
NGC 3839,NGC 3839,175.976375,10.784694,13.73,G,NGC
NGC 3840,NGC 3840,175.995667,20.077028,13.94,G,NGC
NGC 3841,NGC 3841,176.008958,19.971889,13.55,G,NGC
NGC 3842,NGC 3842,176.008958,19.949806,11.84,G,NGC
NGC 3843,NGC 3843,175.977625,7.925694,14.08,G,NGC
NGC 3844,NGC 3844,176.003292,20.029333,13.87,G,NGC
NGC 3845,NGC 3845,176.022792,19.996111,14.03,G,NGC
NGC 3846,NGC 3846,176.121167,55.652250,13.63,G,NGC
NGC 3846A,NGC 3846A,176.061750,55.034972,14.10,G,NGC
NGC 3847,NGC 3847,176.058208,33.514528,14.36,G,NGC
NGC 3848,NGC 3848,175.546292,10.277778,0.00,Dup,NGC
NGC 3849,NGC 3849,176.396875,3.231833,14.83,G,NGC
NGC 3850,NGC 3850,176.398167,55.886889,14.46,G,NGC
NGC 3851,NGC 3851,176.085083,19.980861,15.19,G,NGC
NGC 3852,NGC 3852,175.598875,10.264139,0.00,Dup,NGC
NGC 3853,NGC 3853,176.118042,16.558111,12.43,G,NGC
PGC003853,PGC003853,16.270333,-6.212389,11.69,G,NGC
NGC 3854,NGC 3854,176.216875,-9.233278,12.99,G,NGC
NGC 3855,NGC 3855,176.107417,33.355083,14.85,G,NGC
NGC 3856,NGC 3856,176.058208,33.514528,0.00,Dup,NGC
NGC 3857,NGC 3857,176.208958,19.532861,14.08,G,NGC
NGC 3858,NGC 3858,176.298667,-9.313972,14.25,G,NGC
NGC 3859,NGC 3859,176.217667,19.454194,14.14,G,NGC
NGC 3860,NGC 3860,176.204833,19.795028,13.45,G,NGC
NGC 3861,NGC 3861,176.266167,19.973694,12.75,G,NGC
NGC 3862,NGC 3862,176.270875,19.606306,13.34,G,NGC
NGC 3863,NGC 3863,176.273000,8.469500,13.87,G,NGC
NGC 3864,NGC 3864,176.315333,19.392111,15.58,G,NGC
NGC 3865,NGC 3865,176.216875,-9.233278,0.00,Dup,NGC
NGC 3866,NGC 3866,176.298667,-9.313972,0.00,Dup,NGC
NGC 3867,NGC 3867,176.373417,19.400167,13.20,G,NGC
NGC 3868,NGC 3868,176.374750,19.444694,14.78,G,NGC
NGC 3869,NGC 3869,176.439833,10.824611,13.46,G,NGC
NGC 3870,NGC 3870,176.485833,50.199750,13.03,G,NGC
NGC 3871,NGC 3871,176.542250,33.108750,15.25,G,NGC
NGC 3872,NGC 3872,176.454417,13.766694,11.71,G,NGC
NGC 3873,NGC 3873,176.442083,19.773944,12.85,G,NGC
NGC 3874,NGC 3874,176.407292,8.573917,0.00,**,NGC
NGC 3875,NGC 3875,176.456042,19.767417,14.50,G,NGC
NGC 3876,NGC 3876,176.361125,9.160722,13.78,G,NGC
NGC 3877,NGC 3877,176.532083,47.494333,11.00,G,NGC
NGC 3878,NGC 3878,176.574083,33.204472,14.04,G,NGC
NGC 3879,NGC 3879,176.705917,69.383694,13.39,G,NGC
NGC 3880,NGC 3880,176.592625,33.161778,14.69,G,NGC
NGC 3881,NGC 3881,176.643375,33.106417,14.95,G,NGC
NGC 3882,NGC 3882,176.527292,-56.388139,11.81,G,NGC
NGC 3883,NGC 3883,176.696583,20.675417,13.07,G,NGC
NGC 3884,NGC 3884,176.550750,20.391639,12.59,G,NGC
NGC 3885,NGC 3885,176.693708,-27.922167,11.87,G,NGC
NGC 3886,NGC 3886,176.773333,19.837194,14.12,G,NGC
NGC 3887,NGC 3887,176.769042,-16.854611,10.93,G,NGC
NGC 3888,NGC 3888,176.893208,55.967222,12.10,G,NGC
NGC 3889,NGC 3889,176.950542,56.018333,15.55,G,NGC
NGC 3890,NGC 3890,177.332708,74.302194,14.06,G,NGC
NGC 3891,NGC 3891,177.014000,30.359333,12.76,G,NGC
NGC 3892,NGC 3892,177.004125,-10.962056,11.24,G,NGC
NGC 3893,NGC 3893,177.159125,48.710833,10.63,G,NGC
NGC 3894,NGC 3894,177.209833,59.415667,11.62,G,NGC
NGC 3895,NGC 3895,177.266792,59.432667,13.03,G,NGC
NGC 3896,NGC 3896,177.234958,48.674667,12.63,G,NGC
NGC 3897,NGC 3897,177.247750,35.016056,13.03,G,NGC
NGC 3898,NGC 3898,177.314042,56.084361,10.72,G,NGC
NGC 3899,NGC 3899,177.518542,26.479250,13.16,G,NGC
NGC 3900,NGC 3900,177.289417,27.022028,11.44,G,NGC
NGC 3901,NGC 3901,175.707167,77.372694,14.52,G,NGC
NGC 3902,NGC 3902,177.328167,26.121611,13.99,G,NGC
NGC 3903,NGC 3903,177.264750,-37.517111,13.53,G,NGC
NGC 3904,NGC 3904,177.305083,-29.276750,10.79,G,NGC
NGC 3905,NGC 3905,177.270458,-9.729833,12.84,G,NGC
NGC 3906,NGC 3906,177.418750,48.425972,13.52,G,NGC
NGC 3907,NGC 3907,177.375583,-1.086528,13.64,G,NGC
NGC 3907B,NGC 3907B,177.348083,-1.083778,13.94,G,NGC
NGC 3908,NGC 3908,177.469500,12.185917,16.27,G,NGC
NGC 3909,NGC 3909,177.533917,-48.238139,0.00,OCl,NGC
NGC 3910,NGC 3910,177.497125,21.333639,14.32,G,NGC
NGC 3911,NGC 3911,177.342042,24.938472,15.31,G,NGC
NGC 3912,NGC 3912,177.518542,26.479250,0.00,Dup,NGC
NGC 3913,NGC 3913,177.662250,55.353861,12.51,G,NGC
NGC 3914,NGC 3914,177.636042,6.567583,13.87,G,NGC
NGC 3915,NGC 3915,177.352208,-5.118444,14.62,G,NGC
NGC 3916,NGC 3916,177.712708,55.143639,14.62,G,NGC
NGC 3917,NGC 3917,177.689292,51.824667,11.81,G,NGC
NGC 3918,Blue Planetary,177.574792,-57.182333,8.10,PN,NGC
NGC 3919,NGC 3919,177.673042,20.015194,14.39,G,NGC
NGC 3920,NGC 3920,177.524708,24.920000,14.11,G,NGC
NGC 3921,NGC 3921,177.778625,55.078750,12.49,G,NGC
NGC 3922,NGC 3922,177.805958,50.156889,13.60,G,NGC
NGC 3923,NGC 3923,177.757042,-28.806028,9.60,G,NGC
NGC 3924,NGC 3924,177.805958,50.156889,0.00,Dup,NGC
NGC 3925,NGC 3925,177.837375,21.889139,15.05,G,NGC
NGC 3926,NGC 3926,177.864167,22.026944,0.00,GPair,NGC
NGC 3926A,NGC 3926A,177.860667,22.027972,15.67,G,NGC
NGC 3926B,NGC 3926B,177.867625,22.025972,15.18,G,NGC
NGC 3927,NGC 3927,172.925083,28.153583,0.00,Dup,NGC
NGC 3928,Miniature Spiral,177.948417,48.683139,12.48,G,NGC
NGC 3929,NGC 3929,177.927208,21.002722,14.66,G,NGC
NGC 3930,NGC 3930,177.941708,38.015111,13.51,G,NGC
NGC 3931,NGC 3931,177.806042,52.000861,14.42,G,NGC
NGC 3932,NGC 3932,178.045167,48.620389,0.00,*,NGC
NGC 3933,NGC 3933,178.008542,16.809694,13.55,G,NGC
NGC 3934,NGC 3934,178.052333,16.851444,14.85,G,NGC
NGC 3935,NGC 3935,178.100292,32.403806,13.93,G,NGC
NGC 3936,NGC 3936,178.085792,-26.905889,12.29,G,NGC
NGC 3937,NGC 3937,178.177583,20.631306,12.48,G,NGC
NGC 3938,NGC 3938,178.206042,44.120722,10.36,G,NGC
NGC 3939,NGC 3939,177.332708,74.302194,0.00,Dup,NGC
NGC 3940,NGC 3940,178.193542,20.989278,12.85,G,NGC
NGC 3941,NGC 3941,178.230667,36.986333,10.37,G,NGC
NGC 3942,NGC 3942,177.875583,-11.424722,13.78,G,NGC
NGC 3943,NGC 3943,178.235708,20.479111,14.46,G,NGC
NGC 3944,NGC 3944,178.271167,26.206944,14.13,G,NGC
NGC 3945,NGC 3945,178.307208,60.675556,10.75,G,NGC
NGC 3946,NGC 3946,178.335958,21.021528,14.45,G,NGC
NGC 3947,NGC 3947,178.334667,20.751722,13.20,G,NGC
NGC 3948,NGC 3948,178.402708,20.950778,0.00,*,NGC
NGC 3949,NGC 3949,178.423833,47.858694,10.89,G,NGC
NGC 3950,NGC 3950,178.422542,47.884583,16.18,G,NGC
NGC 3951,NGC 3951,178.421875,23.382222,13.63,G,NGC
NGC 3952,NGC 3952,178.419292,-3.996528,13.02,G,NGC
NGC 3953,NGC 3953,178.453833,52.326778,10.10,G,NGC
NGC 3954,NGC 3954,178.423667,20.882500,14.34,G,NGC
NGC 3955,NGC 3955,178.488125,-23.164167,11.84,G,NGC
NGC 3956,NGC 3956,178.502875,-20.567333,12.46,G,NGC
NGC 3957,NGC 3957,178.506292,-19.568889,12.94,G,NGC
NGC 3958,NGC 3958,178.640333,58.367028,13.02,G,NGC
NGC 3959,NGC 3959,178.656875,-7.756500,13.97,G,NGC
NGC 3960,NGC 3960,177.638375,-55.669833,8.30,OCl,NGC
NGC 3961,NGC 3961,178.740167,69.330111,14.63,G,NGC
NGC 3962,NGC 3962,178.667083,-13.975028,10.65,G,NGC
NGC 3963,NGC 3963,178.744625,58.493639,12.01,G,NGC
NGC 3964,NGC 3964,178.722833,28.262417,14.90,G,NGC
NGC 3965,NGC 3965,178.596292,-10.866861,16.29,G,NGC
NGC 3966,NGC 3966,179.184125,32.021778,13.82,G,NGC
NGC 3967,NGC 3967,178.793333,-7.843778,14.42,G,NGC
NGC 3968,NGC 3968,178.869583,11.968361,13.22,G,NGC
NGC 3969,NGC 3969,178.788500,-18.927417,14.00,G,NGC
NGC 3970,NGC 3970,178.866958,-12.061278,14.45,G,NGC
NGC 3971,NGC 3971,178.901625,29.995917,13.13,G,NGC
NGC 3972,NGC 3972,178.937875,55.320750,12.32,G,NGC
NGC 3973,NGC 3973,178.904167,11.997389,15.53,G,NGC
NGC 3974,NGC 3974,178.917250,-12.027444,14.27,G,NGC
NGC 3975,NGC 3975,178.973708,60.529417,15.53,G,NGC
NGC 3976,NGC 3976,178.988708,6.749444,12.45,G,NGC
NGC 3977,NGC 3977,179.030000,55.390778,14.47,G,NGC
NGC 3978,NGC 3978,179.043000,60.522528,12.74,G,NGC
NGC 3979,NGC 3979,179.004375,-2.720861,13.96,G,NGC
NGC 3980,NGC 3980,179.030000,55.390778,0.00,Dup,NGC
NGC 3981,NGC 3981,179.031042,-19.896167,11.65,G,NGC
NGC 3982,NGC 3982,179.117208,55.125250,11.70,G,NGC
NGC 3983,NGC 3983,179.098667,23.867944,14.62,G,NGC
NGC 3984,NGC 3984,178.901625,29.995917,0.00,Dup,NGC
NGC 3985,NGC 3985,179.175458,48.333944,13.12,G,NGC
NGC 3986,NGC 3986,179.184125,32.021778,0.00,Dup,NGC
NGC 3987,NGC 3987,179.337167,25.195389,12.93,G,NGC
NGC 3988,NGC 3988,179.350917,27.877528,14.61,G,NGC
NGC 3989,NGC 3989,179.361208,25.233083,15.71,G,NGC
NGC 3990,NGC 3990,179.398167,55.458667,12.58,G,NGC
NGC 3991,NGC 3991,179.379500,32.337778,0.00,GPair,NGC
NGC 3992,NGC 3992,179.399917,53.374528,9.88,G,NGC
NGC 3993,NGC 3993,179.407583,25.240611,14.65,G,NGC
NGC 3994,NGC 3994,179.403625,32.277611,12.80,G,NGC
NGC 3995,NGC 3995,179.433750,32.294056,12.41,G,NGC
NGC 3996,NGC 3996,179.441917,14.297417,14.32,G,NGC
NGC 3997,NGC 3997,179.450958,25.270639,13.46,G,NGC
NGC 3998,NGC 3998,179.483875,55.453583,11.33,G,NGC
NGC 3999,NGC 3999,179.485375,25.068278,15.84,G,NGC
NGC 4000,NGC 4000,179.487583,25.144472,15.23,G,NGC
NGC 4001,NGC 4001,179.528250,47.334861,15.87,G,NGC
NGC 4002,NGC 4002,179.497083,23.202056,14.58,G,NGC
NGC 4003,NGC 4003,179.496000,23.124889,14.59,G,NGC
NGC 4004,NGC 4004,179.521792,27.878861,13.61,G,NGC
NGC 4004B,NGC 4004B,179.464083,27.868667,15.04,G,NGC
NGC 4005,NGC 4005,179.542375,25.122250,13.14,G,NGC
NGC 4006,NGC 4006,179.524083,-2.120083,14.18,G,NGC
NGC 4007,NGC 4007,179.542375,25.122250,0.00,Dup,NGC
NGC 4008,NGC 4008,179.571000,28.192500,12.02,G,NGC
NGC 4009,NGC 4009,179.562708,25.189750,0.00,*,NGC
NGC 4010,NGC 4010,179.657875,47.261500,13.17,G,NGC
NGC 4011,NGC 4011,179.605958,25.097639,15.78,G,NGC
NGC 4012,NGC 4012,179.614708,10.021500,14.43,G,NGC
NGC 4013,NGC 4013,179.630750,43.946583,11.31,G,NGC
NGC 4014,NGC 4014,179.649208,16.177306,13.41,G,NGC
NGC 4015,NGC 4015,179.678750,25.040278,0.00,GPair,NGC
NGC 4016,NGC 4016,179.620917,27.528778,13.82,G,NGC
NGC 4017,NGC 4017,179.690292,27.452444,13.04,G,NGC
NGC 4018,NGC 4018,179.669583,25.316417,13.81,G,NGC
NGC 4019,NGC 4019,180.293417,14.104306,14.09,G,NGC
NGC 4020,NGC 4020,179.736125,30.411889,13.10,G,NGC
NGC 4021,NGC 4021,179.760792,25.083222,15.38,G,NGC
NGC 4022,NGC 4022,179.754208,25.222806,14.32,G,NGC
NGC 4023,NGC 4023,179.772792,24.988972,14.56,G,NGC
NGC 4024,NGC 4024,179.630208,-18.346833,11.80,G,NGC
NGC 4025,NGC 4025,179.792458,37.793417,13.63,G,NGC
NGC 4026,NGC 4026,179.854958,50.961694,10.78,G,NGC
NGC 4027,NGC 4027,179.875708,-19.265222,11.17,G,NGC
NGC 4027A,NGC 4027A,179.872458,-19.332000,14.51,G,NGC
NGC 4028,NGC 4028,179.649208,16.177306,0.00,Dup,NGC
NGC 4029,NGC 4029,180.013208,8.181722,14.44,G,NGC
NGC 4030,NGC 4030,180.098458,-1.100083,10.51,G,NGC
NGC 4031,NGC 4031,180.130625,31.947583,14.84,G,NGC
NGC 4032,NGC 4032,180.136750,20.073944,12.47,G,NGC
NGC 4033,NGC 4033,180.144750,-17.842611,11.79,G,NGC
NGC 4034,NGC 4034,180.373583,69.323917,14.42,G,NGC
NGC 4035,NGC 4035,180.122250,-15.948083,14.50,G,NGC
NGC 4036,NGC 4036,180.361458,61.895778,10.84,G,NGC
NGC 4037,NGC 4037,180.348625,13.401028,12.88,G,NGC
NGC 4038,Antennae Galaxies,180.470875,-18.867611,10.20,G,NGC
NGC 4039,Antennae Galaxies,180.472958,-18.886194,11.04,G,NGC
NGC 4040,NGC 4040,180.522667,17.823222,14.98,G,NGC
NGC 4041,NGC 4041,180.550833,62.137222,11.08,G,NGC
NGC 4042,NGC 4042,180.694917,20.163250,16.36,G,NGC
NGC 4043,NGC 4043,180.595667,4.329806,14.03,G,NGC
NGC 4044,NGC 4044,180.622958,-0.212417,14.58,G,NGC
NGC 4045,NGC 4045,180.676000,1.976806,11.81,G,NGC
NGC 4045A,NGC 4045A,180.677875,1.952222,14.29,G,NGC
NGC 4046,NGC 4046,180.676000,1.976806,0.00,Dup,NGC
NGC 4047,NGC 4047,180.711167,48.636194,12.76,G,NGC
NGC 4048,NGC 4048,180.709125,18.015583,14.44,G,NGC
NGC 4049,NGC 4049,180.727917,18.752500,14.10,G,NGC
NGC 4050,NGC 4050,180.724792,-16.373611,11.79,G,NGC
NGC 4051,NGC 4051,180.790042,44.531333,11.37,G,NGC
NGC 4052,NGC 4052,180.521625,-63.223472,8.80,OCl,NGC
NGC 4053,NGC 4053,180.798208,19.728833,14.45,G,NGC
NGC 4054,NGC 4054,180.804583,57.894444,0.00,GTrpl,NGC
NGC 4055,NGC 4055,181.006167,20.232333,13.78,G,NGC
NGC 4056,NGC 4056,180.990708,20.312500,16.47,G,NGC
NGC 4057,NGC 4057,181.025708,20.235083,12.57,G,NGC
NGC 4058,NGC 4058,180.954417,3.548222,13.89,G,NGC
NGC 4059,NGC 4059,181.047083,20.409833,0.00,Dup,NGC
NGC 4060,NGC 4060,181.004167,20.337417,15.49,G,NGC
NGC 4061,NGC 4061,181.006167,20.232333,0.00,Dup,NGC
NGC 4062,NGC 4062,181.015958,31.895806,11.15,G,NGC
NGC 4063,NGC 4063,181.024958,1.846972,14.86,G,NGC
NGC 4064,NGC 4064,181.046500,18.443417,11.33,G,NGC
NGC 4065,NGC 4065,181.025708,20.235083,0.00,Dup,NGC
NGC 4066,NGC 4066,181.039250,20.347944,14.17,G,NGC
NGC 4067,NGC 4067,181.048083,10.854389,13.42,G,NGC
NGC 4068,NGC 4068,181.003250,52.588278,12.71,G,NGC
NGC 4069,NGC 4069,181.025167,20.323778,16.30,G,NGC
NGC 4070,NGC 4070,181.047083,20.409833,14.06,G,NGC
NGC 4071,NGC 4071,181.065708,-67.310111,13.00,PN,NGC
NGC 4072,NGC 4072,181.057667,20.209722,15.54,G,NGC
NGC 4073,NGC 4073,181.112792,1.895972,11.51,G,NGC
NGC 4074,NGC 4074,181.123667,20.316222,14.44,G,NGC
NGC 4075,NGC 4075,181.157625,2.072528,14.52,G,NGC
NGC 4076,NGC 4076,181.135500,20.204944,13.45,G,NGC
NGC 4077,NGC 4077,181.158542,1.787722,14.13,G,NGC
NGC 4078,NGC 4078,181.198500,10.595583,13.77,G,NGC
NGC 4079,NGC 4079,181.207708,-2.382389,13.81,G,NGC
NGC 4080,NGC 4080,181.215958,26.992528,13.88,G,NGC
NGC 4081,NGC 4081,181.141292,64.436750,13.06,G,NGC
NGC 4082,NGC 4082,181.297708,10.670611,14.94,G,NGC
NGC 4083,NGC 4083,181.308542,10.613222,15.12,G,NGC
NGC 4084,NGC 4084,181.313583,21.214444,14.64,G,NGC
NGC 4085,NGC 4085,181.344625,50.352944,12.37,G,NGC
NGC 4086,NGC 4086,181.372375,20.246750,14.95,G,NGC
NGC 4087,NGC 4087,181.397208,-26.522639,13.15,G,NGC
NGC 4088,NGC 4088,181.392458,50.539028,10.60,G,NGC
NGC 4089,NGC 4089,181.405958,20.555722,14.64,G,NGC
NGC 4090,NGC 4090,181.366333,20.308750,14.78,G,NGC
NGC 4091,NGC 4091,181.417042,20.555722,15.00,G,NGC
NGC 4092,NGC 4092,181.458792,20.477000,13.57,G,NGC
NGC 4093,NGC 4093,181.464458,20.521972,15.15,G,NGC
NGC 4094,NGC 4094,181.474833,-14.526417,12.01,G,NGC
NGC 4095,NGC 4095,181.475917,20.572528,14.35,G,NGC
NGC 4096,NGC 4096,181.504708,47.478444,10.57,G,NGC
NGC 4097,NGC 4097,181.510458,36.863667,14.40,G,NGC
NGC 4098,NGC 4098,181.516250,20.606111,0.00,GPair,NGC
NGC 4099,NGC 4099,181.516250,20.606111,0.00,Dup,NGC
NGC 4100,NGC 4100,181.535208,49.582694,11.09,G,NGC
NGC 4101,NGC 4101,181.544042,25.557000,14.54,G,NGC
NGC 4102,NGC 4102,181.595792,52.711083,11.87,G,NGC
NGC 4103,NGC 4103,181.664875,-61.250083,7.40,OCl,NGC
NGC 4104,NGC 4104,181.662375,28.174194,12.14,G,NGC
NGC 4105,NGC 4105,181.669875,-29.760222,10.62,G,NGC
NGC 4106,NGC 4106,181.686667,-29.768306,11.30,G,NGC
NGC 4107,NGC 4107,181.198500,10.595583,0.00,Dup,NGC
NGC 4108,NGC 4108,181.685708,67.163083,13.05,G,NGC
NGC 4108A,NGC 4108A,181.456917,67.252083,14.58,G,NGC
NGC 4108B,NGC 4108B,181.798417,67.235167,14.50,G,NGC
NGC 4109,NGC 4109,181.713000,42.995639,14.97,G,NGC
NGC 4110,NGC 4110,181.764375,18.531722,14.50,G,NGC
NGC 4111,NGC 4111,181.763042,43.065722,10.81,G,NGC
NGC 4112,NGC 4112,181.789458,-40.208167,12.71,G,NGC
NGC 4113,NGC 4113,181.785333,32.995889,14.84,G,NGC
NGC 4114,NGC 4114,181.801208,-14.185472,14.06,G,NGC
NGC 4115,NGC 4115,181.789792,14.406556,0.00,*,NGC
NGC 4116,NGC 4116,181.904792,2.690500,12.02,G,NGC
NGC 4117,NGC 4117,181.942125,43.126361,14.30,G,NGC
NGC 4118,NGC 4118,181.970292,43.111056,15.75,G,NGC
NGC 4119,NGC 4119,182.040083,10.378889,11.50,G,NGC
NGC 4120,NGC 4120,182.129250,69.544833,14.01,G,NGC
NGC 4121,NGC 4121,181.985958,65.113944,12.99,G,NGC
NGC 4122,NGC 4122,181.785333,32.995889,0.00,Dup,NGC
NGC 4123,NGC 4123,182.046292,2.878278,11.39,G,NGC
NGC 4124,NGC 4124,182.040083,10.378889,0.00,Dup,NGC
NGC 4125,NGC 4125,182.025083,65.174139,9.71,G,NGC
NGC 4126,NGC 4126,182.156000,16.142778,14.48,G,NGC
NGC 4127,NGC 4127,182.109833,76.804028,13.42,G,NGC
NGC 4128,NGC 4128,182.134708,68.767611,11.96,G,NGC
NGC 4129,NGC 4129,182.221750,-9.036500,12.48,G,NGC
NGC 4130,NGC 4130,182.221750,-9.036500,0.00,Dup,NGC
NGC 4131,NGC 4131,182.197042,29.304778,13.27,G,NGC
NGC 4132,NGC 4132,182.255833,29.250111,13.99,G,NGC
NGC 4133,NGC 4133,182.208167,74.904306,13.01,G,NGC
NGC 4134,NGC 4134,182.291708,29.176917,13.10,G,NGC
NGC 4135,NGC 4135,182.286708,44.003194,14.02,G,NGC
NGC 4136,NGC 4136,182.323708,29.927611,11.90,G,NGC
NGC 4137,NGC 4137,182.322958,44.090167,14.34,G,NGC
NGC 4138,NGC 4138,182.374083,43.685306,11.80,G,NGC
NGC 4139,NGC 4139,181.141792,1.801611,14.72,G,NGC
NGC 4140,NGC 4140,181.158542,1.787722,0.00,Dup,NGC
NGC 4141,NGC 4141,182.447167,58.849194,14.60,G,NGC
NGC 4142,NGC 4142,182.375792,53.104944,13.91,G,NGC
NGC 4143,NGC 4143,182.400250,42.534167,12.08,G,NGC
NGC 4144,NGC 4144,182.494167,46.457167,11.61,G,NGC
NGC 4145,NGC 4145,182.506333,39.883861,11.22,G,NGC
NGC 4146,NGC 4146,182.576083,26.430750,13.86,G,NGC
NGC 4147,NGC 4147,182.525708,18.542139,10.74,GCl,NGC
NGC 4148,NGC 4148,182.533208,35.877611,14.39,G,NGC
NGC 4149,NGC 4149,182.636833,58.304139,13.92,G,NGC
NGC 4150,NGC 4150,182.640208,30.401528,11.69,G,NGC
NGC 4151,NGC 4151,182.635750,39.405722,11.48,G,NGC
NGC 4152,NGC 4152,182.656250,16.032917,12.50,G,NGC
NGC 4153,NGC 4153,182.525708,18.542139,0.00,Dup,NGC
NGC 4154,NGC 4154,182.636833,58.304139,0.00,Dup,NGC
NGC 4155,NGC 4155,182.690375,19.040833,14.43,G,NGC
NGC 4156,NGC 4156,182.706708,39.472722,13.53,G,NGC
NGC 4157,NGC 4157,182.768208,50.484667,11.29,G,NGC
NGC 4158,NGC 4158,182.792375,20.175667,13.28,G,NGC
NGC 4159,NGC 4159,182.723417,76.125861,14.22,G,NGC
NGC 4160,NGC 4160,183.007250,43.735583,0.00,**,NGC
NGC 4161,NGC 4161,182.889417,57.737500,13.74,G,NGC
NGC 4162,NGC 4162,182.968625,24.123667,11.70,G,NGC
NGC 4163,NGC 4163,183.038167,36.169194,13.15,G,NGC
NGC 4164,NGC 4164,183.022750,13.205639,15.36,G,NGC
NGC 4165,NGC 4165,183.049167,13.246528,13.63,G,NGC
NGC 4166,NGC 4166,183.039833,17.757028,14.16,G,NGC
NGC 4167,NGC 4167,183.038167,36.169194,0.00,Dup,NGC
NGC 4168,NGC 4168,183.071958,13.205194,11.45,G,NGC
NGC 4169,NGC 4169,183.078250,29.179417,12.20,G,NGC
NGC 4170,NGC 4170,183.055167,29.166806,0.00,*,NGC
NGC 4171,NGC 4171,183.159958,29.224500,0.00,*,NGC
NGC 4172,NGC 4172,183.062042,56.177556,14.26,G,NGC
NGC 4173,NGC 4173,183.089417,29.207056,13.34,G,NGC
NGC 4174,NGC 4174,183.112042,29.149222,13.64,G,NGC
NGC 4175,NGC 4175,183.129375,29.168444,13.45,G,NGC
NGC 4176,NGC 4176,183.153458,-9.160472,15.44,G,NGC
NGC 4177,NGC 4177,183.171917,-14.014556,13.29,G,NGC
NGC 4178,NGC 4178,183.193542,10.865972,11.43,G,NGC
NGC 4179,NGC 4179,183.217125,1.299694,10.93,G,NGC
NGC 4180,NGC 4180,183.262708,7.038944,13.22,G,NGC
NGC 4181,NGC 4181,183.204125,52.903306,14.83,G,NGC
NGC 4182,NGC 4182,183.262708,7.038944,0.00,Dup,NGC
NGC 4183,NGC 4183,183.320333,43.698583,12.29,G,NGC
NGC 4184,NGC 4184,183.385792,-62.721417,0.00,OCl,NGC
NGC 4185,NGC 4185,183.342500,28.510972,13.41,G,NGC
NGC 4186,NGC 4186,183.527208,14.725806,14.52,G,NGC
NGC 4187,NGC 4187,183.372000,50.741500,14.26,G,NGC
NGC 4188,NGC 4188,183.530667,-12.586000,14.31,G,NGC
NGC 4189,NGC 4189,183.446958,13.424806,11.84,G,NGC
NGC 4190,NGC 4190,183.436542,36.634028,13.13,G,NGC
NGC 4191,NGC 4191,183.460000,7.200889,13.56,G,NGC
NGC 4192,NGC 4192,183.451208,14.900333,10.84,G,NGC
NGC 4193,NGC 4193,183.473292,13.172861,12.29,G,NGC
NGC 4194,Medusa Galaxy Merger,183.539458,54.526833,12.77,G,NGC
NGC 4195,NGC 4195,183.575333,59.615444,15.29,G,NGC
NGC 4196,NGC 4196,183.623958,28.423444,13.62,G,NGC
NGC 4197,NGC 4197,183.660625,5.805722,13.36,G,NGC
NGC 4198,NGC 4198,183.591875,56.011444,14.44,G,NGC
NGC 4199,NGC 4199,183.709167,59.907500,0.00,GPair,NGC
NGC 4199A,NGC 4199A,183.702625,59.906194,15.30,G,NGC
NGC 4199B,NGC 4199B,183.715417,59.908389,16.43,G,NGC
NGC 4200,NGC 4200,183.684292,12.180750,12.96,G,NGC
NGC 4201,NGC 4201,183.674417,-11.582861,14.47,G,NGC
NGC 4202,NGC 4202,184.535625,-1.064111,14.53,G,NGC
NGC 4203,NGC 4203,183.771083,33.197333,11.55,G,NGC
NGC 4204,NGC 4204,183.810167,20.658583,12.89,G,NGC
NGC 4205,NGC 4205,183.731417,63.782778,13.71,G,NGC
NGC 4206,NGC 4206,183.820042,13.023972,12.17,G,NGC
NGC 4207,NGC 4207,183.877083,9.584889,13.40,G,NGC
NGC 4208,NGC 4208,183.914000,13.901500,11.10,G,NGC
NGC 4209,NGC 4209,183.857583,28.468417,13.60,*,NGC
NGC 4210,NGC 4210,183.815958,65.985333,13.38,G,NGC
NGC 4211,NGC 4211,183.899375,28.177639,14.30,G,NGC
NGC 4211A,NGC 4211A,183.905500,28.169639,15.85,G,NGC
NGC 4212,NGC 4212,183.914000,13.901500,0.00,Dup,NGC
NGC 4213,NGC 4213,183.906500,23.981889,12.57,G,NGC
NGC 4214,NGC 4214,183.913208,36.326889,9.77,G,NGC
NGC 4215,NGC 4215,183.977250,6.401139,11.96,G,NGC
NGC 4216,NGC 4216,183.976833,13.149389,9.93,G,NGC
NGC 4217,NGC 4217,183.962083,47.091778,11.23,G,NGC
NGC 4218,NGC 4218,183.943375,48.130833,13.45,G,NGC
NGC 4219,NGC 4219,184.113833,-43.324250,11.83,G,NGC
NGC 4219A,NGC 4219A,184.499542,-43.540028,14.73,G,NGC
NGC 4220,NGC 4220,184.048792,47.883250,11.33,G,NGC
NGC 4221,NGC 4221,183.999417,66.230806,13.32,G,NGC
NGC 4222,NGC 4222,184.093833,13.307056,13.80,G,NGC
NGC 4223,NGC 4223,184.357542,6.690083,11.95,G,NGC
NGC 4224,NGC 4224,184.140792,7.462083,11.77,G,NGC
NGC 4225,NGC 4225,184.159875,-12.327667,14.97,G,NGC
NGC 4226,NGC 4226,184.109500,47.025194,14.34,G,NGC
NGC 4227,NGC 4227,184.140417,33.522056,13.72,G,NGC
NGC 4228,NGC 4228,183.913208,36.326889,0.00,Dup,NGC
NGC 4229,NGC 4229,184.161625,33.560889,14.22,G,NGC
NGC 4230,NGC 4230,184.289042,-55.286139,9.40,OCl,NGC
NGC 4231,NGC 4231,184.203625,47.457389,14.65,G,NGC
NGC 4232,NGC 4232,184.204292,47.438806,14.52,G,NGC
NGC 4233,NGC 4233,184.282000,7.624389,11.94,G,NGC
NGC 4234,NGC 4234,184.288167,3.683056,12.88,G,NGC
NGC 4235,NGC 4235,184.291167,7.191583,11.97,G,NGC
NGC 4236,NGC 4236,184.175500,69.462583,9.77,G,NGC
NGC 4237,NGC 4237,184.297583,15.323972,11.83,G,NGC
NGC 4238,NGC 4238,184.232500,63.409917,14.13,G,NGC
NGC 4239,NGC 4239,184.312208,16.531389,12.77,G,NGC
NGC 4240,NGC 4240,184.351500,-9.951639,14.27,G,NGC
NGC 4241,NGC 4241,184.499583,6.654194,13.05,G,NGC
NGC 4242,NGC 4242,184.375750,45.619306,11.03,G,NGC
NGC 4243,NGC 4243,184.351500,-9.951639,0.00,Dup,NGC
NGC 4244,NGC 4244,184.373583,37.807111,10.18,G,NGC
NGC 4245,NGC 4245,184.403208,29.608000,11.42,G,NGC
NGC 4246,NGC 4246,184.492167,7.185917,12.72,G,NGC
NGC 4247,NGC 4247,184.492000,7.273944,14.79,G,NGC
NGC 4248,NGC 4248,184.457708,47.409194,12.58,G,NGC
NGC 4249,NGC 4249,184.497458,5.598583,14.48,G,NGC
NGC 4250,NGC 4250,184.359458,70.802583,12.90,G,NGC
NGC 4251,NGC 4251,184.534375,28.175389,10.77,G,NGC
NGC 4252,NGC 4252,184.628708,5.559472,14.65,G,NGC
NGC 4253,NGC 4253,184.610458,29.812861,13.23,G,NGC
NGC 4254,Coma Pinwheel,184.706667,14.416500,9.84,G,NGC
NGC 4255,NGC 4255,184.733958,4.786139,13.40,G,NGC
NGC 4256,NGC 4256,184.679542,65.898250,12.68,G,NGC
NGC 4257,NGC 4257,184.776958,5.725972,14.57,G,NGC
NGC 4258,NGC 4258,184.739583,47.303972,9.29,G,NGC
NGC 4259,NGC 4259,184.842542,5.376389,13.57,G,NGC
NGC 4260,NGC 4260,184.842667,6.098667,11.55,G,NGC
NGC 4261,NGC 4261,184.846750,5.825222,11.11,G,NGC
NGC 4262,NGC 4262,184.877375,14.877667,11.46,G,NGC
NGC 4263,NGC 4263,184.925833,-12.225556,13.64,G,NGC
NGC 4264,NGC 4264,184.899000,5.846750,12.79,G,NGC
NGC 4265,NGC 4265,184.925833,-12.225556,0.00,Dup,NGC
NGC 4266,NGC 4266,184.926250,5.538278,13.42,G,NGC
NGC 4267,NGC 4267,184.938500,12.798278,10.89,G,NGC
NGC 4268,NGC 4268,184.946750,5.283778,12.71,G,NGC
NGC 4269,NGC 4269,184.954958,6.014972,13.41,G,NGC
NGC 4270,NGC 4270,184.956125,5.463444,12.18,G,NGC
NGC 4271,NGC 4271,184.885833,56.736583,13.59,G,NGC
NGC 4272,NGC 4272,184.948500,30.339083,14.04,G,NGC
NGC 4273,NGC 4273,184.983667,5.343333,11.80,G,NGC
NGC 4274,NGC 4274,184.960792,29.614472,10.42,G,NGC
NGC 4275,NGC 4275,184.969083,27.621000,13.37,G,NGC
NGC 4276,NGC 4276,185.031167,7.691861,13.56,G,NGC
NGC 4277,NGC 4277,185.015500,5.341361,13.50,G,NGC
NGC 4278,NGC 4278,185.028417,29.280750,10.21,G,NGC
NGC 4279,NGC 4279,185.104167,-11.666611,15.13,G,NGC
NGC 4280,NGC 4280,185.132917,-11.652444,0.00,Other,NGC
NGC 4281,NGC 4281,185.089667,5.386389,11.31,G,NGC
NGC 4282,NGC 4282,185.101292,5.572833,14.55,G,NGC
NGC 4283,NGC 4283,185.086875,29.310944,12.32,G,NGC
NGC 4284,NGC 4284,185.052583,58.092889,14.49,G,NGC
NGC 4285,NGC 4285,185.165833,-11.641917,15.00,G,NGC
NGC 4286,NGC 4286,185.175375,29.345889,14.51,G,NGC
NGC 4287,NGC 4287,185.202083,5.639889,14.99,G,NGC
NGC 4288,NGC 4288,185.158792,46.291667,12.91,G,NGC
NGC 4288A,NGC 4288A,185.169042,46.255444,15.70,G,NGC
NGC 4289,NGC 4289,185.259375,3.722139,14.32,G,NGC
NGC 4290,NGC 4290,185.198042,58.092500,12.76,G,NGC
NGC 4291,NGC 4291,185.075833,75.370833,11.42,G,NGC
NGC 4292,NGC 4292,185.318583,4.595694,12.21,G,NGC
NGC 4293,NGC 4293,185.303708,18.382389,10.17,G,NGC
NGC 4294,NGC 4294,185.324292,11.510444,12.05,G,NGC
NGC 4295,NGC 4295,185.290750,28.165111,14.87,G,NGC
NGC 4296,NGC 4296,185.368292,6.653556,13.68,G,NGC
NGC 4297,NGC 4297,185.364208,6.671028,12.92,G,NGC
NGC 4298,NGC 4298,185.386500,14.606167,11.35,G,NGC
NGC 4299,NGC 4299,185.418958,11.499917,12.47,G,NGC
NGC 4300,NGC 4300,185.422792,5.384806,13.36,G,NGC
NGC 4301,NGC 4301,185.613375,4.566278,13.12,G,NGC
NGC 4302,NGC 4302,185.427000,14.598306,11.54,G,NGC
NGC 4303,NGC 4303,185.478750,4.473639,10.25,G,NGC
NGC 4303A,NGC 4303A,185.613375,4.566278,0.00,Dup,NGC
NGC 4304,NGC 4304,185.553000,-33.484500,11.77,G,NGC
NGC 4305,NGC 4305,185.515000,12.740917,12.61,G,NGC
UGC04305,UGC04305,124.770750,70.720028,10.75,G,NGC
NGC 4306,NGC 4306,185.517125,12.787472,13.58,G,NGC
NGC 4307,NGC 4307,185.523667,9.043639,12.71,G,NGC
NGC 4307A,NGC 4307A,185.530500,8.990556,14.98,G,NGC
NGC 4308,NGC 4308,185.486875,30.074361,13.25,G,NGC
NGC 4309,NGC 4309,185.551583,7.144306,13.56,G,NGC
NGC 4310,NGC 4310,185.609583,29.209028,13.44,G,NGC
NGC 4311,NGC 4311,185.611875,29.145944,0.00,**,NGC
NGC 4312,NGC 4312,185.630667,15.537917,11.70,G,NGC
NGC 4313,NGC 4313,185.660583,11.800944,12.42,G,NGC
NGC 4314,NGC 4314,185.632583,29.895889,10.57,G,NGC
NGC 4315,NGC 4315,185.688083,9.305389,0.00,*,NGC
NGC 4316,NGC 4316,185.676000,9.332472,13.54,G,NGC
NGC 4317,NGC 4317,185.674917,31.037861,0.00,Other,NGC
NGC 4318,NGC 4318,185.680375,8.198278,14.20,G,NGC
NGC 4319,NGC 4319,185.432792,75.322583,12.88,G,NGC
NGC 4320,NGC 4320,185.740500,10.548333,14.91,G,NGC
NGC 4321,NGC 4321,185.728458,15.821806,9.47,G,NGC
NGC 4322,NGC 4322,185.674542,15.903278,13.40,*,NGC
NGC 4323,NGC 4323,185.757208,15.905583,13.76,G,NGC
NGC 4324,NGC 4324,185.775750,5.250333,11.50,G,NGC
NGC 4325,NGC 4325,185.777833,10.621194,13.30,G,NGC
NGC 4326,NGC 4326,185.798458,6.072139,14.23,G,NGC
NGC 4327,NGC 4327,185.781292,15.736500,16.10,*,NGC
NGC 4328,NGC 4328,185.833458,15.820389,14.19,G,NGC
NGC 4329,NGC 4329,185.836292,-12.558611,14.65,G,NGC
NGC 4330,NGC 4330,185.821875,11.367972,13.12,G,NGC
NGC 4331,NGC 4331,185.649833,76.172472,14.71,G,NGC
NGC 4332,NGC 4332,185.694833,65.843778,13.22,G,NGC
NGC 4333,NGC 4333,185.842792,6.040722,14.33,G,NGC
NGC 4334,NGC 4334,185.849500,7.473194,14.09,G,NGC
NGC 4335,NGC 4335,185.757833,58.444556,13.64,G,NGC
NGC 4336,NGC 4336,185.874292,19.426917,13.23,G,NGC
NGC 4337,NGC 4337,186.013792,-58.123778,8.90,OCl,NGC
NGC 4338,NGC 4338,185.609583,29.209028,0.00,Dup,NGC
NGC 4339,NGC 4339,185.895625,6.081750,11.41,G,NGC
NGC 4340,NGC 4340,185.897042,16.722361,11.15,G,NGC
NGC 4341,NGC 4341,185.973167,7.107111,13.26,G,NGC
NGC 4342,NGC 4342,185.912500,7.054000,12.51,G,NGC
NGC 4343,NGC 4343,185.911250,6.954083,12.29,G,NGC
NGC 4344,NGC 4344,185.906125,17.540861,13.31,G,NGC
NGC 4345,NGC 4345,185.432792,75.322583,0.00,Dup,NGC
NGC 4346,NGC 4346,185.866417,46.993833,12.14,G,NGC
NGC 4347,NGC 4347,185.968500,-3.240417,0.00,*,NGC
NGC 4348,NGC 4348,185.974958,-3.442917,12.28,G,NGC
NGC 4349,NGC 4349,186.025167,-61.870444,7.40,OCl,NGC
NGC 4350,NGC 4350,185.991125,16.693417,10.87,G,NGC
NGC 4351,NGC 4351,186.006250,12.204778,12.55,G,NGC
NGC 4352,NGC 4352,186.020917,11.218056,12.52,G,NGC
NGC 4353,NGC 4353,186.001083,7.785194,13.41,G,NGC
NGC 4354,NGC 4354,186.006250,12.204778,0.00,Dup,NGC
NGC 4355,NGC 4355,186.727583,-0.877611,13.37,G,NGC
NGC 4356,NGC 4356,186.060542,8.535861,13.41,G,NGC
NGC 4357,NGC 4357,185.995083,48.779472,12.68,G,NGC
NGC 4358,NGC 4358,186.008417,58.385222,14.18,G,NGC
NGC 4359,NGC 4359,186.046542,31.521944,13.65,G,NGC
NGC 4360,NGC 4360,186.090417,9.292778,13.32,G,NGC
NGC 4360B,NGC 4360B,186.061333,9.266861,14.90,G,NGC
NGC 4361,NGC 4361,186.128167,-18.784833,10.90,PN,NGC
NGC 4362,NGC 4362,186.046917,58.360667,14.96,G,NGC
NGC 4363,NGC 4363,185.868333,74.952222,14.54,G,NGC
NGC 4364,NGC 4364,186.046917,58.360667,0.00,Dup,NGC
NGC 4365,NGC 4365,186.117833,7.317667,9.43,G,NGC
NGC 4366,NGC 4366,186.195875,7.353028,14.90,G,NGC
NGC 4367,NGC 4367,186.146417,12.182306,0.00,**,NGC
NGC 4368,NGC 4368,185.777833,10.621194,0.00,Dup,NGC
NGC 4369,NGC 4369,186.150833,39.383000,11.69,G,NGC
NGC 4370,NGC 4370,186.228750,7.444889,13.84,G,NGC
NGC 4371,NGC 4371,186.230958,11.704222,10.83,G,NGC
NGC 4372,NGC 4372,186.439083,-72.659083,9.85,GCl,NGC
NGC 4373,NGC 4373,186.324250,-39.759722,10.92,G,NGC
NGC 4373A,NGC 4373A,186.407208,-39.319667,12.20,G,NGC
NGC 4373B,NGC 4373B,186.682417,-39.134222,15.06,G,NGC
NGC 4374,NGC 4374,186.265583,12.886972,9.79,G,NGC
NGC 4375,NGC 4375,186.251958,28.558611,13.83,G,NGC
NGC 4376,NGC 4376,186.325250,5.741194,13.81,G,NGC
NGC 4377,NGC 4377,186.301417,14.762167,11.80,G,NGC
NGC 4378,NGC 4378,186.325417,4.925139,11.29,G,NGC
NGC 4379,NGC 4379,186.311417,15.607472,11.63,G,NGC
NGC 4380,NGC 4380,186.342375,10.016806,11.29,G,NGC
NGC 4381,NGC 4381,185.995083,48.779472,0.00,Dup,NGC
NGC 4382,NGC 4382,186.350458,18.191500,9.05,G,NGC
NGC 4383,NGC 4383,186.356333,16.470139,12.18,G,NGC
NGC 4384,NGC 4384,186.299917,54.506222,13.06,G,NGC
NGC 4385,NGC 4385,186.428333,0.572611,12.96,G,NGC
NGC 4386,NGC 4386,186.118125,75.528917,11.69,G,NGC
NGC 4387,NGC 4387,186.423667,12.810528,12.13,G,NGC
NGC 4388,NGC 4388,186.444792,12.662083,11.02,G,NGC
NGC 4389,NGC 4389,186.396250,45.684667,12.55,G,NGC
NGC 4390,NGC 4390,186.461125,10.459056,13.34,G,NGC
NGC 4391,NGC 4391,186.328292,64.933472,13.73,G,NGC
NGC 4392,NGC 4392,186.329000,45.847472,14.29,G,NGC
NGC 4393,NGC 4393,186.463458,27.561556,13.72,G,NGC
NGC 4394,NGC 4394,186.481375,18.214056,11.03,G,NGC
NGC 4395,NGC 4395,186.453583,33.546917,10.29,G,NGC
NGC 4396,NGC 4396,186.495083,15.671472,12.64,G,NGC
NGC 4397,NGC 4397,186.492333,18.301028,0.00,Other,NGC
NGC 4398,NGC 4398,186.530958,10.686083,0.00,*,NGC
NGC 4399,NGC 4399,186.429208,33.516083,0.00,Other,NGC
NGC 4400,NGC 4400,186.482958,33.514833,0.00,Other,NGC
NGC 4401,NGC 4401,186.489875,33.528361,0.00,Other,NGC
NGC 4402,NGC 4402,186.531875,13.113333,11.78,G,NGC
NGC 4403,NGC 4403,186.553292,-7.684944,13.49,G,NGC
NGC 4404,NGC 4404,186.567542,-7.680833,14.25,G,NGC
NGC 4405,NGC 4405,186.529792,16.181000,12.94,G,NGC
NGC 4406,NGC 4406,186.548917,12.946222,8.86,G,NGC
NGC 4407,NGC 4407,186.634375,12.610972,12.25,G,NGC
NGC 4408,NGC 4408,186.571833,27.871167,15.15,G,NGC
NGC 4409,NGC 4409,186.743750,2.494361,12.77,G,NGC
NGC 4410,NGC 4410,186.620250,9.019667,0.00,GPair,NGC
NGC 4410A,NGC 4410A,186.617875,9.019861,16.08,G,NGC
NGC 4410B,NGC 4410B,186.623250,9.019222,14.17,G,NGC
NGC 4410C,NGC 4410C,186.647917,9.035472,14.78,G,NGC
NGC 4411,NGC 4411,186.625417,8.872222,12.82,G,NGC
NGC 4411B,NGC 4411B,186.696792,8.884611,12.41,G,NGC
NGC 4412,NGC 4412,186.650333,3.964694,13.16,G,NGC
NGC 4413,NGC 4413,186.634375,12.610972,0.00,Dup,NGC
NGC 4414,NGC 4414,186.612917,31.223528,10.20,G,NGC
NGC 4415,NGC 4415,186.668708,8.435694,13.59,G,NGC
NGC 4416,NGC 4416,186.694667,7.919000,11.57,G,NGC
NGC 4417,NGC 4417,186.710875,9.584250,11.22,G,NGC
NGC 4418,NGC 4418,186.727583,-0.877611,0.00,Dup,NGC
NGC 4419,NGC 4419,186.735167,15.047389,11.06,G,NGC
NGC 4420,NGC 4420,186.743750,2.494361,0.00,Dup,NGC
NGC 4421,NGC 4421,186.760583,15.461472,11.42,G,NGC
NGC 4422,NGC 4422,186.800458,-5.831000,14.59,G,NGC
NGC 4423,NGC 4423,186.787375,5.880167,13.88,G,NGC
NGC 4424,NGC 4424,186.798375,9.420667,11.68,G,NGC
NGC 4425,NGC 4425,186.805542,12.734722,11.95,G,NGC
NGC 4426,NGC 4426,186.793875,27.838194,0.00,**,NGC
NGC 4427,NGC 4427,186.793875,27.838194,0.00,Dup,NGC
NGC 4428,NGC 4428,186.867917,-8.167889,13.15,G,NGC
NGC 4429,NGC 4429,186.860458,11.107722,10.08,G,NGC
NGC 4430,NGC 4430,186.860042,6.262778,12.65,G,NGC
NGC 4431,NGC 4431,186.864083,12.290278,12.97,G,NGC
NGC 4432,NGC 4432,186.887375,6.233250,14.93,G,NGC
NGC 4433,NGC 4433,186.910792,-8.278417,12.66,G,NGC
NGC 4434,NGC 4434,186.902833,8.154333,12.12,G,NGC
NGC 4435,Eyes,186.918708,13.078944,10.96,G,NGC
NGC 4436,NGC 4436,186.921833,12.315889,13.19,G,NGC
NGC 4437,NGC 4437,188.189958,0.115028,0.00,Dup,NGC
NGC 4438,Eyes,186.939958,13.008833,10.92,G,NGC
NGC 4439,NGC 4439,187.109792,-60.103222,8.40,OCl,NGC
NGC 4440,NGC 4440,186.973208,12.293278,11.81,G,NGC
NGC 4441,NGC 4441,186.834792,64.801500,12.67,G,NGC
NGC 4442,NGC 4442,187.016167,9.803722,10.60,G,NGC
NGC 4443,NGC 4443,187.262542,13.183750,0.00,Dup,NGC
NGC 4444,NGC 4444,187.151708,-43.261750,13.06,G,NGC
NGC 4445,NGC 4445,187.066375,9.436194,12.76,G,NGC
NGC 4446,NGC 4446,187.028292,13.911750,14.58,G,NGC
NGC 4447,NGC 4447,187.052208,13.899222,14.80,G,NGC
NGC 4448,NGC 4448,187.064292,28.620306,11.11,G,NGC
NGC 4449,NGC 4449,187.046250,44.093639,9.64,G,NGC
NGC 4450,NGC 4450,187.123458,17.084944,10.87,G,NGC
NGC 4451,NGC 4451,187.168958,9.258806,12.51,G,NGC
NGC 4452,NGC 4452,187.180458,11.755028,11.90,G,NGC
NGC 4453,NGC 4453,187.196667,6.507500,0.00,GPair,NGC
NGC 4454,NGC 4454,187.211458,-1.939194,11.93,G,NGC
NGC 4455,NGC 4455,187.183792,22.820444,13.12,G,NGC
NGC 4456,NGC 4456,186.968333,-30.097889,14.12,G,NGC
NGC 4457,NGC 4457,187.245875,3.570583,10.57,G,NGC
NGC 4458,NGC 4458,187.239875,13.241889,12.12,G,NGC
NGC 4459,NGC 4459,187.250042,13.978361,10.25,G,NGC
NGC 4460,NGC 4460,187.189833,44.864222,12.40,G,NGC
NGC 4461,NGC 4461,187.262542,13.183750,11.02,G,NGC
NGC 4462,NGC 4462,187.338417,-23.166361,11.85,G,NGC
NGC 4463,NGC 4463,187.480083,-64.789667,7.20,OCl,NGC
NGC 4464,NGC 4464,187.338708,8.156611,12.60,G,NGC
NGC 4465,NGC 4465,187.348083,8.026000,15.22,G,NGC
NGC 4466,NGC 4466,187.377375,7.696417,14.34,G,NGC
NGC 4467,NGC 4467,187.376042,7.992861,14.15,G,NGC
NGC 4468,NGC 4468,187.378750,14.049083,12.96,G,NGC
NGC 4469,NGC 4469,187.366792,8.749917,11.04,G,NGC
NGC 4470,NGC 4470,187.407417,7.824194,13.06,G,NGC
NGC 4471,NGC 4471,187.404375,7.932750,15.24,G,NGC
NGC 4472,NGC 4472,187.444833,8.000472,8.28,G,NGC
NGC 4473,NGC 4473,187.453625,13.429361,10.09,G,NGC
NGC 4474,NGC 4474,187.473125,14.068583,11.56,G,NGC
NGC 4475,NGC 4475,187.448250,27.243333,13.85,G,NGC
NGC 4476,NGC 4476,187.496167,12.348667,12.20,G,NGC
NGC 4477,NGC 4477,187.509167,13.636611,10.31,G,NGC
NGC 4478,NGC 4478,187.572583,12.328556,11.44,G,NGC
NGC 4479,NGC 4479,187.576542,13.577639,12.52,G,NGC
NGC 4480,NGC 4480,187.611583,4.246583,12.40,G,NGC
NGC 4481,NGC 4481,187.452792,64.033000,14.76,G,NGC
NGC 4482,NGC 4482,187.543042,10.779472,13.01,G,NGC
NGC 4483,NGC 4483,187.669375,9.015667,12.18,G,NGC
NGC 4484,NGC 4484,187.219500,-11.652056,14.21,G,NGC
NGC 4485,NGC 4485,187.629708,41.701167,12.18,G,NGC
NGC 4486,Virgo Galaxy,187.705917,12.391111,9.00,G,NGC
NGC 4486A,NGC 4486A,187.740458,12.270361,12.53,G,NGC
NGC 4486B,NGC 4486B,187.633208,12.490167,13.38,G,NGC
NGC 4487,NGC 4487,187.768583,-8.053917,11.45,G,NGC
NGC 4488,NGC 4488,187.714042,8.360000,12.02,G,NGC
NGC 4489,NGC 4489,187.717708,16.758861,12.68,G,NGC
NGC 4490,NGC 4490,187.651000,41.643889,9.72,G,NGC
NGC 4491,NGC 4491,187.737958,11.483528,12.43,G,NGC
NGC 4492,NGC 4492,187.748792,8.077861,11.99,G,NGC
NGC 4493,NGC 4493,187.784875,0.613694,14.72,G,NGC
NGC 4494,NGC 4494,187.850417,25.775250,9.80,G,NGC
NGC 4495,NGC 4495,187.845333,29.136472,13.46,G,NGC
NGC 4496,NGC 4496,187.916667,3.932778,0.00,GPair,NGC
NGC 4496A,NGC 4496A,187.913375,3.939472,11.59,G,NGC
NGC 4496B,NGC 4496B,187.920333,3.926333,14.52,G,NGC
NGC 4497,NGC 4497,187.885542,11.624722,12.46,G,NGC
NGC 4498,NGC 4498,187.914833,16.852778,12.76,G,NGC
NGC 4499,NGC 4499,188.020583,-39.982472,13.14,G,NGC
NGC 4500,NGC 4500,187.842333,57.964639,12.52,G,NGC
NGC 4501,NGC 4501,187.996500,14.420389,10.33,G,NGC
NGC 4502,NGC 4502,188.013958,16.687722,14.56,G,NGC
NGC 4503,NGC 4503,188.025958,11.176417,10.97,G,NGC
NGC 4504,NGC 4504,188.072708,-7.563444,11.61,G,NGC
NGC 4505,NGC 4505,187.913375,3.939472,0.00,Dup,NGC
NGC 4506,NGC 4506,188.043875,13.419611,13.56,G,NGC
NGC 4507,NGC 4507,188.902625,-39.909250,13.13,G,NGC
NGC 4508,NGC 4508,188.072583,5.819972,0.00,**,NGC
NGC 4509,NGC 4509,188.278292,32.091556,14.08,G,NGC
NGC 4510,NGC 4510,187.946708,64.233806,14.07,G,NGC
NGC 4511,NGC 4511,188.033792,56.471167,14.52,G,NGC
NGC 4512,NGC 4512,188.198542,63.939194,12.97,G,NGC
NGC 4513,NGC 4513,188.006333,66.332583,13.99,G,NGC
NGC 4514,NGC 4514,188.179042,29.712389,13.98,G,NGC
NGC 4515,NGC 4515,188.270708,16.265528,12.65,G,NGC
NGC 4516,NGC 4516,188.281417,14.574944,13.53,G,NGC
NGC 4517,NGC 4517,188.189958,0.115028,10.48,G,NGC
NGC 4517A,NGC 4517A,188.117292,0.389667,12.24,G,NGC
NGC 4518,NGC 4518,188.299000,7.851639,14.53,G,NGC
NGC 4519,NGC 4519,188.376042,8.654750,12.00,G,NGC
NGC 4519A,NGC 4519A,188.352958,8.690750,15.71,G,NGC
NGC 4520,NGC 4520,188.457917,-7.375556,14.65,G,NGC
NGC 4521,NGC 4521,188.198542,63.939194,0.00,Dup,NGC
NGC 4522,NGC 4522,188.415458,9.175028,12.93,G,NGC
NGC 4523,NGC 4523,188.450000,15.168306,13.61,G,NGC
NGC 4524,NGC 4524,188.476625,-12.027611,14.23,G,NGC
NGC 4525,NGC 4525,188.463083,30.277472,12.98,G,NGC
NGC 4526,NGC 4526,188.512875,7.699528,9.59,G,NGC
NGC 4527,NGC 4527,188.535083,2.653667,10.50,G,NGC
NGC 4528,NGC 4528,188.525292,11.321250,11.97,G,NGC
NGC 4529,NGC 4529,188.215208,20.183500,15.09,G,NGC
NGC 4530,NGC 4530,188.448792,41.353472,0.00,*,NGC
NGC 4531,NGC 4531,188.566208,13.075333,12.36,G,NGC
NGC 4532,NGC 4532,188.580542,6.467694,11.92,G,NGC
NGC 4533,NGC 4533,188.591750,2.325361,14.25,G,NGC
NGC 4534,NGC 4534,188.522583,35.518333,13.15,G,NGC
NGC 4535,NGC 4535,188.584625,8.197750,9.89,G,NGC
NGC 4536,NGC 4536,188.612708,2.188139,10.48,G,NGC
NGC 4537,NGC 4537,188.703792,50.805167,15.20,G,NGC
NGC 4538,NGC 4538,188.670417,3.323667,14.55,G,NGC
NGC 4539,NGC 4539,188.644750,18.202694,12.05,G,NGC
NGC 4540,NGC 4540,188.711958,15.551722,12.31,G,NGC
NGC 4541,NGC 4541,188.794417,-0.221139,13.94,G,NGC
NGC 4542,NGC 4542,188.703792,50.805167,0.00,Dup,NGC
NGC 4543,NGC 4543,188.834333,6.115083,14.27,G,NGC
NGC 4544,NGC 4544,188.902375,3.034528,13.84,G,NGC
NGC 4545,NGC 4545,188.642292,63.525056,13.14,G,NGC
NGC 4546,NGC 4546,188.872958,-3.793194,10.57,G,NGC
NGC 4547,NGC 4547,188.716000,58.916778,15.01,G,NGC
NGC 4548,NGC 4548,188.860208,14.496333,10.96,G,NGC
NGC 4549,NGC 4549,188.838625,58.949667,15.95,G,NGC
NGC 4550,NGC 4550,188.877417,12.220833,12.03,G,NGC
NGC 4551,NGC 4551,188.908125,12.263972,11.98,G,NGC
NGC 4552,NGC 4552,188.915875,12.556333,10.08,G,NGC
NGC 4553,NGC 4553,189.031667,-39.438667,12.20,G,NGC
NGC 4554,NGC 4554,188.998000,11.265361,0.00,**,NGC
NGC 4555,NGC 4555,188.921583,26.523111,13.40,G,NGC
NGC 4556,NGC 4556,188.941083,26.908889,14.24,G,NGC
NGC 4557,NGC 4557,188.957250,27.053778,0.00,Other,NGC
NGC 4558,NGC 4558,188.969375,26.992139,14.93,G,NGC
NGC 4559,NGC 4559,188.990208,27.960000,9.92,G,NGC
NGC 4559A,NGC 4559A,189.222667,27.862028,14.49,G,NGC
NGC 4559B,NGC 4559B,189.224708,27.749111,15.33,G,NGC
NGC 4559C,NGC 4559C,188.967167,27.932083,0.00,HII,NGC
NGC 4560,NGC 4560,188.512875,7.699528,0.00,Dup,NGC
NGC 4561,NGC 4561,189.034167,19.322917,12.61,G,NGC
NGC 4562,NGC 4562,188.895000,25.850000,14.37,G,NGC
NGC 4563,NGC 4563,189.053667,26.941444,15.55,G,NGC
NGC 4564,NGC 4564,189.112417,11.439278,11.26,G,NGC
NGC 4565,Needle Galaxy,189.086583,25.987667,10.86,G,NGC
NGC 4565A,NGC 4565A,188.895000,25.850000,0.00,Dup,NGC
NGC 4565B,NGC 4565B,188.923708,26.222194,15.11,G,NGC
NGC 4565C,NGC 4565C,188.922583,26.285833,16.43,G,NGC
NGC 4566,NGC 4566,189.000458,54.220972,13.23,G,NGC
NGC 4567,Butterfly Galaxies,189.136292,11.258000,11.32,G,NGC
NGC 4568,Butterfly Galaxies,189.142750,11.238889,10.80,G,NGC
NGC 4569,NGC 4569,189.207458,13.162944,9.54,G,NGC
NGC 4570,NGC 4570,189.222500,7.246639,11.11,G,NGC
NGC 4571,NGC 4571,189.234917,14.217361,11.29,G,NGC
NGC 4572,NGC 4572,188.938750,74.245556,14.82,G,NGC
NGC 4573,NGC 4573,189.432458,-43.621139,12.92,G,NGC
NGC 4574,NGC 4574,189.431292,-35.517639,12.99,G,NGC
NGC 4575,NGC 4575,189.463000,-40.537361,12.60,G,NGC
NGC 4576,NGC 4576,189.389833,4.367694,13.49,G,NGC
NGC 4577,NGC 4577,189.801833,6.012306,13.84,G,NGC
NGC 4578,NGC 4578,189.377333,9.555083,11.40,G,NGC
NGC 4579,NGC 4579,189.431333,11.818194,10.30,G,NGC
NGC 4580,NGC 4580,189.451625,5.368528,12.57,G,NGC
NGC 4581,NGC 4581,189.521542,1.477750,12.38,G,NGC
NGC 4582,NGC 4582,189.542500,0.182750,14.28,*,NGC
NGC 4583,NGC 4583,189.518917,33.458833,14.47,G,NGC
NGC 4584,NGC 4584,189.574458,13.109889,13.76,G,NGC
NGC 4585,NGC 4585,189.555333,28.937028,14.22,G,NGC
NGC 4586,NGC 4586,189.618333,4.319083,11.58,G,NGC
NGC 4587,NGC 4587,189.647583,2.657333,13.79,G,NGC
NGC 4588,NGC 4588,189.689292,6.768167,14.96,G,NGC
NGC 4589,NGC 4589,189.354125,74.191917,10.74,G,NGC
NGC 4590,NGC 4590,189.866708,-26.743028,7.96,GCl,NGC
NGC 4591,NGC 4591,189.801833,6.012306,0.00,Dup,NGC
NGC 4592,NGC 4592,189.828083,-0.532000,11.88,G,NGC
NGC 4593,NGC 4593,189.914292,-5.344250,11.43,G,NGC
NGC 4594,Sombrero Galaxy,189.997625,-11.623056,8.59,G,NGC
NGC 4595,NGC 4595,189.966292,15.297806,12.94,G,NGC
NGC 4596,NGC 4596,189.983125,10.176139,10.46,G,NGC
NGC 4597,NGC 4597,190.053875,-5.799278,12.87,G,NGC
NGC 4598,NGC 4598,190.049708,8.383750,13.54,G,NGC
NGC 4599,NGC 4599,190.112875,1.196917,13.49,G,NGC
NGC 4600,NGC 4600,190.095667,3.117750,13.27,G,NGC
NGC 4601,NGC 4601,190.194750,-40.893056,13.91,G,NGC
NGC 4602,NGC 4602,190.153542,-5.133000,11.75,G,NGC
NGC 4603,NGC 4603,190.230042,-40.976389,11.67,G,NGC
NGC 4603A,NGC 4603A,189.903833,-40.740028,14.27,G,NGC
NGC 4603B,NGC 4603B,190.123917,-41.069833,15.43,G,NGC
NGC 4603C,NGC 4603C,190.179625,-40.763361,14.24,G,NGC
NGC 4603D,NGC 4603D,190.533750,-40.820861,13.20,G,NGC
NGC 4604,NGC 4604,190.187750,-5.302889,14.40,G,NGC
NGC 4605,NGC 4605,189.997417,61.609194,10.26,G,NGC
NGC 4606,NGC 4606,190.239750,11.912222,11.90,G,NGC
NGC 4607,NGC 4607,190.301667,11.886639,12.79,G,NGC
NGC 4608,NGC 4608,190.305375,10.155667,11.08,G,NGC
NGC 4609,Coalsack Cluster,190.570125,-62.995750,6.90,OCl,NGC
NGC 4610,NGC 4610,187.407417,7.824194,0.00,Dup,NGC
NGC 4611,NGC 4611,190.356042,13.729528,14.96,G,NGC
NGC 4612,NGC 4612,190.386458,7.314889,12.10,G,NGC
NGC 4613,NGC 4613,190.370625,26.088611,15.43,G,NGC
NGC 4614,NGC 4614,190.381125,26.042667,14.32,G,NGC
NGC 4615,NGC 4615,190.405500,26.072833,13.89,G,NGC
NGC 4616,NGC 4616,190.568542,-40.642056,13.32,G,NGC
NGC 4617,NGC 4617,190.274458,50.393417,14.10,G,NGC
NGC 4618,NGC 4618,190.386875,41.150778,10.78,G,NGC
NGC 4619,NGC 4619,190.435625,35.062778,13.50,G,NGC
NGC 4620,NGC 4620,190.497333,12.942778,13.38,G,NGC
NGC 4621,NGC 4621,190.509333,11.647028,9.56,G,NGC
NGC 4622,NGC 4622,190.656750,-40.744222,13.01,G,NGC
NGC 4622A,NGC 4622A,190.954625,-40.714611,14.68,G,NGC
NGC 4622B,NGC 4622B,190.960875,-40.717472,15.27,G,NGC
NGC 4623,NGC 4623,190.544542,7.676944,13.14,G,NGC
NGC 4624,NGC 4624,191.274958,3.055778,0.00,Dup,NGC
NGC 4625,NGC 4625,190.469667,41.273972,12.46,G,NGC
NGC 4626,NGC 4626,190.605458,-7.044278,13.71,G,NGC
NGC 4627,NGC 4627,190.498667,32.573556,12.48,G,NGC
NGC 4628,NGC 4628,190.605250,-6.971000,14.50,G,NGC
NGC 4629,NGC 4629,190.636125,-1.350667,13.90,G,NGC
NGC 4630,NGC 4630,190.629708,3.960250,13.04,G,NGC
NGC 4631,Whale Galaxy,190.533375,32.541500,9.24,G,NGC
NGC 4632,NGC 4632,190.633458,-0.082611,11.86,G,NGC
NGC 4633,NGC 4633,190.655750,14.357194,13.12,G,NGC
NGC 4634,NGC 4634,190.670667,14.295833,12.33,G,NGC
NGC 4635,NGC 4635,190.663500,19.945306,13.00,G,NGC
NGC 4636,NGC 4636,190.707625,2.687778,9.99,G,NGC
NGC 4637,NGC 4637,190.725417,11.438278,14.89,G,NGC
NGC 4638,NGC 4638,190.697583,11.442500,11.12,G,NGC
NGC 4639,NGC 4639,190.718292,13.257389,11.60,G,NGC
NGC 4640,NGC 4640,190.740708,12.286972,14.17,G,NGC
NGC 4641,NGC 4641,190.781917,12.051194,13.72,G,NGC
NGC 4642,NGC 4642,190.824083,-0.644250,13.81,G,NGC
NGC 4643,NGC 4643,190.833917,1.978278,10.65,G,NGC
NGC 4644,NGC 4644,190.677750,55.145500,13.84,G,NGC
NGC 4645,NGC 4645,191.041625,-41.749944,11.83,G,NGC
NGC 4645A,NGC 4645A,190.773208,-41.358917,12.39,G,NGC
NGC 4645B,NGC 4645B,190.879917,-41.362528,12.99,G,NGC
NGC 4646,NGC 4646,190.717167,54.856000,13.31,G,NGC
NGC 4647,NGC 4647,190.884625,11.581861,11.60,G,NGC
NGC 4648,NGC 4648,190.434958,74.420944,12.03,G,NGC
NGC 4649,NGC 4649,190.916583,11.552694,8.79,G,NGC
NGC 4650,NGC 4650,191.081625,-40.731806,11.80,G,NGC
NGC 4650A,NGC 4650A,191.204417,-40.714306,13.58,G,NGC
NGC 4651,Umbrella Galaxy,190.927625,16.393389,10.82,G,NGC
NGC 4652,NGC 4652,190.832292,58.964889,15.34,G,NGC
NGC 4653,NGC 4653,190.962125,-0.561222,12.36,G,NGC
NGC 4654,NGC 4654,190.985750,13.126667,10.49,G,NGC
NGC 4655,NGC 4655,190.902042,41.018528,14.77,G,NGC
NGC 4656,NGC 4656,190.990542,32.168139,0.00,GPair,NGC
NGC 4657,NGC 4657,191.029583,32.208750,14.50,G,NGC
NGC 4658,NGC 4658,191.157458,-10.083111,12.43,G,NGC
NGC 4659,NGC 4659,191.122458,13.498556,12.96,G,NGC
NGC 4660,NGC 4660,191.133250,11.190528,11.27,G,NGC
NGC 4661,NGC 4661,191.312292,-40.824250,14.65,G,NGC
NGC 4662,NGC 4662,191.109167,37.121222,12.78,G,NGC
NGC 4663,NGC 4663,191.196042,-10.197833,14.01,G,NGC
NGC 4664,NGC 4664,191.274958,3.055778,10.50,G,NGC
NGC 4665,NGC 4665,191.274958,3.055778,0.00,Dup,NGC
NGC 4666,NGC 4666,191.285792,-0.461889,10.75,G,NGC
NGC 4667,NGC 4667,190.697583,11.442500,0.00,Dup,NGC
NGC 4668,NGC 4668,191.383292,-0.535722,13.10,G,NGC
NGC 4669,NGC 4669,191.194750,54.875667,13.18,G,NGC
NGC 4670,NGC 4670,191.321125,27.125417,12.76,G,NGC
NGC 4671,NGC 4671,191.448458,-7.069694,13.52,G,NGC
NGC 4672,NGC 4672,191.565625,-41.705972,14.25,G,NGC
NGC 4673,NGC 4673,191.394458,27.060833,14.78,G,NGC
NGC 4674,NGC 4674,191.514458,-8.655444,13.96,G,NGC
NGC 4675,NGC 4675,191.382875,54.737611,14.84,G,NGC
NGC 4676,Mice Galaxy,191.544583,30.727222,0.00,GPair,NGC
NGC 4676A,NGC 4676A,191.542125,30.731917,14.53,G,NGC
NGC 4676B,NGC 4676B,191.546833,30.722750,14.33,G,NGC
NGC 4677,NGC 4677,191.738042,-41.582528,12.81,G,NGC
NGC 4678,NGC 4678,192.424375,-4.579722,14.26,G,NGC
NGC 4679,NGC 4679,191.876042,-39.570861,13.52,G,NGC
NGC 4680,NGC 4680,191.727958,-11.637056,13.23,G,NGC
NGC 4681,NGC 4681,191.870042,-43.334806,13.44,G,NGC
NGC 4682,NGC 4682,191.814542,-10.063444,13.12,G,NGC
NGC 4683,NGC 4683,191.926542,-41.528278,12.84,G,NGC
NGC 4684,NGC 4684,191.823000,-2.727417,11.55,G,NGC
NGC 4685,NGC 4685,191.797667,19.464361,13.63,G,NGC
NGC 4686,NGC 4686,191.666167,54.534278,12.59,G,NGC
NGC 4687,NGC 4687,191.849042,35.352056,13.01,G,NGC
NGC 4688,NGC 4688,191.943833,4.336056,12.92,G,NGC
NGC 4689,NGC 4689,191.939833,13.762806,10.93,G,NGC
NGC 4690,NGC 4690,191.981333,-1.656056,13.57,G,NGC
NGC 4691,NGC 4691,192.056792,-3.332722,10.99,G,NGC
NGC 4692,NGC 4692,191.980500,27.222361,12.65,G,NGC
NGC 4693,NGC 4693,191.788208,71.176139,13.95,G,NGC
NGC 4694,NGC 4694,192.062833,10.983611,12.52,G,NGC
NGC 4695,NGC 4695,191.883792,54.374833,13.38,G,NGC
NGC 4696,NGC 4696,192.205208,-41.310833,10.30,G,NGC
NGC 4696A,NGC 4696A,191.731750,-41.496750,14.56,G,NGC
NGC 4696B,NGC 4696B,191.840750,-41.237500,12.71,G,NGC
NGC 4696C,NGC 4696C,192.011083,-40.818556,14.65,G,NGC
NGC 4696D,NGC 4696D,192.090250,-41.714028,13.98,G,NGC
NGC 4696E,NGC 4696E,192.108833,-40.936500,14.55,G,NGC
NGC 4697,NGC 4697,192.149500,-5.800750,9.37,G,NGC
NGC 4698,NGC 4698,192.095458,8.487389,10.65,G,NGC
NGC 4699,NGC 4699,192.259292,-8.664861,9.53,G,NGC
NGC 4700,NGC 4700,192.283958,-11.409861,12.21,G,NGC
NGC 4701,NGC 4701,192.298292,3.388722,12.37,G,NGC
NGC 4702,NGC 4702,192.256208,27.179139,16.04,G,NGC
NGC 4703,NGC 4703,192.329042,-9.108417,13.58,G,NGC
NGC 4704,NGC 4704,192.193458,41.921250,13.69,G,NGC
NGC 4705,NGC 4705,192.354042,-5.195861,12.60,G,NGC
NGC 4706,NGC 4706,192.475625,-41.279556,12.88,G,NGC
NGC 4707,NGC 4707,192.095292,51.164694,12.97,G,NGC
NGC 4708,NGC 4708,192.422833,-11.093028,13.92,G,NGC
NGC 4709,NGC 4709,192.516167,-41.381972,11.10,G,NGC
NGC 4710,NGC 4710,192.411792,15.165444,10.71,G,NGC
NGC 4711,NGC 4711,192.191125,35.332694,14.27,G,NGC
NGC 4712,NGC 4712,192.392583,25.469944,13.01,G,NGC
NGC 4713,NGC 4713,192.491125,5.311417,11.73,G,NGC
NGC 4714,NGC 4714,192.580208,-13.324333,14.24,G,NGC
NGC 4715,NGC 4715,192.491167,27.822417,15.12,G,NGC
NGC 4716,NGC 4716,192.637958,-9.451111,13.66,G,NGC
NGC 4717,NGC 4717,192.643292,-9.463028,14.08,G,NGC
NGC 4718,NGC 4718,192.636000,-5.281917,14.30,G,NGC
NGC 4719,NGC 4719,192.536333,33.159139,14.04,G,NGC
NGC 4720,NGC 4720,192.678250,-4.155833,14.18,G,NGC
NGC 4721,NGC 4721,192.583000,27.324000,15.08,G,NGC
NGC 4722,NGC 4722,192.884958,-13.330028,13.68,G,NGC
NGC 4723,NGC 4723,192.762125,-13.236611,15.38,G,NGC
NGC 4724,NGC 4724,192.724333,-14.331861,13.70,G,NGC
NGC 4725,NGC 4725,192.610750,25.500806,9.38,G,NGC
NGC 4726,NGC 4726,192.691917,-14.268556,15.47,G,NGC
NGC 4727,NGC 4727,192.738500,-14.332944,12.22,G,NGC
NGC 4728,NGC 4728,192.617000,27.434917,15.32,G,NGC
NGC 4729,NGC 4729,192.942833,-41.132278,12.48,G,NGC
NGC 4730,NGC 4730,193.001958,-41.147306,14.03,G,NGC
NGC 4731,NGC 4731,192.754542,-6.393056,11.42,G,NGC
NGC 4732,NGC 4732,192.529583,52.850111,14.92,G,NGC
NGC 4733,NGC 4733,192.778250,10.912083,11.76,G,NGC
NGC 4734,NGC 4734,192.803708,4.859056,14.26,G,NGC
NGC 4735,NGC 4735,192.757208,28.927972,14.57,G,NGC
NGC 4736,NGC 4736,192.721083,41.120444,8.24,G,NGC
NGC 4737,NGC 4737,192.720583,34.156861,14.85,G,NGC
NGC 4738,NGC 4738,192.787083,28.788056,13.44,G,NGC
NGC 4739,NGC 4739,192.904500,-8.410222,14.18,G,NGC
NGC 4740,NGC 4740,192.738500,-14.332944,0.00,Dup,NGC
NGC 4741,NGC 4741,192.748000,47.671556,14.38,G,NGC
NGC 4742,NGC 4742,192.950167,-10.454722,11.20,G,NGC
NGC 4743,NGC 4743,193.066583,-41.390667,13.31,G,NGC
NGC 4744,NGC 4744,193.081667,-41.060028,12.59,G,NGC
NGC 4745,NGC 4745,192.859000,27.421278,15.16,G,NGC
NGC 4746,NGC 4746,192.980667,12.082972,13.33,G,NGC
NGC 4747,NGC 4747,192.941458,25.777083,12.38,G,NGC
NGC 4748,NGC 4748,193.051917,-13.414722,14.03,G,NGC
NGC 4749,NGC 4749,192.799875,71.636722,14.11,G,NGC
NGC 4750,NGC 4750,192.530292,72.874639,12.10,G,NGC
NGC 4751,NGC 4751,193.211625,-42.659917,13.00,G,NGC
NGC 4752,NGC 4752,192.871125,13.781806,15.27,G,NGC
NGC 4753,NGC 4753,193.092125,-1.199694,9.66,G,NGC
NGC 4754,NGC 4754,193.072917,11.313889,10.48,G,NGC
NGC 4755,Herschel's Jewel Box,193.404500,-60.356306,0.00,OCl,NGC
NGC 4756,NGC 4756,193.219292,-15.413278,12.22,G,NGC
NGC 4757,NGC 4757,193.208708,-10.310222,14.54,G,NGC
NGC 4758,NGC 4758,193.183542,15.848528,13.41,G,NGC
NGC 4759,NGC 4759,193.271667,-9.202222,0.00,GPair,NGC
NGC 4760,NGC 4760,193.280125,-10.494194,11.58,G,NGC
NGC 4761,NGC 4761,193.290875,-9.197806,14.85,G,NGC
NGC 4762,NGC 4762,193.233542,11.230806,10.17,G,NGC
NGC 4763,NGC 4763,193.363417,-17.005528,12.49,G,NGC
NGC 4764,NGC 4764,193.277625,-9.257639,15.99,G,NGC
NGC 4765,NGC 4765,193.310042,4.463111,12.98,G,NGC
NGC 4766,NGC 4766,193.284042,-10.378194,15.35,G,NGC
NGC 4767,NGC 4767,193.470625,-39.714306,11.51,G,NGC
NGC 4767A,NGC 4767A,193.256167,-39.835250,16.40,G,NGC
NGC 4767B,NGC 4767B,193.687625,-39.852278,13.93,G,NGC
NGC 4768,NGC 4768,193.321875,-9.531444,0.00,*,NGC
NGC 4769,NGC 4769,193.325333,-9.536000,0.00,**,NGC
NGC 4770,NGC 4770,193.383958,-9.541500,13.78,G,NGC
NGC 4771,NGC 4771,193.338417,1.269083,12.73,G,NGC
NGC 4772,NGC 4772,193.371500,2.168389,11.34,G,NGC
NGC 4773,NGC 4773,193.400042,-8.638750,13.67,G,NGC
NGC 4774,NGC 4774,193.275833,36.822778,0.00,GPair,NGC
NGC 4775,NGC 4775,193.440417,-6.622167,11.56,G,NGC
NGC 4776,NGC 4776,193.268583,-9.199917,14.03,G,NGC
NGC 4777,NGC 4777,193.493917,-8.775722,14.02,G,NGC
NGC 4778,NGC 4778,193.274208,-9.203833,13.49,G,NGC
NGC 4779,NGC 4779,193.461833,9.710056,13.07,G,NGC
NGC 4780,NGC 4780,193.521792,-8.621111,13.51,G,NGC
NGC 4780A,NGC 4780A,193.512667,-8.653806,15.96,G,NGC
NGC 4781,NGC 4781,193.598958,-10.537194,11.39,G,NGC
NGC 4782,NGC 4782,193.648833,-12.568639,12.75,G,NGC
NGC 4783,NGC 4783,193.652458,-12.557833,12.80,G,NGC
NGC 4784,NGC 4784,193.654250,-10.613056,14.35,G,NGC
NGC 4785,NGC 4785,193.363875,-48.749194,12.09,G,NGC
NGC 4786,NGC 4786,193.635083,-6.859417,11.71,G,NGC
NGC 4787,NGC 4787,193.523000,27.068639,15.36,G,NGC
NGC 4788,NGC 4788,193.566792,27.303694,15.20,G,NGC
NGC 4789,NGC 4789,193.579250,27.068028,12.06,G,NGC
NGC 4789A,NGC 4789A,193.521875,27.149639,13.92,G,NGC
NGC 4790,NGC 4790,193.716417,-10.247833,12.41,G,NGC
NGC 4791,NGC 4791,193.683125,8.053111,14.94,G,NGC
NGC 4792,NGC 4792,193.765333,-12.497167,15.00,G,NGC
NGC 4793,NGC 4793,193.669250,28.938667,11.64,G,NGC
NGC 4794,NGC 4794,193.793750,-12.608472,13.00,G,NGC
NGC 4795,NGC 4795,193.761917,8.065500,12.76,G,NGC
NGC 4796,NGC 4796,193.769542,8.066222,15.35,G,NGC
NGC 4797,NGC 4797,193.729875,27.412694,13.16,G,NGC
NGC 4798,NGC 4798,193.729875,27.412694,0.00,Dup,NGC
NGC 4799,NGC 4799,193.814708,2.896639,13.80,G,NGC
NGC 4800,NGC 4800,193.657500,46.531167,12.32,G,NGC
NGC 4801,NGC 4801,193.657375,53.090000,15.15,G,NGC
NGC 4802,NGC 4802,193.956833,-12.055306,11.34,G,NGC
NGC 4803,NGC 4803,193.890333,8.240417,14.95,G,NGC
NGC 4804,NGC 4804,193.956833,-12.055306,0.00,Dup,NGC
NGC 4805,NGC 4805,193.850958,27.981306,0.00,*,NGC
NGC 4806,NGC 4806,194.051667,-29.502944,13.45,G,NGC
NGC 4807,NGC 4807,193.871250,27.521417,13.49,G,NGC
NGC 4808,NGC 4808,193.953958,4.304111,11.79,G,NGC
NGC 4809,NGC 4809,193.712750,2.654083,13.78,G,NGC
NGC 4810,NGC 4810,193.713333,2.640278,14.71,G,NGC
NGC 4811,NGC 4811,194.218167,-41.797194,14.49,G,NGC
NGC 4812,NGC 4812,194.219583,-41.813333,14.23,G,NGC
NGC 4813,NGC 4813,194.150500,-6.817833,14.15,G,NGC
NGC 4814,NGC 4814,193.841417,58.344111,12.03,G,NGC
NGC 4815,NGC 4815,194.493208,-64.961750,8.60,OCl,NGC
NGC 4816,NGC 4816,194.050625,27.745472,12.68,G,NGC
NGC 4817,NGC 4817,194.124250,27.940000,15.77,G,NGC
NGC 4818,NGC 4818,194.203750,-8.525306,11.34,G,NGC
NGC 4819,NGC 4819,194.116083,26.987333,13.19,G,NGC
NGC 4820,NGC 4820,194.252333,-13.719333,14.86,G,NGC
NGC 4821,NGC 4821,194.121375,26.957000,15.02,G,NGC
NGC 4822,NGC 4822,194.265583,-10.761833,14.36,G,NGC
NGC 4823,NGC 4823,194.356833,-13.698694,15.97,G,NGC
NGC 4824,NGC 4824,194.151542,27.432639,0.00,*,NGC
NGC 4825,NGC 4825,194.301000,-13.664833,11.56,G,NGC
NGC 4826,Black Eye Galaxy,194.181833,21.682972,8.52,G,NGC
NGC 4827,NGC 4827,194.181375,27.178639,12.90,G,NGC
NGC 4828,NGC 4828,194.178583,28.020444,13.68,G,NGC
NGC 4829,NGC 4829,194.352000,-13.737500,16.16,G,NGC
NGC 4830,NGC 4830,194.366292,-19.691278,12.09,G,NGC
NGC 4831,NGC 4831,194.402875,-27.292139,13.47,G,NGC
NGC 4832,NGC 4832,194.448042,-39.761694,12.27,G,NGC
NGC 4833,NGC 4833,194.895583,-70.874583,7.79,GCl,NGC
NGC 4834,NGC 4834,194.105333,52.295861,15.09,G,NGC
NGC 4835,NGC 4835,194.532667,-46.264222,11.81,G,NGC
NGC 4835A,NGC 4835A,194.304708,-46.374694,14.09,G,NGC
NGC 4836,NGC 4836,194.392875,-12.744111,14.93,G,NGC
NGC 4837,NGC 4837,194.204583,48.298611,0.00,GPair,NGC
NGC 4838,NGC 4838,194.484000,-13.060083,14.00,G,NGC
NGC 4839,NGC 4839,194.351500,27.497806,12.11,G,NGC
NGC 4840,NGC 4840,194.386833,27.610333,13.68,G,NGC
NGC 4841,NGC 4841,194.387083,28.479444,0.00,GPair,NGC
NGC 4841A,NGC 4841A,194.383125,28.476944,13.76,G,NGC
NGC 4841B,NGC 4841B,194.391208,28.482250,13.69,G,NGC
NGC 4842,NGC 4842,194.399583,27.489167,0.00,GPair,NGC
NGC 4842A,NGC 4842A,194.399333,27.493250,15.22,G,NGC
NGC 4842B,NGC 4842B,194.400583,27.484806,16.11,G,NGC
NGC 4843,NGC 4843,194.503417,-3.621139,14.20,G,NGC
NGC 4844,NGC 4844,194.534417,-13.079917,14.14,*,NGC
NGC 4845,NGC 4845,194.504958,1.575833,10.97,G,NGC
NGC 4846,NGC 4846,194.448708,36.370722,14.54,G,NGC
NGC 4847,NGC 4847,194.620625,-13.140917,15.33,G,NGC
NGC 4848,NGC 4848,194.523500,28.242750,13.68,G,NGC
NGC 4849,NGC 4849,194.552833,26.396889,14.27,G,NGC
NGC 4850,NGC 4850,194.591000,27.967722,14.23,G,NGC
NGC 4851,NGC 4851,194.590458,28.148750,14.94,G,NGC
NGC 4852,NGC 4852,195.018292,-59.609444,8.90,OCl,NGC
NGC 4853,NGC 4853,194.646625,27.596333,13.66,G,NGC
NGC 4854,NGC 4854,194.697500,27.674750,13.95,G,NGC
NGC 4855,NGC 4855,194.826875,-13.231028,14.32,G,NGC
NGC 4856,NGC 4856,194.838625,-15.042167,10.62,G,NGC
NGC 4857,NGC 4857,194.326417,70.203444,14.64,G,NGC
NGC 4858,NGC 4858,194.758500,28.115750,15.22,G,NGC
NGC 4859,NGC 4859,194.757625,26.815667,13.59,G,NGC
NGC 4860,NGC 4860,194.766250,28.123694,13.43,G,NGC
NGC 4861,NGC 4861,194.759750,34.859444,12.32,G,NGC
NGC 4862,NGC 4862,194.878417,-14.132333,15.31,G,NGC
NGC 4863,NGC 4863,194.926917,-14.029639,14.90,G,NGC
NGC 4864,NGC 4864,194.804625,27.977000,13.50,G,NGC
NGC 4865,NGC 4865,194.832792,28.084306,13.44,G,NGC
NGC 4866,NGC 4866,194.863083,14.171056,11.08,G,NGC
NGC 4867,NGC 4867,194.813542,27.970722,14.41,G,NGC
NGC 4868,NGC 4868,194.787083,37.310333,12.95,G,NGC
NGC 4869,NGC 4869,194.847333,27.911583,13.36,G,NGC
NGC 4870,NGC 4870,194.824042,37.048361,15.54,G,NGC
NGC 4871,NGC 4871,194.874833,27.956444,14.22,G,NGC
NGC 4872,NGC 4872,194.891833,27.946944,13.59,G,NGC
NGC 4873,NGC 4873,194.886625,27.983611,14.16,G,NGC
NGC 4874,NGC 4874,194.898792,27.959278,11.83,G,NGC
NGC 4875,NGC 4875,194.907958,27.907333,14.65,G,NGC
NGC 4876,NGC 4876,194.935042,27.912472,14.38,G,NGC
NGC 4877,NGC 4877,195.109750,-15.283444,13.08,G,NGC
NGC 4878,NGC 4878,195.084042,-6.103833,13.96,G,NGC
NGC 4879,NGC 4879,195.106708,-6.111222,0.00,*,NGC
NGC 4880,NGC 4880,195.044042,12.483306,12.66,G,NGC
NGC 4881,NGC 4881,194.990000,28.247389,13.48,G,NGC
NGC 4882,NGC 4882,195.018500,27.987583,0.00,Dup,NGC
NGC 4883,NGC 4883,194.983375,28.034722,14.31,G,NGC
NGC 4884,NGC 4884,195.033875,27.977000,0.00,Dup,NGC
NGC 4885,NGC 4885,195.141125,-6.853083,14.92,G,NGC
NGC 4886,NGC 4886,195.018500,27.987583,13.84,G,NGC
NGC 4887,NGC 4887,195.163583,-14.666250,14.14,G,NGC
NGC 4888,NGC 4888,195.151083,-6.075194,14.32,G,NGC
NGC 4889,NGC 4889,195.033875,27.977000,11.45,G,NGC
NGC 4890,NGC 4890,195.163000,-4.604333,13.84,G,NGC
NGC 4891,NGC 4891,195.195792,-13.425944,0.00,*,NGC
NGC 4892,NGC 4892,195.014708,26.898111,14.53,G,NGC
NGC 4893,NGC 4893,194.998375,37.193389,15.47,G,NGC
NGC 4893A,NGC 4893A,194.999333,37.188139,15.95,G,NGC
NGC 4894,NGC 4894,195.068833,27.967528,15.18,G,NGC
NGC 4895,NGC 4895,195.074708,28.202306,13.20,G,NGC
NGC 4895A,NGC 4895A,195.038000,28.170389,14.94,G,NGC
NGC 4896,NGC 4896,195.128250,28.346222,13.90,G,NGC
NGC 4897,NGC 4897,195.220625,-13.449806,12.54,G,NGC
NGC 4898,NGC 4898,195.075000,27.957222,0.00,GPair,NGC
NGC 4898A,NGC 4898A,195.073625,27.955389,14.59,G,NGC
NGC 4898B,NGC 4898B,195.075375,27.956556,14.33,G,NGC
NGC 4899,NGC 4899,195.235958,-13.944222,12.33,G,NGC
NGC 4900,NGC 4900,195.162958,2.501444,11.36,G,NGC
NGC 4901,NGC 4901,194.985042,47.205556,15.22,G,NGC
NGC 4902,NGC 4902,195.248875,-14.513639,11.26,G,NGC
NGC 4903,NGC 4903,195.344875,-30.934972,12.50,G,NGC
NGC 4904,NGC 4904,195.244417,-0.027611,11.96,G,NGC
NGC 4905,NGC 4905,195.377833,-30.868278,14.29,G,NGC
NGC 4906,NGC 4906,195.165708,27.923889,14.10,G,NGC
NGC 4907,NGC 4907,195.203333,28.158333,13.66,G,NGC
NGC 4908,NGC 4908,195.226917,28.007639,13.23,G,NGC
NGC 4909,NGC 4909,195.507708,-42.771417,12.76,G,NGC
NGC 4910,NGC 4910,194.504958,1.575833,0.00,Dup,NGC
NGC 4911,NGC 4911,195.233667,27.790833,12.88,G,NGC
NGC 4912,NGC 4912,195.390000,29.130611,13.84,G,NGC
NGC 4913,NGC 4913,195.430708,29.044667,13.84,G,NGC
NGC 4914,NGC 4914,195.178958,37.315278,11.60,G,NGC
NGC 4915,NGC 4915,195.367583,-4.546528,12.00,G,NGC
NGC 4916,NGC 4916,195.517500,29.253444,13.95,G,NGC
NGC 4917,NGC 4917,195.231542,47.222111,14.87,G,NGC
NGC 4918,NGC 4918,195.460917,-4.500556,15.07,G,NGC
NGC 4919,NGC 4919,195.323292,27.809083,14.04,G,NGC
NGC 4920,NGC 4920,195.517292,-11.378417,14.15,G,NGC
NGC 4921,NGC 4921,195.358958,27.885944,12.62,G,NGC
NGC 4922,NGC 4922,195.353750,29.311111,0.00,GPair,NGC
NGC 4923,NGC 4923,195.382500,27.847528,13.74,G,NGC
NGC 4924,NGC 4924,195.553542,-14.969833,13.87,G,NGC
NGC 4925,NGC 4925,195.530792,-7.710778,14.34,G,NGC
NGC 4926,NGC 4926,195.473875,27.624444,12.99,G,NGC
NGC 4926A,NGC 4926A,195.532833,27.648306,15.39,G,NGC
NGC 4927,NGC 4927,195.490000,28.005889,14.75,G,NGC
NGC 4928,NGC 4928,195.752375,-8.084972,12.92,G,NGC
NGC 4929,NGC 4929,195.685000,28.045361,14.88,G,NGC
NGC 4930,NGC 4930,196.021958,-41.411583,11.43,G,NGC
NGC 4931,NGC 4931,195.753667,28.032472,13.43,G,NGC
NGC 4932,NGC 4932,195.657125,50.438417,14.55,G,NGC
NGC 4933,NGC 4933,195.991250,-11.497778,0.00,GTrpl,NGC
NGC 4933A,NGC 4933A,195.978042,-11.505056,13.96,G,NGC
NGC 4933B,NGC 4933B,195.986417,-11.498056,11.74,G,NGC
NGC 4933C,NGC 4933C,196.004542,-11.490556,15.89,G,NGC
NGC 4934,NGC 4934,195.817667,28.030417,14.33,G,NGC
NGC 4935,NGC 4935,195.838458,14.377500,13.97,G,NGC
NGC 4936,NGC 4936,196.070375,-30.526250,10.71,G,NGC
NGC 4937,NGC 4937,196.214875,-47.219361,0.00,*Ass,NGC
NGC 4938,NGC 4938,195.739958,51.318528,15.10,G,NGC
NGC 4939,NGC 4939,196.059958,-10.339611,11.91,G,NGC
NGC 4940,NGC 4940,196.251042,-47.236917,13.18,G,NGC
NGC 4941,NGC 4941,196.054750,-5.551611,11.27,G,NGC
NGC 4942,NGC 4942,196.079625,-7.649444,13.79,G,NGC
NGC 4943,NGC 4943,195.937250,28.084222,15.46,G,NGC
NGC 4944,NGC 4944,195.958125,28.185722,12.87,G,NGC
NGC 4945,NGC 4945,196.364500,-49.468222,11.86,G,NGC
NGC 4945A,NGC 4945A,196.640542,-49.690639,13.31,G,NGC
NGC 4946,NGC 4946,196.372417,-43.591139,12.35,G,NGC
NGC 4947,NGC 4947,196.334167,-35.337417,12.20,G,NGC
NGC 4947A,NGC 4947A,196.086792,-35.227778,15.01,G,NGC
NGC 4948,NGC 4948,196.233167,-7.947694,13.44,G,NGC
NGC 4948A,NGC 4948A,196.274125,-8.161333,13.50,G,NGC
NGC 4949,NGC 4949,196.074667,29.029528,14.97,G,NGC
NGC 4950,NGC 4950,196.402208,-43.500528,14.95,G,NGC
NGC 4951,NGC 4951,196.282083,-6.493833,11.84,G,NGC
NGC 4952,NGC 4952,196.243250,29.122250,13.01,G,NGC
NGC 4953,NGC 4953,196.543625,-37.585750,14.18,G,NGC
NGC 4954,NGC 4954,195.582792,75.404167,14.15,G,NGC
NGC 4955,NGC 4955,196.520083,-29.754278,12.15,G,NGC
NGC 4956,NGC 4956,196.253917,35.178028,12.38,G,NGC
NGC 4957,NGC 4957,196.301625,27.569750,12.99,G,NGC
NGC 4958,NGC 4958,196.453667,-8.020278,10.59,G,NGC
NGC 4959,NGC 4959,196.420958,33.178917,15.29,G,NGC
NGC 4960,NGC 4960,196.448208,27.734139,0.00,Dup,NGC
NGC 4961,NGC 4961,196.448208,27.734139,13.51,G,NGC
NGC 4962,NGC 4962,196.243250,29.122250,0.00,Dup,NGC
NGC 4963,NGC 4963,196.466458,41.721917,14.12,G,NGC
NGC 4964,NGC 4964,196.353583,56.322778,14.04,G,NGC
NGC 4965,NGC 4965,196.789083,-28.228194,12.41,G,NGC
NGC 4966,NGC 4966,196.572125,29.062861,13.32,G,NGC
NGC 4967,NGC 4967,196.401792,53.564278,14.95,G,NGC
NGC 4968,NGC 4968,196.774917,-23.677028,14.79,G,NGC
NGC 4969,NGC 4969,196.762500,13.636944,0.00,GPair,NGC
NGC 4970,NGC 4970,196.890583,-24.008556,13.33,G,NGC
NGC 4971,NGC 4971,196.729000,28.548028,14.98,G,NGC
NGC 4972,NGC 4972,195.582792,75.404167,0.00,Dup,NGC
NGC 4973,NGC 4973,196.383958,53.685139,14.63,G,NGC
NGC 4974,NGC 4974,196.482875,53.659278,13.30,G,NGC
NGC 4975,NGC 4975,196.959167,-5.017472,15.02,G,NGC
NGC 4976,NGC 4976,197.156375,-49.506417,10.08,G,NGC
NGC 4977,NGC 4977,196.518458,55.656083,14.49,G,NGC
NGC 4978,NGC 4978,196.960542,18.415500,14.30,G,NGC
NGC 4979,NGC 4979,196.928417,24.810583,15.07,G,NGC
NGC 4980,NGC 4980,197.292000,-28.641778,13.55,G,NGC
NGC 4981,NGC 4981,197.203083,-6.777528,11.41,G,NGC
NGC 4982,NGC 4982,197.192250,-10.588667,0.00,Other,NGC
NGC 4983,NGC 4983,197.113708,28.320500,13.95,G,NGC
NGC 4984,NGC 4984,197.238458,-15.516306,11.01,G,NGC
NGC 4985,NGC 4985,197.050417,41.676333,14.82,G,NGC
NGC 4986,NGC 4986,197.101917,35.206444,14.11,G,NGC
NGC 4987,NGC 4987,196.996083,51.929306,14.42,G,NGC
NGC 4988,NGC 4988,197.476583,-43.105722,13.87,G,NGC
NGC 4989,NGC 4989,197.316875,-5.396417,14.31,G,NGC
NGC 4990,Cocoon Galaxy,197.322042,-5.272806,13.82,G,NGC
NGC 4991,NGC 4991,197.312958,2.347667,15.40,G,NGC
NGC 4992,NGC 4992,197.273333,11.634167,14.46,G,NGC
NGC 4993,NGC 4993,197.448750,-23.383889,13.45,G,NGC
NGC 4994,NGC 4994,197.448750,-23.383889,0.00,Dup,NGC
NGC 4995,NGC 4995,197.419375,-7.833417,11.11,G,NGC
NGC 4996,NGC 4996,197.382875,0.857028,14.29,G,NGC
NGC 4997,NGC 4997,197.465417,-16.515472,14.00,G,NGC
NGC 4998,NGC 4998,197.042333,50.663750,14.92,G,NGC
NGC 4999,NGC 4999,197.388042,1.673056,13.06,G,NGC
NGC 5000,NGC 5000,197.447875,28.906944,13.28,G,NGC
NGC 5001,NGC 5001,197.387958,53.494278,14.56,G,NGC
NGC 5002,NGC 5002,197.658375,36.633917,14.65,G,NGC
NGC 5003,NGC 5003,197.157958,43.737528,15.03,G,NGC
NGC 5004,NGC 5004,197.756458,29.636694,13.15,G,NGC
NGC 5004A,NGC 5004A,197.757083,29.578278,14.44,G,NGC
NGC 5004B,NGC 5004B,197.698542,29.709889,14.67,G,NGC
NGC 5005,NGC 5005,197.734292,37.059194,10.71,G,NGC
NGC 5006,NGC 5006,197.940708,-19.261750,13.40,G,NGC
NGC 5007,NGC 5007,197.309958,62.175028,14.15,G,NGC
NGC 5008,NGC 5008,212.738500,25.497222,14.41,G,NGC
NGC 5009,NGC 5009,197.695958,50.092861,15.31,G,NGC
NGC 5010,NGC 5010,198.109792,-15.797861,14.40,G,NGC
NGC 5011,NGC 5011,198.216083,-43.096222,11.38,G,NGC
NGC 5011A,NGC 5011A,198.040500,-43.307861,14.36,G,NGC
NGC 5012,NGC 5012,197.904333,22.915500,12.40,G,NGC
NGC 5013,NGC 5013,198.030625,3.199056,14.95,G,NGC
NGC 5014,NGC 5014,197.880083,36.282139,12.83,G,NGC
NGC 5015,NGC 5015,198.095375,-4.336472,13.24,G,NGC
NGC 5016,NGC 5016,198.027833,24.095000,12.56,G,NGC
NGC 5017,NGC 5017,198.227083,-16.765833,12.57,G,NGC
NGC 5018,NGC 5018,198.254292,-19.518194,10.85,G,NGC
NGC 5019,NGC 5019,198.176625,4.729667,14.46,G,NGC
NGC 5020,NGC 5020,198.166125,12.599750,13.00,G,NGC
NGC 5021,NGC 5021,198.026125,46.196139,14.19,G,NGC
NGC 5022,NGC 5022,198.378292,-19.546639,13.81,G,NGC
NGC 5023,NGC 5023,198.052500,44.041222,12.29,G,NGC
NGC 5024,NGC 5024,198.230125,18.169111,7.79,GCl,NGC
NGC 5025,NGC 5025,198.186458,31.809389,14.50,G,NGC
NGC 5026,NGC 5026,198.556833,-42.961278,11.81,G,NGC
NGC 5027,NGC 5027,198.337458,6.061278,14.96,G,NGC
NGC 5028,NGC 5028,198.441083,-13.042472,14.18,G,NGC
NGC 5029,NGC 5029,198.156625,47.063278,14.20,G,NGC
NGC 5030,NGC 5030,198.475625,-16.490944,14.03,G,NGC
NGC 5031,NGC 5031,198.513417,-16.123111,14.21,G,NGC
NGC 5032,NGC 5032,198.362292,27.802389,12.82,G,NGC
NGC 5033,NGC 5033,198.364458,36.593944,10.68,G,NGC
NGC 5034,NGC 5034,198.079208,70.649361,14.06,G,NGC
NGC 5035,NGC 5035,198.705125,-16.492694,12.84,G,NGC
NGC 5036,NGC 5036,198.678500,-4.178583,15.26,G,NGC
NGC 5037,NGC 5037,198.747375,-16.590306,12.14,G,NGC
NGC 5038,NGC 5038,198.758875,-15.951806,14.20,G,NGC
NGC 5039,NGC 5039,198.716333,-4.158167,17.46,G,NGC
NGC 5040,NGC 5040,198.386000,51.258361,14.75,G,NGC
NGC 5041,NGC 5041,198.635250,30.705778,13.38,G,NGC
NGC 5042,NGC 5042,198.879250,-23.984056,11.78,G,NGC
NGC 5043,NGC 5043,199.061083,-60.045500,0.00,OCl,NGC
NGC 5044,NGC 5044,198.849875,-16.385528,10.78,G,NGC
NGC 5045,NGC 5045,199.195833,-63.416667,0.00,*Ass,NGC
NGC 5046,NGC 5046,198.938000,-16.326833,14.08,G,NGC
NGC 5047,NGC 5047,198.952167,-16.518889,13.60,G,NGC
NGC 5048,NGC 5048,199.034917,-28.410528,13.96,G,NGC
NGC 5049,NGC 5049,198.997083,-16.397167,13.05,G,NGC
NGC 5050,NGC 5050,198.923875,2.878972,14.31,G,NGC
NGC 5051,NGC 5051,199.083750,-28.285694,14.00,G,NGC
NGC 5052,NGC 5052,198.895375,29.676083,13.57,G,NGC
NGC 5053,NGC 5053,199.112458,17.697750,9.96,GCl,NGC
NGC 5054,NGC 5054,199.243708,-16.634861,10.79,G,NGC
NGC 5055,Sunflower Galaxy,198.955542,42.029278,8.61,G,NGC
NGC 5056,NGC 5056,199.051333,30.950333,13.13,G,NGC
NGC 5057,NGC 5057,199.115708,31.031500,14.44,G,NGC
NGC 5058,NGC 5058,199.217958,12.548222,14.25,G,NGC
NGC 5059,NGC 5059,199.243583,7.844500,15.44,G,NGC
NGC 5060,NGC 5060,199.317583,6.037444,14.09,G,NGC
NGC 5061,NGC 5061,199.521125,-26.837222,10.31,G,NGC
NGC 5062,NGC 5062,199.598417,-35.458667,12.24,G,NGC
NGC 5063,NGC 5063,199.607125,-35.352472,13.26,G,NGC
NGC 5064,NGC 5064,199.749708,-47.908667,12.04,G,NGC
NGC 5065,NGC 5065,199.377542,31.092694,14.24,G,NGC
NGC 5066,NGC 5066,199.618542,-10.233889,14.16,G,NGC
NGC 5067,NGC 5067,199.615667,-10.145278,0.00,**,NGC
NGC 5068,NGC 5068,199.728375,-21.039111,10.06,G,NGC
NGC 5069,NGC 5069,199.618542,-10.233889,0.00,Dup,NGC
NGC 5070,NGC 5070,199.802333,-12.539889,14.46,G,NGC
NGC 5071,NGC 5071,199.654958,7.935528,15.49,G,NGC
NGC 5072,NGC 5072,199.802333,-12.539889,0.00,Dup,NGC
NGC 5073,NGC 5073,199.836042,-14.844528,13.50,G,NGC
NGC 5074,NGC 5074,199.607375,31.469083,14.03,G,NGC
NGC 5075,NGC 5075,199.776042,7.831028,15.08,G,NGC
NGC 5076,NGC 5076,199.876667,-12.740861,13.84,G,NGC
NGC 5077,NGC 5077,199.881958,-12.656972,11.65,G,NGC
NGC 5078,NGC 5078,199.958250,-27.410389,10.64,G,NGC
NGC 5079,NGC 5079,199.908542,-12.699028,12.55,G,NGC
NGC 5080,NGC 5080,199.830083,8.429139,14.32,G,NGC
NGC 5081,NGC 5081,199.784333,28.506917,13.13,G,NGC
NGC 5082,NGC 5082,200.166792,-43.699944,13.79,G,NGC
NGC 5083,NGC 5083,199.762917,39.589333,15.14,G,NGC
NGC 5084,NGC 5084,200.070500,-21.827583,10.49,G,NGC
NGC 5085,NGC 5085,200.073958,-24.440139,12.60,G,NGC
NGC 5086,NGC 5086,200.247542,-43.733528,0.00,**,NGC
NGC 5087,NGC 5087,200.104000,-20.611000,11.13,G,NGC
NGC 5088,NGC 5088,200.084375,-12.571778,13.15,G,NGC
NGC 5089,NGC 5089,199.914000,30.256556,14.33,G,NGC
NGC 5090,NGC 5090,200.303417,-43.704556,11.28,G,NGC
NGC 5090A,NGC 5090A,199.837958,-43.649389,14.43,G,NGC
NGC 5090B,NGC 5090B,200.073000,-43.864667,14.15,G,NGC
NGC 5091,NGC 5091,200.323833,-43.719667,13.35,G,NGC
NGC 5092,NGC 5092,199.964708,22.999889,14.39,G,NGC
NGC 5093,NGC 5093,199.907542,40.386111,14.54,G,NGC
NGC 5094,NGC 5094,200.195208,-14.080667,14.41,G,NGC
NGC 5095,NGC 5095,200.153625,-2.289333,14.53,G,NGC
NGC 5096,NGC 5096,200.036250,33.089444,0.00,GTrpl,NGC
NGC 5097,NGC 5097,200.248708,-12.471250,14.86,G,NGC
NGC 5098,NGC 5098,200.067500,33.144167,0.00,GPair,NGC
NGC 5099,NGC 5099,200.331542,-13.042361,15.34,G,NGC
NGC 5100,NGC 5100,200.244167,8.981944,0.00,GPair,NGC
NGC 5101,NGC 5101,200.442667,-27.430528,10.46,G,NGC
NGC 5102,NGC 5102,200.490042,-36.630250,9.88,G,NGC
NGC 5103,NGC 5103,200.125333,43.083972,13.43,G,NGC
NGC 5104,NGC 5104,200.346208,0.342389,14.28,G,NGC
NGC 5105,NGC 5105,200.454542,-13.206778,11.81,G,NGC
NGC 5106,NGC 5106,200.248292,8.978306,14.89,G,NGC
NGC 5107,NGC 5107,200.352833,38.537611,13.75,G,NGC
NGC 5108,NGC 5108,200.828500,-32.342111,15.02,G,NGC
NGC 5109,NGC 5109,200.218125,57.644750,13.51,G,NGC
NGC 5110,NGC 5110,200.735500,-12.964806,13.61,G,NGC
NGC 5111,NGC 5111,200.735500,-12.964806,0.00,Dup,NGC
NGC 5112,NGC 5112,200.485000,38.734694,12.17,G,NGC
NGC 5113,NGC 5113,200.218125,57.644750,0.00,Dup,NGC
NGC 5114,NGC 5114,201.007208,-32.343944,13.65,G,NGC
NGC 5115,NGC 5115,200.751583,13.950667,14.73,G,NGC
NGC 5116,NGC 5116,200.731708,26.980722,13.41,G,NGC
NGC 5117,NGC 5117,200.735333,28.316444,14.40,G,NGC
NGC 5118,NGC 5118,200.864375,6.392556,14.38,G,NGC
NGC 5119,NGC 5119,201.001333,-12.276444,14.29,G,NGC
NGC 5120,NGC 5120,201.414208,-63.458333,10.80,OCl,NGC
NGC 5121,NGC 5121,201.190042,-37.682194,11.62,G,NGC
NGC 5121A,NGC 5121A,201.386667,-37.378806,15.70,G,NGC
NGC 5122,NGC 5122,201.062250,-10.654278,13.94,G,NGC
NGC 5123,NGC 5123,200.793833,43.086250,13.51,G,NGC
NGC 5124,NGC 5124,201.210125,-30.307528,12.08,G,NGC
NGC 5125,NGC 5125,201.002958,9.710194,13.53,G,NGC
NGC 5126,NGC 5126,201.223333,-30.333611,14.20,G,NGC
NGC 5127,NGC 5127,200.937583,31.565750,13.62,G,NGC
NGC 5128,Centaurus A,201.365083,-43.019111,7.22,G,NGC
NGC 5129,NGC 5129,201.041708,13.976528,12.11,G,NGC
NGC 5130,NGC 5130,201.113167,-10.210222,14.25,G,NGC
NGC 5131,NGC 5131,200.987250,30.988056,14.22,G,NGC
NGC 5132,NGC 5132,201.120417,14.092583,14.23,G,NGC
NGC 5133,NGC 5133,201.220458,-4.082000,14.54,G,NGC
NGC 5134,NGC 5134,201.327292,-21.134167,11.77,G,NGC
NGC 5135,NGC 5135,201.433583,-29.833667,12.59,G,NGC
NGC 5136,NGC 5136,201.214208,13.737861,14.46,G,NGC
NGC 5137,NGC 5137,201.218750,14.077194,15.55,G,NGC
NGC 5138,NGC 5138,201.813375,-59.040944,5.33,OCl,NGC
NGC 5139,Omega Centauri,201.691208,-47.476861,5.33,GCl,NGC
NGC 5140,NGC 5140,201.590542,-33.868472,12.97,G,NGC
NGC 5141,NGC 5141,201.214333,36.378528,12.80,G,NGC
NGC 5142,NGC 5142,201.254625,36.399500,13.25,G,NGC
NGC 5143,NGC 5143,201.255333,36.437167,15.91,G,NGC
NGC 5144,NGC 5144,200.723750,70.512222,0.00,GPair,NGC
NGC 5145,NGC 5145,201.308000,43.267278,13.48,G,NGC
NGC 5146,NGC 5146,201.656208,-12.323972,14.09,G,NGC
NGC 5147,NGC 5147,201.582208,2.100861,12.13,G,NGC
NGC 5148,NGC 5148,201.661583,2.313722,15.37,G,NGC
NGC 5149,NGC 5149,201.538125,35.934417,13.73,G,NGC
NGC 5150,NGC 5150,201.902250,-29.562250,12.60,G,NGC
NGC 5151,NGC 5151,201.670167,16.873806,14.62,G,NGC
NGC 5152,NGC 5152,201.963000,-29.618611,13.57,G,NGC
NGC 5153,NGC 5153,201.976375,-29.618028,11.92,G,NGC
NGC 5154,NGC 5154,201.618917,36.010278,14.73,G,NGC
NGC 5155,NGC 5155,202.146208,-63.508694,0.00,*Ass,NGC
NGC 5156,NGC 5156,202.183708,-48.916806,11.86,G,NGC
NGC 5157,NGC 5157,201.820208,32.030722,14.13,G,NGC
NGC 5158,NGC 5158,201.945708,17.778833,13.78,G,NGC
NGC 5159,NGC 5159,202.067375,2.982667,15.09,G,NGC
NGC 5160,NGC 5160,202.090000,5.995889,0.00,**,NGC
NGC 5161,NGC 5161,202.307958,-33.173833,11.52,G,NGC
NGC 5162,NGC 5162,202.358042,11.007889,13.63,G,NGC
NGC 5163,NGC 5163,201.726083,52.753528,14.79,G,NGC
NGC 5164,NGC 5164,201.799583,55.487167,14.50,G,NGC
NGC 5165,NGC 5165,202.163250,11.387056,14.55,G,NGC
NGC 5166,NGC 5166,202.062667,32.032389,14.31,G,NGC
NGC 5167,NGC 5167,202.167625,12.711194,14.63,G,NGC
NGC 5168,NGC 5168,202.771875,-60.939222,9.10,OCl,NGC
NGC 5169,NGC 5169,202.041875,46.672139,14.56,G,NGC
NGC 5170,NGC 5170,202.453292,-17.966417,11.23,G,NGC
NGC 5171,NGC 5171,202.339833,11.735111,12.80,G,NGC
NGC 5172,NGC 5172,202.330458,17.051917,11.96,G,NGC
NGC 5173,NGC 5173,202.105292,46.591639,13.38,G,NGC
NGC 5174,NGC 5174,202.358042,11.007889,0.00,Dup,NGC
NGC 5175,NGC 5175,202.359458,10.995139,0.00,*,NGC
NGC 5176,NGC 5176,202.354000,11.781472,15.43,G,NGC
NGC 5177,NGC 5177,202.351083,11.797028,15.33,G,NGC
NGC 5178,NGC 5178,202.372125,11.624778,14.82,G,NGC
NGC 5179,NGC 5179,202.378667,11.745833,14.74,G,NGC
NGC 5180,NGC 5180,202.362333,16.825833,13.00,G,NGC
NGC 5181,NGC 5181,202.425000,13.304111,14.54,G,NGC
NGC 5182,NGC 5182,202.671292,-28.150306,12.56,G,NGC
NGC 5183,NGC 5183,202.525625,-1.720583,13.66,G,NGC
NGC 5184,NGC 5184,202.547875,-1.663139,13.51,G,NGC
NGC 5185,NGC 5185,202.509375,13.416056,14.47,G,NGC
NGC 5186,NGC 5186,202.516250,12.175194,15.65,G,NGC
NGC 5187,NGC 5187,202.450792,31.130139,14.55,G,NGC
NGC 5188,NGC 5188,202.867833,-34.794417,12.04,G,NGC
NGC 5189,NGC 5189,203.387125,-65.974056,10.30,PN,NGC
NGC 5190,NGC 5190,202.660625,18.134611,13.14,G,NGC
NGC 5191,NGC 5191,202.697333,11.200750,14.76,G,NGC
NGC 5192,NGC 5192,202.715333,-1.778694,15.27,G,NGC
NGC 5193,NGC 5193,202.973042,-33.234222,11.73,G,NGC
NGC 5193A,NGC 5193A,202.954500,-33.239472,14.14,G,NGC
NGC 5194,Whirlpool Galaxy,202.469625,47.195167,8.36,G,NGC
NGC 5195,NGC 5195,202.498292,47.266139,9.58,G,NGC
NGC 5196,NGC 5196,202.831917,-1.615056,15.19,G,NGC
NGC 5197,NGC 5197,202.854708,-1.693056,15.81,G,NGC
NGC 5198,NGC 5198,202.547500,46.670778,11.78,G,NGC
NGC 5199,NGC 5199,202.678167,34.830667,14.80,G,NGC
NGC 5200,NGC 5200,202.926917,-0.030167,0.00,**,NGC
NGC 5201,NGC 5201,202.317542,53.081972,14.19,G,NGC
NGC 5202,NGC 5202,203.002125,-1.698778,15.52,G,NGC
NGC 5203,NGC 5203,203.055833,-8.786222,14.24,G,NGC
NGC 5204,NGC 5204,202.402125,58.418722,11.32,G,NGC
NGC 5205,NGC 5205,202.514917,62.511583,12.77,G,NGC
NGC 5206,NGC 5206,203.433250,-48.151167,10.49,G,NGC
NGC 5207,NGC 5207,203.058292,13.892389,14.37,G,NGC
NGC 5208,NGC 5208,203.116375,7.316444,14.21,G,NGC
NGC 5209,NGC 5209,203.177250,7.327250,14.65,G,NGC
NGC 5210,NGC 5210,203.205208,7.170083,14.15,G,NGC
NGC 5211,NGC 5211,203.272250,-1.035806,13.10,G,NGC
NGC 5212,NGC 5212,203.233542,7.287750,15.95,G,NGC
NGC 5213,NGC 5213,203.664167,4.133333,14.90,GPair,NGC
NGC 5214,NGC 5214,203.202917,41.871833,13.67,G,NGC
NGC 5215,NGC 5215,203.784167,-33.483889,0.00,GPair,NGC
NGC 5215A,NGC 5215A,203.777750,-33.481000,14.14,G,NGC
NGC 5215B,NGC 5215B,203.791083,-33.482972,13.95,G,NGC
NGC 5216,NGC 5216,203.028708,62.700694,16.14,G,NGC
NGC 5217,NGC 5217,203.524708,17.856861,13.87,G,NGC
NGC 5218,NGC 5218,203.043250,62.767750,12.32,G,NGC
NGC 5219,NGC 5219,204.673750,-45.855972,0.00,Dup,NGC
NGC 5220,NGC 5220,203.986125,-33.453806,13.54,G,NGC
NGC 5221,NGC 5221,203.732917,13.832500,14.44,G,NGC
NGC 5222,NGC 5222,203.736250,13.743333,0.00,GPair,NGC
NGC 5223,NGC 5223,203.605083,34.690444,14.29,G,NGC
NGC 5224,NGC 5224,203.786917,6.481111,15.01,G,NGC
NGC 5225,NGC 5225,203.334000,51.490333,14.37,G,NGC
NGC 5226,NGC 5226,203.765083,13.922167,16.40,G,NGC
NGC 5227,NGC 5227,203.852333,1.410583,13.21,G,NGC
NGC 5228,NGC 5228,203.646083,34.777806,14.30,G,NGC
NGC 5229,NGC 5229,203.511792,47.915444,13.85,G,NGC
NGC 5230,NGC 5230,203.882833,13.676167,13.19,G,NGC
NGC 5231,NGC 5231,203.951042,2.998917,16.15,G,NGC
NGC 5232,NGC 5232,204.034417,-8.497722,13.44,G,NGC
NGC 5233,NGC 5233,203.805583,34.677444,14.53,G,NGC
NGC 5234,NGC 5234,204.374750,-49.836917,13.98,G,NGC
NGC 5235,NGC 5235,204.005875,6.585361,15.06,G,NGC
NGC 5236,Southern Pinwheel Galaxy,204.253958,-29.865417,7.21,G,NGC
NGC 5237,NGC 5237,204.412708,-42.846972,12.49,G,NGC
NGC 5238,NGC 5238,203.677125,51.613667,13.40,G,NGC
NGC 5239,NGC 5239,204.109167,7.369583,14.47,G,NGC
NGC 5240,NGC 5240,203.980000,35.588250,13.88,G,NGC
NGC 5241,NGC 5241,204.166125,-8.401889,13.81,G,NGC
NGC 5242,NGC 5242,204.280792,2.770583,0.00,Other,NGC
NGC 5243,NGC 5243,204.062292,38.343917,14.05,G,NGC
NGC 5244,NGC 5244,204.673750,-45.855972,13.30,G,NGC
NGC 5245,NGC 5245,204.346792,3.897417,15.17,G,NGC
NGC 5246,NGC 5246,204.372375,4.104444,14.67,G,NGC
NGC 5247,NGC 5247,204.512667,-17.884028,10.41,G,NGC
NGC 5248,NGC 5248,204.383417,8.885167,9.97,G,NGC
NGC 5249,NGC 5249,204.406250,15.972222,13.97,G,NGC
NGC 5250,NGC 5250,204.030542,51.235806,13.88,G,NGC
NGC 5251,NGC 5251,204.353458,27.419222,14.63,G,NGC
NGC 5252,NGC 5252,204.566500,4.542583,14.21,G,NGC
NGC 5253,NGC 5253,204.983167,-31.640111,10.28,G,NGC
NGC 5254,NGC 5254,204.907958,-11.493861,12.16,G,NGC
NGC 5255,NGC 5255,204.325500,57.108944,15.09,G,NGC
NGC 5256,NGC 5256,204.572917,48.276944,13.42,GPair,NGC
NGC 5257,NGC 5257,204.970458,0.840000,13.04,G,NGC
NGC 5258,NGC 5258,204.990375,0.830944,13.04,G,NGC
NGC 5259,NGC 5259,204.849583,30.991389,0.00,GPair,NGC
NGC 5260,NGC 5260,205.082917,-23.858083,13.57,G,NGC
NGC 5261,NGC 5261,205.067042,5.076306,15.16,G,NGC
NGC 5262,NGC 5262,203.910750,75.039417,13.65,G,NGC
NGC 5263,NGC 5263,204.981833,28.400583,14.11,G,NGC
NGC 5264,NGC 5264,205.402833,-29.913083,11.98,G,NGC
NGC 5265,NGC 5265,205.037958,36.861083,14.69,G,NGC
NGC 5266,NGC 5266,205.758792,-48.169417,10.77,G,NGC
NGC 5266A,NGC 5266A,205.154583,-48.341972,13.82,G,NGC
NGC 5267,NGC 5267,205.166500,38.794083,14.13,G,NGC
NGC 5268,NGC 5268,205.552458,-13.859556,11.33,*,NGC
NGC 5269,NGC 5269,206.184167,-62.912500,0.00,OCl,NGC
NGC 5270,NGC 5270,205.545333,4.262583,14.70,G,NGC
NGC 5271,NGC 5271,205.426708,30.125444,15.11,G,NGC
NGC 5272,NGC 5272,205.546792,28.375444,6.39,GCl,NGC
NGC 5273,NGC 5273,205.534750,35.654222,12.16,G,NGC
NGC 5274,NGC 5274,205.597125,29.847833,15.37,G,NGC
NGC 5275,NGC 5275,205.598167,29.824889,14.20,G,NGC
NGC 5276,NGC 5276,205.591667,35.624139,14.72,G,NGC
NGC 5277,NGC 5277,205.659917,29.954417,15.48,G,NGC
NGC 5278,NGC 5278,205.415083,55.670639,13.58,G,NGC
NGC 5279,NGC 5279,205.432292,55.673806,13.60,G,NGC
NGC 5280,NGC 5280,205.731417,29.868611,13.63,G,NGC
NGC 5281,NGC 5281,206.646458,-62.916528,5.90,OCl,NGC
NGC 5282,NGC 5282,205.853667,30.069528,14.95,G,NGC
NGC 5283,NGC 5283,205.274000,67.672306,14.05,G,NGC
NGC 5284,NGC 5284,206.847083,-59.149389,0.00,*Ass,NGC
NGC 5285,NGC 5285,206.107458,2.109917,15.47,G,NGC
NGC 5286,NGC 5286,206.610750,-51.373472,8.31,GCl,NGC
NGC 5287,NGC 5287,206.218917,29.770917,15.42,G,NGC
NGC 5288,NGC 5288,207.187250,-64.685389,11.80,OCl,NGC
NGC 5289,NGC 5289,206.286292,41.503389,12.97,G,NGC
NGC 5290,NGC 5290,206.329917,41.712583,16.50,G,NGC
NGC 5291,NGC 5291,206.852000,-30.407000,14.00,G,NGC
NGC 5292,NGC 5292,206.916958,-30.939528,11.92,G,NGC
NGC 5293,NGC 5293,206.719500,16.272861,13.10,G,NGC
NGC 5294,NGC 5294,206.325542,55.290833,15.12,G,NGC
NGC 5295,NGC 5295,204.664125,79.458889,14.59,G,NGC
NGC 5296,NGC 5296,206.577750,43.851361,13.81,G,NGC
NGC 5297,NGC 5297,206.598625,43.872333,11.76,G,NGC
NGC 5298,NGC 5298,207.152042,-30.428528,13.09,G,NGC
NGC 5299,NGC 5299,207.609417,-59.947722,0.00,OCl,NGC
NGC 5300,NGC 5300,207.066833,3.950861,13.17,G,NGC
NGC 5301,NGC 5301,206.602792,46.107056,12.63,G,NGC
NGC 5302,NGC 5302,207.207000,-30.511111,12.43,G,NGC
NGC 5303,NGC 5303,206.937458,38.304639,12.86,G,NGC
NGC 5304,NGC 5304,207.506167,-30.578472,13.56,G,NGC
NGC 5305,NGC 5305,206.982250,37.826333,14.45,G,NGC
NGC 5306,NGC 5306,207.297500,-7.224389,13.10,G,NGC
NGC 5307,NGC 5307,207.763750,-51.205778,11.20,PN,NGC
NGC 5308,NGC 5308,206.751792,60.973167,11.32,G,NGC
NGC 5309,NGC 5309,207.544833,-15.618417,15.71,G,NGC
NGC 5310,NGC 5310,207.448917,0.069194,14.07,*,NGC
NGC 5311,NGC 5311,207.233667,39.985111,13.30,G,NGC
NGC 5312,NGC 5312,207.460708,33.621750,14.62,G,NGC
NGC 5313,NGC 5313,207.434750,39.984778,12.09,G,NGC
NGC 5314,NGC 5314,206.547500,70.339556,14.52,G,NGC
NGC 5315,NGC 5315,208.487042,-66.514167,9.80,PN,NGC
NGC 5316,NGC 5316,208.488417,-61.869111,6.00,OCl,NGC
NGC 5317,NGC 5317,209.050000,5.014472,0.00,Dup,NGC
NGC 5318,NGC 5318,207.650042,33.704889,13.50,G,NGC
NGC 5319,NGC 5319,207.669417,33.761556,16.64,G,NGC
NGC 5320,NGC 5320,207.584917,41.366222,12.40,G,NGC
NGC 5321,NGC 5321,207.682042,33.632611,15.02,G,NGC
NGC 5322,NGC 5322,207.313625,60.190528,10.14,G,NGC
NGC 5323,NGC 5323,206.402167,76.828333,14.24,G,NGC
NGC 5324,NGC 5324,208.024542,-6.058306,12.18,G,NGC
NGC 5325,NGC 5325,207.725875,38.274778,14.92,G,NGC
NGC 5326,NGC 5326,207.711250,39.574861,11.87,G,NGC
NGC 5327,NGC 5327,208.017375,-2.206611,13.82,G,NGC
NGC 5328,NGC 5328,208.222125,-28.489389,11.71,G,NGC
NGC 5329,NGC 5329,208.042042,2.325111,12.46,G,NGC
NGC 5330,NGC 5330,208.246625,-28.470667,13.57,G,NGC
NGC 5331,NGC 5331,208.067917,2.103028,0.00,GPair,NGC
NGC 5332,NGC 5332,208.033000,16.969750,12.95,G,NGC
NGC 5333,NGC 5333,208.600917,-48.512528,11.89,G,NGC
NGC 5334,NGC 5334,208.226917,-1.114639,11.73,G,NGC
NGC 5335,NGC 5335,208.235667,2.814278,14.24,G,NGC
NGC 5336,NGC 5336,208.040833,43.242917,13.64,G,NGC
NGC 5337,NGC 5337,208.095958,39.687250,13.37,G,NGC
NGC 5338,NGC 5338,208.360625,5.207778,14.11,G,NGC
NGC 5339,NGC 5339,208.501125,-7.930667,12.24,G,NGC
NGC 5340,NGC 5340,207.249625,72.653833,15.00,G,NGC
NGC 5341,NGC 5341,208.133167,37.817417,14.11,G,NGC
NGC 5342,NGC 5342,207.857708,59.863944,14.28,G,NGC
NGC 5343,NGC 5343,208.548792,-7.588139,14.22,G,NGC
NGC 5344,NGC 5344,207.491792,73.952889,15.40,GPair,NGC
NGC 5345,NGC 5345,208.559375,-1.436472,13.79,G,NGC
NGC 5346,NGC 5346,208.257875,39.580778,14.71,G,NGC
NGC 5347,NGC 5347,208.324292,33.490833,12.68,G,NGC
NGC 5348,NGC 5348,208.546958,5.227444,14.34,G,NGC
NGC 5349,NGC 5349,208.304708,37.883139,14.96,G,NGC
NGC 5350,NGC 5350,208.340125,40.363944,11.47,G,NGC
NGC 5351,NGC 5351,208.365458,37.914972,12.15,G,NGC
NGC 5352,NGC 5352,208.410125,36.134056,14.08,G,NGC
NGC 5353,NGC 5353,208.361208,40.283028,11.02,G,NGC
NGC 5354,NGC 5354,208.361250,40.302750,11.38,G,NGC
NGC 5355,NGC 5355,208.439833,40.338667,13.18,G,NGC
NGC 5356,NGC 5356,208.743583,5.333722,13.79,G,NGC
NGC 5357,NGC 5357,208.998125,-30.341444,12.01,G,NGC
NGC 5358,NGC 5358,208.501708,40.277306,14.58,G,NGC
NGC 5359,NGC 5359,210.039875,-70.392306,0.00,OCl,NGC
NGC 5360,NGC 5360,208.911458,4.985056,14.93,G,NGC
NGC 5361,NGC 5361,208.646792,38.449417,14.77,G,NGC
NGC 5362,NGC 5362,208.722083,41.313528,12.76,G,NGC
NGC 5363,NGC 5363,209.030042,5.254778,10.21,G,NGC
NGC 5364,NGC 5364,209.050000,5.014472,10.52,G,NGC
NGC 5365,NGC 5365,209.461000,-43.931306,11.32,G,NGC
NGC 5365A,NGC 5365A,209.164708,-44.009250,13.52,G,NGC
NGC 5365B,NGC 5365B,209.664875,-43.963722,14.15,G,NGC
NGC 5366,NGC 5366,209.103583,-0.247556,14.46,G,NGC
NGC 5367,NGC 5367,209.432792,-39.978417,0.00,RfN,NGC
NGC 5368,NGC 5368,208.621500,54.330667,13.86,G,NGC
NGC 5369,NGC 5369,209.156750,-5.469889,14.38,G,NGC
NGC 5370,NGC 5370,208.539042,60.678056,14.11,G,NGC
NGC 5371,NGC 5371,208.916417,40.461750,11.69,G,NGC
NGC 5372,NGC 5372,208.691625,58.666861,13.37,G,NGC
NGC 5373,NGC 5373,209.281083,5.251889,15.35,G,NGC
UGC05373,Sextans B,150.000417,5.332222,11.51,G,NGC
NGC 5374,NGC 5374,209.373458,6.097000,13.68,G,NGC
NGC 5375,NGC 5375,209.233333,29.164361,12.08,G,NGC
NGC 5376,NGC 5376,208.816958,59.506611,12.33,G,NGC
NGC 5377,NGC 5377,209.069458,47.235694,11.27,G,NGC
NGC 5378,NGC 5378,209.212583,37.797250,13.63,G,NGC
NGC 5379,NGC 5379,208.893000,59.742806,13.42,G,NGC
NGC 5380,NGC 5380,209.236208,37.610389,12.29,G,NGC
NGC 5381,NGC 5381,210.174833,-59.586806,0.00,OCl,NGC
NGC 5382,NGC 5382,209.562042,6.258694,12.60,G,NGC
NGC 5383,NGC 5383,209.270708,41.846250,11.57,G,NGC
NGC 5384,NGC 5384,209.553583,6.518194,13.07,G,NGC
NGC 5385,NGC 5385,208.133000,76.162778,0.00,OCl,NGC
NGC 5386,NGC 5386,209.593083,6.339111,13.65,G,NGC
NGC 5387,NGC 5387,209.603292,6.071278,14.79,G,NGC
NGC 5388,NGC 5388,209.741542,-14.150889,0.00,Other,NGC
NGC 5389,NGC 5389,209.026375,59.742056,11.98,G,NGC
NGC 5390,NGC 5390,208.916417,40.461750,0.00,Dup,NGC
NGC 5391,NGC 5391,209.428250,46.469583,16.42,G,NGC
NGC 5392,NGC 5392,209.853208,-3.209194,14.43,G,NGC
NGC 5393,NGC 5393,210.133500,-28.874583,14.03,G,NGC
NGC 5394,NGC 5394,209.640208,37.453472,12.94,G,NGC
NGC 5395,NGC 5395,209.658250,37.424472,11.66,G,NGC
NGC 5396,NGC 5396,209.233333,29.164361,0.00,Dup,NGC
NGC 5397,NGC 5397,210.293583,-33.945833,12.85,G,NGC
NGC 5398,NGC 5398,210.339833,-33.063778,12.39,G,NGC
NGC 5399,NGC 5399,209.880917,34.773583,14.54,G,NGC
NGC 5400,NGC 5400,210.155000,-2.857806,14.30,G,NGC
NGC 5401,NGC 5401,209.930958,36.238111,14.46,G,NGC
NGC 5402,NGC 5402,209.568958,59.814556,14.54,G,NGC
NGC 5403,NGC 5403,209.962167,38.182528,14.65,G,NGC
NGC 5404,NGC 5404,210.281167,0.085889,0.00,**,NGC
NGC 5405,NGC 5405,210.289458,7.702278,14.52,G,NGC
NGC 5406,NGC 5406,210.083833,38.915417,12.33,G,NGC
NGC 5407,NGC 5407,210.208750,39.156222,14.29,G,NGC
NGC 5408,NGC 5408,210.837125,-41.377694,11.64,G,NGC
NGC 5409,NGC 5409,210.442000,9.490278,13.33,G,NGC
NGC 5410,NGC 5410,210.227542,40.988611,14.14,G,NGC
NGC 5411,NGC 5411,210.496917,8.937694,13.31,G,NGC
NGC 5412,NGC 5412,209.306375,73.616722,14.78,G,NGC
NGC 5413,NGC 5413,209.473042,64.910972,14.34,G,NGC
NGC 5414,NGC 5414,210.514667,9.929306,13.85,G,NGC
NGC 5415,NGC 5415,209.237167,70.754389,15.00,G,NGC
NGC 5416,NGC 5416,210.547167,9.440111,13.29,G,NGC
NGC 5417,NGC 5417,210.554333,8.037111,13.63,G,NGC
NGC 5418,NGC 5418,210.573292,7.684167,14.39,G,NGC
NGC 5419,NGC 5419,210.911375,-33.978250,10.77,G,NGC
NGC 5420,NGC 5420,210.999583,-14.616861,14.08,G,NGC
NGC 5421,NGC 5421,210.424500,33.823778,14.30,GPair,NGC
NGC 5422,NGC 5422,210.175167,55.164472,11.80,G,NGC
NGC 5423,NGC 5423,210.702583,9.341389,12.86,G,NGC
NGC 5424,NGC 5424,210.732083,9.420667,13.14,G,NGC
NGC 5425,NGC 5425,210.198625,48.443861,14.23,G,NGC
NGC 5426,NGC 5426,210.853542,-6.069111,12.16,G,NGC
NGC 5427,NGC 5427,210.858542,-6.030806,12.39,G,NGC
NGC 5428,NGC 5428,210.866792,-5.984472,0.00,**,NGC
NGC 5429,NGC 5429,210.889000,-6.038278,0.00,**,NGC
NGC 5430,NGC 5430,210.190583,59.328278,12.78,G,NGC
NGC 5431,NGC 5431,210.779792,9.363056,15.60,G,NGC
NGC 5432,NGC 5432,210.919375,-5.975444,0.00,Other,NGC
NGC 5433,NGC 5433,210.650333,32.510444,13.99,G,NGC
NGC 5434,NGC 5434,210.846417,9.448083,13.28,G,NGC
NGC 5435,NGC 5435,211.000208,-5.931667,0.00,**,NGC
NGC 5436,NGC 5436,210.921250,9.573500,13.83,G,NGC
NGC 5437,NGC 5437,210.947250,9.523694,14.91,G,NGC
NGC 5438,NGC 5438,210.950000,9.610583,14.42,G,NGC
NGC 5439,NGC 5439,210.490292,46.311917,14.51,G,NGC
NGC 5440,NGC 5440,210.754333,34.757861,13.27,G,NGC
NGC 5441,NGC 5441,210.800000,34.684611,14.90,G,NGC
NGC 5442,NGC 5442,211.180083,-9.713667,13.94,G,NGC
NGC 5443,NGC 5443,210.549167,55.814028,13.11,G,NGC
NGC 5444,NGC 5444,210.850542,35.132111,11.86,G,NGC
NGC 5445,NGC 5445,210.881250,35.025306,13.91,G,NGC
NGC 5446,NGC 5446,210.950000,9.610583,0.00,Dup,NGC
NGC 5447,NGC 5447,210.618333,54.276917,0.00,HII,NGC
NGC 5448,NGC 5448,210.708458,49.172694,11.88,G,NGC
NGC 5449,NGC 5449,210.613625,54.330222,0.00,Other,NGC
NGC 5450,NGC 5450,210.624125,54.271028,0.00,HII,NGC
NGC 5451,NGC 5451,210.654375,54.362528,16.70,HII,NGC
NGC 5452,NGC 5452,208.603750,78.220556,14.13,G,NGC
NGC 5453,NGC 5453,210.734958,54.307972,0.00,HII,NGC
NGC 5454,NGC 5454,211.190458,14.382056,14.22,G,NGC
NGC 5455,NGC 5455,210.754875,54.241472,15.22,HII,NGC
NGC 5456,NGC 5456,211.245375,11.871639,13.99,G,NGC
NGC 5457,NGC 5457,210.802250,54.348944,7.90,G,NGC
NGC 5458,NGC 5458,210.801958,54.298333,0.00,HII,NGC
NGC 5459,NGC 5459,211.250792,13.131889,14.39,G,NGC
NGC 5460,NGC 5460,211.865875,-48.342528,5.60,OCl,NGC
NGC 5461,NGC 5461,210.922542,54.318028,14.38,HII,NGC
NGC 5462,NGC 5462,210.970833,54.365583,18.17,HII,NGC
NGC 5463,NGC 5463,211.543917,9.353444,14.01,G,NGC
NGC 5464,NGC 5464,211.768333,-30.017111,12.97,G,NGC
NGC 5465,NGC 5465,211.613667,-5.506278,14.47,*,NGC
NGC 5466,NGC 5466,211.364000,28.534500,9.70,GCl,NGC
NGC 5467,NGC 5467,211.622917,-5.481472,15.12,*,NGC
NGC 5468,NGC 5468,211.645375,-5.453111,12.05,G,NGC
NGC 5469,NGC 5469,213.124583,8.647944,14.98,G,NGC
NGC 5470,NGC 5470,211.632958,6.029694,14.24,G,NGC
UGC05470,Leo I,152.117083,12.306389,10.36,G,NGC
NGC 5471,NGC 5471,211.120917,54.396917,14.54,HII,NGC
NGC 5472,NGC 5472,211.729250,-5.460472,14.68,G,NGC
NGC 5473,NGC 5473,211.180125,54.892639,11.47,G,NGC
NGC 5474,NGC 5474,211.256708,53.662222,11.01,G,NGC
NGC 5475,NGC 5475,211.301708,55.741861,13.27,G,NGC
NGC 5476,NGC 5476,212.035375,-6.092056,13.34,G,NGC
NGC 5477,NGC 5477,211.388750,54.461139,13.78,G,NGC
NGC 5478,NGC 5478,212.035458,-1.702306,13.64,G,NGC
NGC 5479,NGC 5479,211.489042,65.690750,15.02,G,NGC
NGC 5480,NGC 5480,211.589917,50.725111,12.18,G,NGC
NGC 5481,NGC 5481,211.671958,50.723333,13.24,G,NGC
NGC 5482,NGC 5482,212.127917,8.931917,14.00,G,NGC
NGC 5483,NGC 5483,212.604292,-43.324611,11.13,G,NGC
NGC 5484,NGC 5484,211.700917,55.029917,15.74,G,NGC
NGC 5485,NGC 5485,211.797292,55.001694,11.50,G,NGC
NGC 5486,NGC 5486,211.854000,55.103083,14.01,G,NGC
NGC 5487,NGC 5487,212.432917,8.069139,14.61,G,NGC
NGC 5488,NGC 5488,212.012958,-33.314917,13.31,G,NGC
NGC 5489,NGC 5489,213.003000,-46.088722,13.16,G,NGC
NGC 5490,NGC 5490,212.488708,17.545556,12.05,G,NGC
NGC 5490C,NGC 5490C,212.528792,17.615750,15.22,G,NGC
NGC 5491,NGC 5491,212.738958,6.364861,13.82,G,NGC
NGC 5492,NGC 5492,212.646667,19.612333,13.71,G,NGC
NGC 5493,NGC 5493,212.872417,-5.043611,11.42,G,NGC
NGC 5494,NGC 5494,213.100750,-30.644083,12.63,G,NGC
NGC 5495,NGC 5495,213.097292,-27.108028,13.50,G,NGC
NGC 5496,NGC 5496,212.907750,-1.159111,13.45,G,NGC
NGC 5497,NGC 5497,212.631833,38.893556,15.11,G,NGC
NGC 5498,NGC 5498,212.768875,25.697972,14.73,G,NGC
NGC 5499,NGC 5499,212.698542,35.913500,14.27,G,NGC
NGC 5500,NGC 5500,212.563458,48.546111,14.37,G,NGC
NGC 5501,NGC 5501,213.084083,1.272528,15.00,G,NGC
NGC 5502,NGC 5502,212.391458,60.409583,16.23,G,NGC
NGC 5503,NGC 5503,212.391458,60.409583,0.00,Dup,NGC
NGC 5504,NGC 5504,213.065875,15.841917,14.04,G,NGC
NGC 5504B,NGC 5504B,213.053000,15.868889,15.23,G,NGC
NGC 5504C,NGC 5504C,213.065792,15.879333,15.65,G,NGC
NGC 5505,NGC 5505,213.132125,13.304722,13.13,G,NGC
NGC 5506,NGC 5506,213.312042,-3.207583,12.56,G,NGC
NGC 5507,NGC 5507,213.332792,-3.148889,12.44,G,NGC
NGC 5508,NGC 5508,213.121000,24.635500,15.03,G,NGC
NGC 5509,NGC 5509,213.164917,20.387000,14.97,G,NGC
NGC 5510,NGC 5510,213.405083,-17.983806,14.26,G,NGC
NGC 5511,NGC 5511,213.272583,8.631889,15.62,G,NGC
NGC 5512,NGC 5512,213.171375,30.855056,15.30,G,NGC
NGC 5513,NGC 5513,213.285958,20.416278,13.78,G,NGC
NGC 5514,NGC 5514,213.411583,7.659528,0.00,GPair,NGC
NGC 5515,NGC 5515,213.159042,39.310278,13.70,G,NGC
NGC 5516,NGC 5516,213.977875,-48.114861,11.99,G,NGC
NGC 5517,NGC 5517,213.213500,35.710889,14.73,G,NGC
NGC 5518,NGC 5518,213.448667,20.848306,14.51,G,NGC
NGC 5519,NGC 5519,213.586958,7.515917,14.51,G,NGC
NGC 5520,NGC 5520,213.094958,50.348417,12.75,G,NGC
NGC 5521,NGC 5521,213.848833,4.408528,14.62,G,NGC
NGC 5522,NGC 5522,213.709875,15.146889,14.00,G,NGC
NGC 5523,NGC 5523,213.718000,25.317611,13.13,G,NGC
NGC 5524,NGC 5524,213.502667,36.417361,0.00,*,NGC
NGC 5525,NGC 5525,213.913458,14.282611,12.84,G,NGC
NGC 5526,NGC 5526,213.474000,57.771333,14.24,G,NGC
NGC 5527,NGC 5527,213.613458,36.404500,14.94,G,NGC
NGC 5528,NGC 5528,214.083000,8.293472,14.66,G,NGC
NGC 5529,NGC 5529,213.891958,36.226583,11.91,G,NGC
NGC 5530,NGC 5530,214.613125,-43.388583,11.19,G,NGC
NGC 5531,NGC 5531,214.180417,10.884778,14.70,GPair,NGC
NGC 5532,NGC 5532,214.220625,10.807389,11.94,G,NGC
NGC 5533,NGC 5533,214.032250,35.343833,11.81,G,NGC
NGC 5534,NGC 5534,214.417750,-7.417417,12.49,G,NGC
NGC 5535,NGC 5535,214.380292,8.208389,15.74,G,NGC
NGC 5536,NGC 5536,214.099417,39.502194,14.41,G,NGC
NGC 5537,NGC 5537,214.404542,7.055000,15.05,G,NGC
NGC 5538,NGC 5538,214.427042,7.476667,15.50,G,NGC
NGC 5539,NGC 5539,214.407375,8.179611,15.05,G,NGC
NGC 5540,NGC 5540,213.726792,60.011111,14.70,G,NGC
NGC 5541,NGC 5541,214.132500,39.589056,13.58,G,NGC
NGC 5542,NGC 5542,214.471667,7.558778,14.84,G,NGC
NGC 5543,NGC 5543,214.516958,7.654861,15.18,G,NGC
NGC 5544,NGC 5544,214.260500,36.571583,13.89,G,NGC
NGC 5545,NGC 5545,214.271500,36.575111,13.20,G,NGC
NGC 5546,NGC 5546,214.538458,7.564556,12.29,G,NGC
NGC 5547,NGC 5547,212.438333,78.601056,14.83,G,NGC
NGC 5548,NGC 5548,214.498042,25.136778,13.37,G,NGC
NGC 5549,NGC 5549,214.661708,7.377333,13.95,G,NGC
NGC 5550,NGC 5550,214.616542,12.883083,14.09,G,NGC
NGC 5551,NGC 5551,214.728500,5.451472,14.88,G,NGC
NGC 5552,NGC 5552,214.766042,7.031694,15.12,G,NGC
NGC 5553,NGC 5553,214.623875,26.287833,14.59,G,NGC
NGC 5554,NGC 5554,214.812500,7.021139,15.12,G,NGC
NGC 5555,NGC 5555,214.700333,-19.138917,15.14,G,NGC
NGC 5556,NGC 5556,215.142042,-29.241778,11.82,G,NGC
NGC 5557,NGC 5557,214.607167,36.493556,11.02,G,NGC
NGC 5558,NGC 5558,214.766042,7.031694,0.00,Dup,NGC
NGC 5559,NGC 5559,214.803250,24.798722,14.81,G,NGC
NGC 5560,NGC 5560,215.018708,3.992472,12.35,G,NGC
NGC 5561,NGC 5561,214.345125,58.750500,15.45,G,NGC
NGC 5562,NGC 5562,215.046042,10.262833,14.37,G,NGC
NGC 5563,NGC 5563,215.054542,7.055417,15.13,G,NGC
NGC 5564,NGC 5564,214.812500,7.021139,0.00,Dup,NGC
NGC 5565,NGC 5565,214.827083,6.994944,0.00,*,NGC
NGC 5566,NGC 5566,215.082875,3.933750,10.51,G,NGC
NGC 5567,NGC 5567,214.823500,35.137944,14.48,G,NGC
NGC 5568,NGC 5568,214.838833,35.092167,15.43,G,NGC
NGC 5569,NGC 5569,215.133708,3.983222,14.89,G,NGC
NGC 5570,NGC 5570,213.586958,7.515917,0.00,Dup,NGC
NGC 5571,NGC 5571,214.883458,35.150944,0.00,Other,NGC
NGC 5572,NGC 5572,214.897083,36.140667,15.04,G,NGC
NGC 5573,NGC 5573,215.172958,6.907306,15.01,G,NGC
NGC 5574,NGC 5574,215.233208,3.238000,12.45,G,NGC
NGC 5575,NGC 5575,215.247542,6.202667,14.35,G,NGC
NGC 5576,NGC 5576,215.265333,3.271000,10.90,G,NGC
NGC 5577,NGC 5577,215.304625,3.435778,13.47,G,NGC
NGC 5578,NGC 5578,215.247542,6.202667,0.00,Dup,NGC
NGC 5579,NGC 5579,215.110333,35.188806,14.54,G,NGC
NGC 5580,NGC 5580,215.410042,35.204861,13.55,G,NGC
NGC 5581,NGC 5581,215.317958,23.480028,14.67,G,NGC
NGC 5582,NGC 5582,215.179667,39.693583,11.62,G,NGC
NGC 5583,NGC 5583,215.418750,13.232389,14.20,G,NGC
NGC 5584,NGC 5584,215.599042,-0.387667,12.77,G,NGC
NGC 5585,NGC 5585,214.950833,56.729056,11.02,G,NGC
NGC 5586,NGC 5586,215.531917,13.184278,0.00,Other,NGC
NGC 5587,NGC 5587,215.544625,13.918056,13.79,G,NGC
NGC 5588,NGC 5588,215.354625,35.270639,14.20,G,NGC
NGC 5589,NGC 5589,215.354625,35.270639,0.00,Dup,NGC
NGC 5590,NGC 5590,215.410042,35.204861,0.00,Dup,NGC
NGC 5591,NGC 5591,215.641667,13.716667,0.00,GPair,NGC
NGC 5592,NGC 5592,215.979375,-28.688056,12.73,G,NGC
NGC 5593,NGC 5593,216.413250,-54.798694,0.00,OCl,NGC
NGC 5594,NGC 5594,215.792958,26.265806,14.80,G,NGC
NGC 5595,NGC 5595,216.055167,-16.723000,12.02,G,NGC
NGC 5596,NGC 5596,215.619750,37.122194,13.50,G,NGC
NGC 5597,NGC 5597,216.114333,-16.762750,12.89,G,NGC
NGC 5598,NGC 5598,215.617833,40.319806,14.10,G,NGC
NGC 5599,NGC 5599,215.960875,6.576111,14.56,G,NGC
NGC 5600,NGC 5600,215.956333,14.638778,12.39,G,NGC
NGC 5601,NGC 5601,215.722000,40.309583,15.47,G,NGC
NGC 5602,NGC 5602,215.578458,50.501389,12.53,G,NGC
NGC 5603,NGC 5603,215.756375,40.377417,13.01,G,NGC
NGC 5604,NGC 5604,216.178333,-3.212167,12.87,G,NGC
NGC 5605,NGC 5605,216.281542,-13.163000,12.50,G,NGC
NGC 5606,NGC 5606,216.947000,-59.632250,7.70,OCl,NGC
NGC 5607,NGC 5607,214.861250,71.588222,13.50,G,NGC
NGC 5608,NGC 5608,215.824542,41.775889,13.36,G,NGC
NGC 5609,NGC 5609,215.951250,34.842778,16.18,G,NGC
NGC 5610,NGC 5610,216.095583,24.614139,14.29,G,NGC
NGC 5611,NGC 5611,216.019917,33.047389,13.46,G,NGC
NGC 5612,NGC 5612,218.505208,-78.387500,12.08,G,NGC
NGC 5613,NGC 5613,216.024833,34.892111,15.60,G,NGC
NGC 5614,NGC 5614,216.031625,34.858861,11.71,G,NGC
NGC 5615,NGC 5615,216.027083,34.865000,15.29,G,NGC
NGC 5616,NGC 5616,216.086250,36.461417,14.55,G,NGC
NGC 5617,NGC 5617,217.433625,-60.710833,6.30,OCl,NGC
NGC 5618,NGC 5618,216.799208,-2.262417,13.40,G,NGC
NGC 5619,NGC 5619,216.825958,4.802833,13.89,G,NGC
NGC 5619B,NGC 5619B,216.884875,4.821611,14.76,G,NGC
NGC 5620,NGC 5620,214.861250,71.588222,0.00,Dup,NGC
NGC 5621,NGC 5621,216.957542,8.240250,0.00,Other,NGC
NGC 5622,NGC 5622,216.550792,48.564000,13.44,G,NGC
NGC 5623,NGC 5623,216.786167,33.252556,12.53,G,NGC
NGC 5624,NGC 5624,216.646708,51.585361,13.69,G,NGC
NGC 5625,NGC 5625,216.756250,39.956944,0.00,GPair,NGC
NGC 5626,NGC 5626,217.454542,-29.748472,14.02,G,NGC
NGC 5627,NGC 5627,217.142833,11.378250,14.55,G,NGC
NGC 5628,NGC 5628,217.107458,17.924361,14.45,G,NGC
NGC 5629,NGC 5629,217.068208,25.848778,12.19,G,NGC
NGC 5630,NGC 5630,216.902542,41.257750,13.61,G,NGC
NGC 5631,NGC 5631,216.638750,56.582639,11.56,G,NGC
NGC 5632,NGC 5632,219.472250,-0.398889,0.00,Dup,NGC
NGC 5633,NGC 5633,216.868250,46.146528,12.46,G,NGC
NGC 5634,NGC 5634,217.405333,-5.976417,10.05,GCl,NGC
NGC 5635,NGC 5635,217.132333,27.408944,13.90,G,NGC
NGC 5636,NGC 5636,217.412583,3.266306,13.85,G,NGC
NGC 5637,NGC 5637,217.248333,23.191500,14.50,G,NGC
NGC 5638,NGC 5638,217.418250,3.233306,11.21,G,NGC
NGC 5639,NGC 5639,217.193958,30.412944,14.53,G,NGC
NGC 5640,NGC 5640,215.170042,80.123111,15.50,G,NGC
NGC 5641,NGC 5641,217.319250,28.821889,13.29,G,NGC
NGC 5642,NGC 5642,217.306208,30.026444,14.20,G,NGC
NGC 5643,NGC 5643,218.169750,-44.174417,11.49,G,NGC
NGC 5644,NGC 5644,217.606583,11.928000,13.93,G,NGC
NGC 5645,NGC 5645,217.663958,7.275083,12.41,G,NGC
NGC 5646,NGC 5646,217.391708,35.461944,15.03,G,NGC
NGC 5647,NGC 5647,217.650417,11.876694,15.41,G,NGC
NGC 5648,NGC 5648,217.635833,14.023056,14.29,G,NGC
NGC 5649,NGC 5649,217.635833,14.023056,0.00,Dup,NGC
NGC 5650,NGC 5650,217.754500,5.978417,13.80,G,NGC
NGC 5651,NGC 5651,220.047958,-0.288972,0.00,Dup,NGC
NGC 5652,NGC 5652,217.754500,5.978417,0.00,Dup,NGC
NGC 5653,NGC 5653,217.543417,31.215500,12.22,G,NGC
NGC 5654,NGC 5654,217.505542,36.360917,14.12,G,NGC
NGC 5655,NGC 5655,217.712208,13.968750,14.06,G,NGC
NGC 5656,NGC 5656,217.606292,35.321028,12.43,G,NGC
NGC 5657,NGC 5657,217.681667,29.180833,14.34,G,NGC
NGC 5658,NGC 5658,220.234833,-0.318222,0.00,Dup,NGC
NGC 5659,NGC 5659,217.775583,25.355111,14.75,G,NGC
NGC 5660,NGC 5660,217.457542,49.622667,11.91,G,NGC
NGC 5661,NGC 5661,217.989125,6.250417,14.24,G,NGC
NGC 5662,NGC 5662,218.906583,-56.618083,5.50,OCl,NGC
NGC 5663,NGC 5663,218.484583,-16.581056,15.10,G,NGC
NGC 5664,NGC 5664,218.431750,-14.619694,14.52,G,NGC
NGC 5665,NGC 5665,218.107250,8.078639,12.61,G,NGC
NGC 5665A,NGC 5665A,218.113917,8.078722,0.00,Other,NGC
NGC 5666,NGC 5666,218.288375,10.510806,13.52,G,NGC
NGC 5667,NGC 5667,217.595458,59.469778,12.95,G,NGC
NGC 5668,NGC 5668,218.351417,4.450444,11.71,G,NGC
NGC 5669,NGC 5669,218.181208,9.890444,12.97,G,NGC
NGC 5670,NGC 5670,218.900125,-45.966972,11.96,G,NGC
NGC 5671,NGC 5671,216.925000,69.694167,14.32,G,NGC
NGC 5672,NGC 5672,218.159750,31.670167,13.52,G,NGC
NGC 5673,NGC 5673,217.878792,49.958722,12.17,G,NGC
NGC 5674,NGC 5674,218.467667,5.458222,13.70,G,NGC
NGC 5675,NGC 5675,218.165958,36.302194,14.00,G,NGC
NGC 5676,NGC 5676,218.195208,49.457889,11.22,G,NGC
NGC 5677,NGC 5677,218.553083,25.468028,14.70,G,NGC
NGC 5678,NGC 5678,218.023375,57.921444,11.43,G,NGC
NGC 5679,NGC 5679,218.786250,5.356389,0.00,GTrpl,NGC
NGC 5679A,NGC 5679A,218.776625,5.356833,14.20,G,NGC
NGC 5679B,NGC 5679B,218.786500,5.358944,14.33,G,NGC
NGC 5679C,NGC 5679C,218.795792,5.354278,17.43,G,NGC
NGC 5680,NGC 5680,218.935542,-0.013361,15.32,G,NGC
NGC 5681,NGC 5681,218.928625,8.300611,14.30,G,NGC
NGC 5682,NGC 5682,218.687417,48.670250,14.34,G,NGC
NGC 5683,NGC 5683,218.718542,48.661917,15.04,G,NGC
NGC 5684,NGC 5684,218.959000,36.543222,12.72,G,NGC
NGC 5685,NGC 5685,219.064042,29.908389,14.72,G,NGC
NGC 5686,NGC 5686,219.010792,36.503194,14.92,G,NGC
NGC 5687,NGC 5687,218.718333,54.475861,11.74,G,NGC
NGC 5688,NGC 5688,219.896458,-45.019000,11.81,G,NGC
NGC 5689,NGC 5689,218.873708,48.741639,11.80,G,NGC
NGC 5690,NGC 5690,219.421125,2.290833,12.48,G,NGC
NGC 5691,NGC 5691,219.472250,-0.398889,12.38,G,NGC
NGC 5692,NGC 5692,219.575458,3.410333,13.41,G,NGC
NGC 5693,NGC 5693,219.046625,48.585028,14.26,G,NGC
NGC 5694,NGC 5694,219.902125,-26.538333,10.89,GCl,NGC
NGC 5695,NGC 5695,219.342167,36.567806,12.93,G,NGC
NGC 5696,NGC 5696,219.237833,41.828111,13.95,G,NGC
NGC 5697,NGC 5697,219.133583,41.685889,14.66,G,NGC
NGC 5698,NGC 5698,219.311250,38.454278,14.01,G,NGC
NGC 5699,NGC 5699,219.676500,30.465917,15.66,G,NGC
NGC 5700,NGC 5700,219.256500,48.544833,15.09,G,NGC
NGC 5701,NGC 5701,219.796167,5.363472,11.20,G,NGC
NGC 5702,NGC 5702,219.729500,20.506722,14.31,G,NGC
NGC 5703,NGC 5703,219.708417,30.442528,14.38,G,NGC
NGC 5704,NGC 5704,219.567833,40.456750,13.81,G,NGC
NGC 5705,NGC 5705,219.957042,-0.718472,14.03,G,NGC
NGC 5706,NGC 5706,219.676500,30.465917,0.00,Dup,NGC
NGC 5707,NGC 5707,219.378208,51.561861,13.21,G,NGC
NGC 5708,NGC 5708,219.567833,40.456750,0.00,Dup,NGC
NGC 5709,NGC 5709,219.708417,30.442528,0.00,Dup,NGC
NGC 5710,NGC 5710,219.817458,20.043694,12.99,G,NGC
NGC 5711,NGC 5711,219.844000,19.990889,15.14,G,NGC
NGC 5712,NGC 5712,217.423833,78.864250,15.22,G,NGC
NGC 5713,NGC 5713,220.047958,-0.288972,11.32,G,NGC
NGC 5714,NGC 5714,219.548000,46.638250,14.10,G,NGC
NGC 5715,NGC 5715,220.873708,-57.577028,9.80,OCl,NGC
NGC 5716,NGC 5716,220.273000,-17.476972,13.53,G,NGC
NGC 5717,NGC 5717,219.657042,46.663139,15.23,G,NGC
NGC 5718,NGC 5718,220.178500,3.465417,14.27,G,NGC
NGC 5719,NGC 5719,220.234833,-0.318222,13.37,G,NGC
NGC 5720,NGC 5720,219.638708,50.815222,14.45,G,NGC
NGC 5721,NGC 5721,219.720667,46.674444,14.40,G,NGC
NGC 5722,NGC 5722,219.726708,46.665611,15.38,G,NGC
NGC 5723,NGC 5723,219.741333,46.689611,16.55,G,NGC
NGC 5724,NGC 5724,219.758875,46.692028,18.00,*,NGC
NGC 5725,NGC 5725,220.243000,2.186556,14.45,G,NGC
NGC 5726,NGC 5726,220.733542,-18.444889,13.97,G,NGC
NGC 5727,NGC 5727,220.108833,33.989111,13.65,G,NGC
NGC 5728,NGC 5728,220.599583,-17.253083,11.51,G,NGC
NGC 5729,NGC 5729,220.528667,-9.009444,12.98,G,NGC
NGC 5730,NGC 5730,219.967333,42.742361,14.45,G,NGC
NGC 5731,NGC 5731,220.038375,42.779556,14.10,G,NGC
NGC 5732,NGC 5732,220.162292,38.637806,14.34,G,NGC
NGC 5733,NGC 5733,220.691375,-0.351083,14.68,G,NGC
NGC 5734,NGC 5734,221.287708,-20.870472,13.77,G,NGC
NGC 5735,NGC 5735,220.638500,28.726444,13.36,G,NGC
NGC 5736,NGC 5736,220.878375,11.202694,14.69,G,NGC
NGC 5737,NGC 5737,220.799250,18.879944,14.58,G,NGC
NGC 5738,NGC 5738,220.984875,1.604167,14.64,G,NGC
NGC 5739,NGC 5739,220.620458,41.842333,13.27,G,NGC
NGC 5740,NGC 5740,221.101875,1.679778,11.90,G,NGC
NGC 5741,NGC 5741,221.465500,-11.914278,14.58,G,NGC
NGC 5742,NGC 5742,221.403667,-11.809639,13.86,G,NGC
NGC 5743,NGC 5743,221.295792,-20.913500,13.89,G,NGC
NGC 5744,NGC 5744,221.661042,-18.513278,14.28,G,NGC
NGC 5745,NGC 5745,221.259000,-13.946222,14.00,GTrpl,NGC
NGC 5746,NGC 5746,221.233000,1.955000,10.55,G,NGC
NGC 5747,NGC 5747,221.086667,12.129722,0.00,GPair,NGC
NGC 5748,NGC 5748,221.271292,21.916222,15.28,G,NGC
NGC 5749,NGC 5749,222.224750,-54.497694,8.80,OCl,NGC
NGC 5750,NGC 5750,221.546333,-0.222944,11.69,G,NGC
NGC 5751,NGC 5751,220.954917,53.400667,13.80,G,NGC
NGC 5752,NGC 5752,221.309000,38.728861,15.16,G,NGC
NGC 5753,NGC 5753,221.328667,38.805889,15.96,G,NGC
NGC 5754,NGC 5754,221.331875,38.731222,13.99,G,NGC
NGC 5755,NGC 5755,221.352167,38.779889,14.89,G,NGC
NGC 5756,NGC 5756,221.890542,-14.853583,12.28,G,NGC
NGC 5757,NGC 5757,221.943250,-19.078556,13.60,G,NGC
NGC 5758,NGC 5758,221.758667,13.668389,13.65,G,NGC
NGC 5759,NGC 5759,221.810875,13.457944,14.90,GPair,NGC
NGC 5760,NGC 5760,221.926083,18.502028,14.19,G,NGC
NGC 5761,NGC 5761,222.285333,-20.376028,12.49,G,NGC
NGC 5762,NGC 5762,222.177375,12.457222,14.17,G,NGC
NGC 5763,NGC 5763,222.244667,12.490139,15.44,G,NGC
NGC 5764,NGC 5764,223.384333,-52.670528,12.60,OCl,NGC
NGC 5765,NGC 5765,222.712500,5.116944,0.00,GPair,NGC
NGC 5765A,NGC 5765A,222.711250,5.119444,14.60,G,NGC
NGC 5765B,NGC 5765B,222.714625,5.114472,14.52,G,NGC
NGC 5766,NGC 5766,223.289833,-21.394111,14.21,G,NGC
NGC 5767,NGC 5767,222.393458,47.376167,14.81,G,NGC
NGC 5768,NGC 5768,223.033125,-2.529750,13.57,G,NGC
NGC 5769,NGC 5769,223.173042,7.931806,14.88,G,NGC
NGC 5770,NGC 5770,223.312583,3.959722,12.27,G,NGC
NGC 5771,NGC 5771,223.059708,29.845417,14.78,G,NGC
NGC 5772,NGC 5772,222.912000,40.599167,13.71,G,NGC
NGC 5773,NGC 5773,223.126750,29.807389,14.62,G,NGC
NGC 5774,NGC 5774,223.426917,3.582500,12.24,G,NGC
NGC 5775,NGC 5775,223.490000,3.544444,11.43,G,NGC
NGC 5776,NGC 5776,223.636458,2.966444,14.56,G,NGC
NGC 5777,NGC 5777,222.824375,58.977944,14.03,G,NGC
NGC 5778,NGC 5778,223.631208,18.642306,13.93,G,NGC
NGC 5779,NGC 5779,223.039833,55.899444,15.53,G,NGC
NGC 5780,NGC 5780,223.594458,28.939667,13.96,G,NGC
NGC 5781,NGC 5781,224.171750,-17.243944,13.82,G,NGC
NGC 5782,NGC 5782,223.980292,11.861528,14.76,G,NGC
NGC 5783,NGC 5783,223.367958,52.076111,13.84,G,NGC
NGC 5784,NGC 5784,223.568542,42.557917,13.65,G,NGC
NGC 5785,NGC 5785,223.367958,52.076111,0.00,Dup,NGC
NGC 5786,NGC 5786,224.734417,-42.013361,11.89,G,NGC
NGC 5787,NGC 5787,223.814917,42.506861,13.95,G,NGC
NGC 5788,NGC 5788,223.320792,52.044250,15.60,G,NGC
NGC 5789,NGC 5789,224.148000,30.234028,13.84,G,NGC
NGC 5790,NGC 5790,224.399208,8.285278,14.79,G,NGC
NGC 5791,NGC 5791,224.692583,-19.266861,11.85,G,NGC
NGC 5792,NGC 5792,224.594625,-1.091083,11.26,G,NGC
NGC 5793,NGC 5793,224.853167,-16.693361,13.23,G,NGC
NGC 5794,NGC 5794,223.973458,49.726083,14.32,G,NGC
NGC 5795,NGC 5795,224.082833,49.400056,14.67,G,NGC
NGC 5796,NGC 5796,224.850458,-16.623861,11.58,G,NGC
NGC 5797,NGC 5797,224.100208,49.696167,13.51,G,NGC
NGC 5798,NGC 5798,224.408208,29.968500,13.43,G,NGC
NGC 5799,NGC 5799,226.396708,-72.432833,14.02,G,NGC
NGC 5800,NGC 5800,225.449458,-51.918583,0.00,OCl,NGC
NGC 5801,NGC 5801,225.108083,-13.904306,15.86,G,NGC
NGC 5802,NGC 5802,225.125000,-13.919028,15.30,G,NGC
NGC 5803,NGC 5803,225.143917,-13.894528,15.78,G,NGC
NGC 5804,NGC 5804,224.278333,49.669028,15.94,G,NGC
NGC 5805,NGC 5805,224.299583,49.627778,0.00,GPair,NGC
NGC 5806,NGC 5806,225.001667,1.891306,11.65,G,NGC
NGC 5807,NGC 5807,223.952792,63.903472,15.25,G,NGC
NGC 5808,NGC 5808,223.511708,73.131694,14.25,G,NGC
NGC 5809,NGC 5809,225.218042,-14.165194,14.42,G,NGC
NGC 5810,NGC 5810,225.678042,-17.868000,14.02,G,NGC
NGC 5811,NGC 5811,225.112083,1.623889,14.80,GPair,NGC
NGC 5812,NGC 5812,225.232083,-7.457361,11.23,G,NGC
NGC 5813,NGC 5813,225.296792,1.701972,10.53,G,NGC
NGC 5814,NGC 5814,225.338125,1.637083,14.51,G,NGC
NGC 5815,NGC 5815,225.122042,-16.834306,14.43,G,NGC
NGC 5816,NGC 5816,225.020250,-16.093639,15.62,G,NGC
NGC 5817,NGC 5817,224.920208,-16.180361,15.40,G,NGC
NGC 5818,NGC 5818,224.743292,49.821417,14.76,G,NGC
NGC 5819,NGC 5819,223.511708,73.131694,0.00,Dup,NGC
NGC 5820,NGC 5820,224.665917,53.886083,12.24,G,NGC
NGC 5821,NGC 5821,224.748583,53.923278,14.71,G,NGC
NGC 5822,NGC 5822,226.088542,-54.396417,6.50,OCl,NGC
NGC 5823,NGC 5823,226.377625,-55.603750,7.90,OCl,NGC
NGC 5824,NGC 5824,225.994333,-33.068139,9.56,GCl,NGC
NGC 5825,NGC 5825,223.631208,18.642306,0.00,Dup,NGC
NGC 5826,NGC 5826,226.641000,55.479111,15.11,G,NGC
NGC 5827,NGC 5827,225.473875,25.964528,13.72,G,NGC
NGC 5828,NGC 5828,225.192125,49.993667,14.35,G,NGC
NGC 5829,NGC 5829,225.675042,23.333611,13.47,G,NGC
NGC 5830,NGC 5830,225.462125,47.875389,14.99,G,NGC
NGC 5831,NGC 5831,226.029167,1.219917,11.46,G,NGC
NGC 5832,NGC 5832,224.440458,71.682333,12.26,G,NGC
NGC 5833,NGC 5833,227.973542,-72.859417,11.93,G,NGC
NGC 5834,NGC 5834,225.994333,-33.068139,0.00,Dup,NGC
NGC 5835,NGC 5835,225.605708,48.877694,15.48,G,NGC
NGC 5836,NGC 5836,224.879125,73.893222,14.84,G,NGC
NGC 5837,NGC 5837,226.169083,12.633444,14.40,G,NGC
NGC 5838,NGC 5838,226.359417,2.099333,10.81,G,NGC
NGC 5839,NGC 5839,226.364542,1.634806,12.19,G,NGC
NGC 5840,NGC 5840,226.085625,29.506028,0.00,Other,NGC
NGC 5841,NGC 5841,226.646000,2.004806,14.50,G,NGC
NGC 5842,NGC 5842,226.216625,21.069444,15.26,G,NGC
NGC 5843,NGC 5843,226.866208,-36.327417,13.13,G,NGC
NGC 5844,NGC 5844,227.670625,-64.673667,13.20,PN,NGC
NGC 5845,NGC 5845,226.503375,1.633806,11.40,G,NGC
NGC 5846,NGC 5846,226.622000,1.605611,10.18,G,NGC
NGC 5846A,NGC 5846A,226.621667,1.594861,13.37,G,NGC
NGC 5847,NGC 5847,226.592792,6.379889,15.17,G,NGC
NGC 5848,NGC 5848,226.646000,2.004806,0.00,Dup,NGC
NGC 5849,NGC 5849,226.711208,-14.571833,15.74,G,NGC
NGC 5850,NGC 5850,226.782042,1.544250,11.00,G,NGC
NGC 5851,NGC 5851,226.722583,12.858861,15.00,G,NGC
NGC 5852,NGC 5852,226.735042,12.846833,14.59,G,NGC
NGC 5853,NGC 5853,226.472042,39.522194,14.59,G,NGC
NGC 5854,NGC 5854,226.948750,2.568639,11.80,G,NGC
NGC 5855,NGC 5855,226.954333,3.984167,15.34,G,NGC
NGC 5856,NGC 5856,226.834292,18.442444,6.03,**,NGC
NGC 5857,NGC 5857,226.863792,19.597639,13.09,G,NGC
NGC 5858,NGC 5858,227.204750,-11.207833,14.12,G,NGC
NGC 5859,NGC 5859,226.894750,19.582306,12.43,G,NGC
NGC 5860,NGC 5860,226.640833,42.641389,0.00,GPair,NGC
NGC 5861,NGC 5861,227.317042,-11.321667,11.69,G,NGC
NGC 5862,NGC 5862,226.513792,55.573861,15.56,G,NGC
NGC 5863,NGC 5863,227.701500,-18.431028,13.23,G,NGC
NGC 5864,NGC 5864,227.389833,3.052750,12.72,G,NGC
NGC 5865,NGC 5865,227.454917,0.529833,14.77,G,NGC
NGC 5866,NGC 5866,226.622917,55.763222,9.89,G,NGC
NGC 5866B,NGC 5866B,228.030125,55.785083,15.43,G,NGC
NGC 5867,NGC 5867,226.601333,55.731583,16.77,G,NGC
NGC 5868,NGC 5868,227.454917,0.529833,0.00,Dup,NGC
NGC 5869,NGC 5869,227.456000,0.470028,12.19,G,NGC
NGC 5870,NGC 5870,226.641000,55.479111,0.00,Dup,NGC
NGC 5871,NGC 5871,227.519958,0.498000,0.00,*,NGC
NGC 5872,NGC 5872,227.731917,-11.480139,14.21,G,NGC
NGC 5873,NGC 5873,228.211667,-38.125556,11.00,PN,NGC
NGC 5874,NGC 5874,226.965958,54.752778,12.49,G,NGC
NGC 5875,NGC 5875,227.304833,52.528444,13.34,G,NGC
NGC 5876,NGC 5876,227.381500,54.506500,13.71,G,NGC
NGC 5877,NGC 5877,228.221125,-4.927222,0.00,**,NGC
NGC 5878,NGC 5878,228.440458,-14.269833,11.67,G,NGC
NGC 5879,NGC 5879,227.444708,57.000194,11.47,G,NGC
NGC 5880,NGC 5880,228.754750,-14.579028,15.04,G,NGC
NGC 5881,NGC 5881,226.586750,62.980972,14.06,G,NGC
NGC 5882,NGC 5882,229.208333,-45.649306,10.18,PN,NGC
NGC 5883,NGC 5883,228.792417,-14.617056,14.54,G,NGC
NGC 5884,NGC 5884,228.288042,31.861056,0.00,**,NGC
NGC 5885,NGC 5885,228.767333,-10.086000,11.70,G,NGC
NGC 5886,NGC 5886,228.189333,41.233583,14.87,G,NGC
NGC 5887,NGC 5887,228.683250,1.154250,14.87,G,NGC
NGC 5888,NGC 5888,228.280708,41.264639,14.17,G,NGC
NGC 5889,NGC 5889,228.315625,41.327972,15.93,G,NGC
NGC 5890,NGC 5890,229.463208,-17.589194,14.22,G,NGC
NGC 5891,NGC 5891,229.055833,-11.494250,14.59,G,NGC
NGC 5892,NGC 5892,228.450875,-15.463889,12.17,G,NGC
NGC 5893,NGC 5893,228.392375,41.958806,14.07,G,NGC
NGC 5894,NGC 5894,227.920750,59.808944,13.22,G,NGC
NGC 5895,NGC 5895,228.458333,42.008083,15.20,G,NGC
NGC 5896,NGC 5896,228.461167,42.024278,15.38,G,NGC
NGC 5897,NGC 5897,229.351667,-21.010111,8.52,GCl,NGC
NGC 5898,NGC 5898,229.556500,-24.097944,11.38,G,NGC
NGC 5899,NGC 5899,228.763417,42.049833,12.28,G,NGC
NGC 5900,NGC 5900,228.771500,42.209417,13.39,G,NGC
NGC 5901,NGC 5901,228.760833,42.228056,0.00,*,NGC
NGC 5902,NGC 5902,228.593333,50.329667,14.72,G,NGC
NGC 5903,NGC 5903,229.652208,-24.068583,11.27,G,NGC
NGC 5904,NGC 5904,229.640625,2.082694,5.95,GCl,NGC
NGC 5905,NGC 5905,228.847167,55.517361,12.50,G,NGC
NGC 5906,NGC 5906,228.974042,56.328778,0.00,Dup,NGC
NGC 5907,NGC 5907,228.974042,56.328778,10.37,G,NGC
NGC 5908,NGC 5908,229.180083,55.409250,11.89,G,NGC
NGC 5909,NGC 5909,227.866792,75.383806,13.58,G,NGC
NGC 5910,NGC 5910,229.854583,20.895000,0.00,GTrpl,NGC
NGC 5911,NGC 5911,230.075917,3.518333,14.59,G,NGC
NGC 5912,NGC 5912,227.920417,75.384806,12.98,G,NGC
NGC 5913,NGC 5913,230.231000,-2.577944,14.18,G,NGC
NGC 5914,NGC 5914,229.682583,41.865472,14.51,G,NGC
NGC 5914B,NGC 5914B,229.688792,41.890806,15.31,G,NGC
NGC 5915,NGC 5915,230.387833,-13.091750,12.41,G,NGC
NGC 5916,NGC 5916,230.408000,-13.169278,13.48,G,NGC
NGC 5916A,NGC 5916A,230.307667,-13.100611,14.56,G,NGC
NGC 5917,NGC 5917,230.385708,-7.377167,13.81,G,NGC
NGC 5918,NGC 5918,229.855250,45.880250,13.91,G,NGC
NGC 5919,NGC 5919,230.403667,7.719306,14.44,G,NGC
NGC 5920,NGC 5920,230.466042,7.708806,13.77,G,NGC
NGC 5921,NGC 5921,230.485667,5.070528,11.02,G,NGC
NGC 5922,NGC 5922,230.309333,41.725944,0.00,Dup,NGC
NGC 5923,NGC 5923,230.309333,41.725944,13.13,G,NGC
NGC 5924,NGC 5924,230.508250,31.233083,15.34,G,NGC
NGC 5925,NGC 5925,231.861750,-54.528778,8.40,OCl,NGC
NGC 5926,NGC 5926,230.853750,12.715278,14.71,G,NGC
NGC 5927,NGC 5927,232.001792,-50.672778,8.86,GCl,NGC
NGC 5928,NGC 5928,231.512000,18.073639,13.68,G,NGC
NGC 5929,NGC 5929,231.525667,41.670667,14.00,G,NGC
NGC 5930,NGC 5930,231.533083,41.676056,12.53,G,NGC
NGC 5931,NGC 5931,232.373458,7.573250,14.49,G,NGC
NGC 5932,NGC 5932,231.700875,48.614972,14.82,G,NGC
NGC 5933,NGC 5933,231.756542,48.613306,15.60,G,NGC
NGC 5934,NGC 5934,232.053250,42.929917,14.44,G,NGC
NGC 5935,NGC 5935,232.069625,42.944111,14.85,G,NGC
NGC 5936,NGC 5936,232.503458,12.989333,12.46,G,NGC
NGC 5937,NGC 5937,232.692208,-2.829500,13.08,G,NGC
NGC 5938,NGC 5938,234.109458,-66.859750,11.49,G,NGC
NGC 5939,NGC 5939,231.191792,68.730639,13.66,G,NGC
NGC 5940,NGC 5940,232.825292,7.457750,14.90,G,NGC
NGC 5941,NGC 5941,232.917667,7.339000,14.91,G,NGC
NGC 5942,NGC 5942,232.903417,7.312417,15.27,G,NGC
NGC 5943,NGC 5943,232.433833,42.777972,14.45,G,NGC
NGC 5944,NGC 5944,232.948333,7.308139,15.87,G,NGC
NGC 5945,NGC 5945,232.437583,42.918667,14.16,G,NGC
NGC 5946,NGC 5946,233.869042,-50.659722,10.72,GCl,NGC
NGC 5947,NGC 5947,232.652500,42.717139,14.58,G,NGC
NGC 5948,NGC 5948,233.244333,3.982833,0.00,**,NGC
NGC 5949,NGC 5949,232.002792,64.763194,12.75,G,NGC
NGC 5950,NGC 5950,232.878292,40.430028,14.55,G,NGC
NGC 5951,NGC 5951,233.429417,15.007278,13.67,G,NGC
NGC 5952,NGC 5952,233.735167,4.958833,15.77,G,NGC
NGC 5953,NGC 5953,233.634917,15.193778,12.45,G,NGC
NGC 5954,NGC 5954,233.645917,15.200056,12.81,G,NGC
NGC 5955,NGC 5955,233.802000,5.063000,15.24,G,NGC
NGC 5956,NGC 5956,233.743917,11.750278,13.27,G,NGC
NGC 5957,NGC 5957,233.846708,12.047611,12.25,G,NGC
NGC 5958,NGC 5958,233.704792,28.655250,13.25,G,NGC
NGC 5959,NGC 5959,234.343458,-16.595778,14.79,G,NGC
NGC 5960,NGC 5960,234.076792,5.665361,14.88,G,NGC
NGC 5961,NGC 5961,233.818000,30.864167,13.78,G,NGC
NGC 5962,NGC 5962,234.132000,16.607778,11.50,G,NGC
NGC 5963,NGC 5963,233.366083,56.559694,12.12,G,NGC
NGC 5964,NGC 5964,234.400917,5.974028,11.82,G,NGC
NGC 5965,NGC 5965,233.510250,56.685611,11.78,G,NGC
NGC 5966,NGC 5966,233.967250,39.768944,12.22,G,NGC
NGC 5967,NGC 5967,237.066375,-75.672944,12.20,G,NGC
NGC 5967A,NGC 5967A,236.744667,-75.787444,14.15,G,NGC
NGC 5968,NGC 5968,234.988208,-30.552778,12.23,G,NGC
NGC 5969,NGC 5969,233.712583,56.451083,15.15,G,NGC
NGC 5970,NGC 5970,234.624875,12.186611,11.61,G,NGC
NGC 5971,NGC 5971,233.903708,56.461694,14.72,G,NGC
NGC 5972,NGC 5972,234.725708,17.026194,14.27,G,NGC
NGC 5973,NGC 5973,235.064458,-8.600944,15.16,G,NGC
NGC 5974,NGC 5974,234.760083,31.759917,14.16,G,NGC
NGC 5975,NGC 5975,234.991542,21.470806,14.56,G,NGC
NGC 5976,NGC 5976,234.199875,59.397750,14.77,G,NGC
NGC 5977,NGC 5977,235.139375,17.127972,15.24,G,NGC
NGC 5978,NGC 5978,235.613417,-13.234444,15.55,G,NGC
NGC 5979,NGC 5979,236.921083,-61.217861,11.50,PN,NGC
NGC 5980,NGC 5980,235.376667,15.787667,13.21,G,NGC
NGC 5981,NGC 5981,234.472708,59.391750,12.93,G,NGC
NGC 5982,NGC 5982,234.665958,59.355833,11.07,G,NGC
NGC 5983,NGC 5983,235.690125,8.241111,15.03,G,NGC
NGC 5984,NGC 5984,235.721542,14.231472,13.28,G,NGC
NGC 5985,NGC 5985,234.904542,59.331944,11.81,G,NGC
NGC 5986,NGC 5986,236.514333,-37.786139,6.92,GCl,NGC
NGC 5987,NGC 5987,234.989042,58.079528,11.72,G,NGC
NGC 5988,NGC 5988,236.141083,10.293139,15.01,G,NGC
NGC 5989,NGC 5989,235.386667,59.755222,13.56,G,NGC
NGC 5990,NGC 5990,236.568167,2.415417,13.30,G,NGC
NGC 5991,NGC 5991,236.319917,24.630528,14.42,G,NGC
NGC 5992,NGC 5992,236.089625,41.086361,13.97,G,NGC
NGC 5993,NGC 5993,236.115083,41.120806,13.51,G,NGC
NGC 5994,NGC 5994,236.721917,17.872611,15.60,G,NGC
NGC 5995,NGC 5995,237.103958,-13.757778,13.69,G,NGC
NGC 5996,NGC 5996,236.745333,17.884194,12.79,G,NGC
NGC 5997,NGC 5997,236.865292,8.321194,15.61,G,NGC
NGC 5998,NGC 5998,237.409208,-28.578222,0.00,OCl,NGC
NGC 5999,NGC 5999,238.035958,-56.472806,9.00,OCl,NGC
NGC 6000,NGC 6000,237.456458,-29.386833,13.00,G,NGC
NGC 6001,NGC 6001,236.941500,28.641694,14.26,G,NGC
NGC 6002,NGC 6002,236.934958,28.609694,0.00,*,NGC
NGC 6003,NGC 6003,237.356833,19.032083,13.36,G,NGC
NGC 6004,NGC 6004,237.594667,18.939278,13.37,G,NGC
NGC 6005,NGC 6005,238.952917,-57.437389,10.70,OCl,NGC
NGC 6006,NGC 6006,238.260708,12.005361,15.51,G,NGC
NGC 6007,NGC 6007,238.346583,11.959194,13.20,G,NGC
NGC 6008,NGC 6008,238.233458,21.100500,14.09,G,NGC
NGC 6009,NGC 6009,238.350333,12.058667,15.63,G,NGC
NGC 6010,NGC 6010,238.579792,0.543056,13.17,G,NGC
NGC 6011,NGC 6011,236.637042,72.169222,14.40,G,NGC
NGC 6012,NGC 6012,238.558083,14.601250,11.96,G,NGC
NGC 6013,NGC 6013,238.220167,40.646722,13.63,G,NGC
NGC 6014,NGC 6014,238.989167,5.931889,13.71,G,NGC
NGC 6015,NGC 6015,237.855125,62.310028,11.17,G,NGC
NGC 6016,NGC 6016,238.978625,26.966500,15.00,G,NGC
NGC 6017,NGC 6017,239.314333,5.998389,13.80,G,NGC
NGC 6018,NGC 6018,239.374042,15.872611,13.44,G,NGC
NGC 6019,NGC 6019,238.038083,64.840667,15.72,G,NGC
NGC 6020,NGC 6020,239.283917,22.404583,12.73,G,NGC
NGC 6021,NGC 6021,239.377875,15.956056,13.03,G,NGC
NGC 6022,NGC 6022,239.449042,16.282306,14.72,G,NGC
NGC 6023,NGC 6023,239.456750,16.310194,13.13,G,NGC
NGC 6024,NGC 6024,238.282792,64.918056,15.02,G,NGC
NGC 6025,NGC 6025,240.824125,-60.431361,5.10,OCl,NGC
NGC 6026,NGC 6026,240.337125,-34.544222,12.90,PN,NGC
NGC 6027,NGC 6027,239.802250,20.763361,15.28,G,NGC
NGC 6027A,NGC 6027A,239.796417,20.754861,14.79,G,NGC
NGC 6027B,NGC 6027B,239.795125,20.762194,15.23,G,NGC
NGC 6027C,NGC 6027C,239.799458,20.747611,16.58,G,NGC
NGC 6027D,NGC 6027D,239.803750,20.759917,16.45,G,NGC
NGC 6027E,NGC 6027E,239.810333,20.765917,14.39,G,NGC
NGC 6028,NGC 6028,240.370667,19.359889,13.48,G,NGC
NGC 6029,NGC 6029,240.495292,12.574000,15.75,G,NGC
NGC 6030,NGC 6030,240.464250,17.957500,12.93,G,NGC
NGC 6031,NGC 6031,241.897417,-54.014944,8.50,OCl,NGC
NGC 6032,NGC 6032,240.754667,20.955944,13.56,G,NGC
NGC 6033,NGC 6033,241.116583,-2.120972,14.93,G,NGC
NGC 6034,NGC 6034,240.883667,17.198694,13.53,G,NGC
NGC 6035,NGC 6035,240.850750,20.891250,13.50,G,NGC
NGC 6036,NGC 6036,241.128125,3.868472,13.87,G,NGC
NGC 6037,NGC 6037,241.124583,3.815139,15.34,G,NGC
NGC 6038,NGC 6038,240.668958,37.359500,14.32,G,NGC
NGC 6039,NGC 6039,241.164875,17.700861,14.10,G,NGC
NGC 6040,NGC 6040,241.110958,17.745139,14.60,GPair,NGC
NGC 6041,NGC 6041,241.147000,17.719250,14.90,GPair,NGC
NGC 6042,NGC 6042,241.164875,17.700861,0.00,Dup,NGC
NGC 6043,NGC 6043,241.255000,17.773889,15.40,GPair,NGC
NGC 6044,NGC 6044,241.248667,17.870361,14.30,G,NGC
NGC 6045,NGC 6045,241.282875,17.757667,13.97,G,NGC
NGC 6046,NGC 6046,240.370667,19.359889,0.00,Dup,NGC
NGC 6047,NGC 6047,241.287458,17.729889,13.49,G,NGC
NGC 6048,NGC 6048,239.376042,70.689111,13.54,G,NGC
NGC 6049,NGC 6049,241.408042,8.096250,6.27,*,NGC
NGC 6050,NGC 6050,241.347375,17.757167,14.71,G,NGC
NGC 6050B,NGC 6050B,241.342583,17.754194,15.43,G,NGC
NGC 6051,NGC 6051,241.236125,23.932694,13.02,G,NGC
NGC 6052,NGC 6052,241.304125,20.542361,0.00,GPair,NGC
NGC 6053,NGC 6053,241.385667,18.159583,0.00,Dup,NGC
NGC 6054,NGC 6054,241.408958,17.767889,14.18,G,NGC
NGC 6055,NGC 6055,241.415208,18.164361,14.62,G,NGC
NGC 6056,NGC 6056,241.380333,17.963639,13.89,G,NGC
NGC 6057,NGC 6057,241.385667,18.159583,13.84,G,NGC
NGC 6058,NGC 6058,241.110583,40.683056,12.90,PN,NGC
NGC 6059,NGC 6059,241.700000,-6.393056,0.00,**,NGC
NGC 6060,NGC 6060,241.466583,21.484972,14.08,G,NGC
NGC 6061,NGC 6061,241.566792,18.249944,13.64,G,NGC
NGC 6062,NGC 6062,241.595083,19.777972,13.70,G,NGC
NGC 6062B,NGC 6062B,241.579042,19.763250,16.19,G,NGC
NGC 6063,NGC 6063,241.804125,7.979000,13.95,G,NGC
NGC 6064,NGC 6064,241.304125,20.542361,0.00,Dup,NGC
NGC 6065,NGC 6065,241.845667,13.887917,14.86,G,NGC
NGC 6066,NGC 6066,241.897292,13.943722,15.05,G,NGC
NGC 6067,NGC 6067,243.296042,-54.218944,5.60,OCl,NGC
NGC 6068,NGC 6068,238.858292,78.996778,12.34,G,NGC
NGC 6068A,NGC 6068A,238.697958,78.985111,14.10,G,NGC
NGC 6069,NGC 6069,241.923500,38.930750,15.06,G,NGC
NGC 6070,NGC 6070,242.494542,0.709306,11.75,G,NGC
NGC 6071,NGC 6071,240.529292,70.417028,14.72,G,NGC
NGC 6072,NGC 6072,243.242500,-36.230000,11.70,PN,NGC
NGC 6073,NGC 6073,242.545208,16.699611,13.55,G,NGC
NGC 6074,NGC 6074,242.820833,14.256944,0.00,GPair,NGC
NGC 6075,NGC 6075,242.844125,23.965000,14.95,G,NGC
NGC 6076,NGC 6076,242.805833,26.872500,0.00,GPair,NGC
NGC 6077,NGC 6077,242.808833,26.923417,14.84,G,NGC
NGC 6078,NGC 6078,243.022708,14.208778,14.43,G,NGC
NGC 6079,NGC 6079,241.121708,69.665778,13.86,G,NGC
NGC 6080,NGC 6080,243.245833,2.179167,0.00,GPair,NGC
NGC 6081,NGC 6081,243.236917,9.867111,14.33,G,NGC
NGC 6082,NGC 6082,243.864833,-34.232750,0.00,Other,NGC
NGC 6083,NGC 6083,243.302750,14.185417,15.44,G,NGC
NGC 6084,NGC 6084,243.569667,17.757444,13.89,G,NGC
NGC 6085,NGC 6085,243.146750,29.365083,14.48,G,NGC
NGC 6086,NGC 6086,243.148042,29.484778,12.80,G,NGC
NGC 6087,S Nor Cluster,244.710750,-57.934583,5.40,OCl,NGC
NGC 6088,NGC 6088,242.681250,57.464167,0.00,GPair,NGC
NGC 6089,NGC 6089,243.169583,33.036389,0.00,GPair,NGC
NGC 6090,NGC 6090,242.919583,52.456667,0.00,GPair,NGC
NGC 6091,NGC 6091,241.970792,69.904778,14.77,G,NGC
NGC 6092,NGC 6092,243.519167,28.125611,0.00,**,NGC
NGC 6093,NGC 6093,244.260458,-22.975111,7.30,GCl,NGC
NGC 6094,NGC 6094,241.641250,72.494389,14.42,G,NGC
NGC 6095,NGC 6095,242.795708,61.267972,12.65,G,NGC
NGC 6096,NGC 6096,243.694583,26.558833,15.40,G,NGC
NGC 6097,NGC 6097,243.609042,35.109167,14.65,G,NGC
NGC 6098,NGC 6098,243.892417,19.461972,14.41,G,NGC
NGC 6099,NGC 6099,243.898167,19.453389,14.94,G,NGC
NGC 6100,NGC 6100,244.218208,0.841306,14.62,G,NGC
NGC 6101,NGC 6101,246.452375,-72.201556,10.08,GCl,NGC
NGC 6102,NGC 6102,243.903833,28.158583,15.30,G,NGC
NGC 6103,NGC 6103,243.935917,31.963944,14.44,G,NGC
NGC 6104,NGC 6104,244.127875,35.708056,13.62,G,NGC
NGC 6105,NGC 6105,244.288792,34.878889,15.47,G,NGC
NGC 6106,NGC 6106,244.696542,7.410889,12.20,G,NGC
NGC 6107,NGC 6107,244.333875,34.901944,13.76,G,NGC
NGC 6108,NGC 6108,244.356792,35.135722,15.05,G,NGC
NGC 6109,NGC 6109,244.418833,35.004278,12.81,G,NGC
NGC 6110,NGC 6110,244.433208,35.086972,15.57,G,NGC
NGC 6111,NGC 6111,243.595000,63.261111,15.20,GPair,NGC
NGC 6112,NGC 6112,244.502333,35.110278,14.87,G,NGC
NGC 6113,NGC 6113,244.793917,14.133639,14.60,G,NGC
NGC 6114,NGC 6114,244.598458,35.174306,15.10,G,NGC
NGC 6115,NGC 6115,246.109917,-51.948250,9.80,OCl,NGC
NGC 6116,NGC 6116,244.727500,35.153972,15.08,G,NGC
NGC 6117,NGC 6117,244.825667,37.095222,14.57,G,NGC
NGC 6118,NGC 6118,245.452583,-2.283444,11.71,G,NGC
NGC 6119,NGC 6119,244.924875,37.806306,15.39,G,NGC
NGC 6120,NGC 6120,244.950417,37.774472,14.31,G,NGC
NGC 6121,NGC 6121,245.897500,-26.525528,5.40,GCl,NGC
NGC 6122,NGC 6122,245.039708,37.798222,15.54,G,NGC
NGC 6123,NGC 6123,244.332250,61.939111,14.36,G,NGC
NGC 6124,NGC 6124,246.333583,-40.653694,5.80,OCl,NGC
NGC 6125,NGC 6125,244.798125,57.984222,12.00,G,NGC
NGC 6126,NGC 6126,245.366375,36.376639,13.62,G,NGC
NGC 6127,NGC 6127,244.798125,57.984222,0.00,Dup,NGC
NGC 6128,NGC 6128,244.798125,57.984222,0.00,Dup,NGC
NGC 6129,NGC 6129,245.430292,37.996028,14.69,G,NGC
NGC 6130,NGC 6130,244.889333,57.614972,14.25,G,NGC
NGC 6131,NGC 6131,245.467708,38.932444,13.28,G,NGC
NGC 6132,NGC 6132,245.911833,11.786250,14.71,G,NGC
NGC 6133,NGC 6133,245.071708,56.652417,0.00,Other,NGC
NGC 6134,NGC 6134,246.943750,-49.151167,7.20,OCl,NGC
NGC 6135,NGC 6135,243.603667,64.982750,14.71,G,NGC
NGC 6136,NGC 6136,245.247583,55.970500,15.37,G,NGC
NGC 6137,NGC 6137,245.762917,37.922361,12.45,G,NGC
NGC 6138,NGC 6138,260.666750,41.101694,0.00,Dup,NGC
NGC 6139,NGC 6139,246.918792,-38.849750,9.68,GCl,NGC
NGC 6140,NGC 6140,245.242333,65.390556,11.66,G,NGC
NGC 6141,NGC 6141,245.776708,40.858306,15.59,G,NGC
NGC 6142,NGC 6142,245.837792,37.258389,14.65,G,NGC
NGC 6143,NGC 6143,245.426208,55.086056,13.92,G,NGC
NGC 6144,NGC 6144,246.808917,-26.024722,9.63,GCl,NGC
NGC 6145,NGC 6145,246.259833,40.946639,14.89,G,NGC
NGC 6146,NGC 6146,246.293167,40.892861,12.52,G,NGC
NGC 6147,NGC 6147,246.274333,40.928778,15.44,G,NGC
NGC 6148,NGC 6148,246.766792,24.093278,16.75,G,NGC
NGC 6149,NGC 6149,246.850958,19.597194,14.55,G,NGC
NGC 6150,NGC 6150,246.458458,40.488556,14.48,G,NGC
NGC 6151,NGC 6151,249.600917,-73.252444,0.00,Other,NGC
NGC 6152,NGC 6152,248.190083,-52.644000,8.10,OCl,NGC
NGC 6153,NGC 6153,247.877667,-40.253444,10.90,PN,NGC
NGC 6154,NGC 6154,246.377000,49.840250,13.87,G,NGC
NGC 6155,NGC 6155,246.534750,48.366806,13.06,G,NGC
NGC 6156,NGC 6156,248.718958,-60.618806,11.98,G,NGC
NGC 6157,NGC 6157,246.451625,55.360583,15.35,G,NGC
NGC 6158,NGC 6158,246.920375,39.383000,13.69,G,NGC
NGC 6159,NGC 6159,246.855125,42.679722,14.30,G,NGC
NGC 6160,NGC 6160,246.921375,40.927000,14.23,G,NGC
NGC 6161,NGC 6161,247.085958,32.810639,15.62,G,NGC
NGC 6162,NGC 6162,247.093208,32.849333,14.63,G,NGC
NGC 6163,NGC 6163,247.116292,32.846389,15.26,G,NGC
NGC 6164,NGC 6164,248.424333,-48.080056,6.71,Neb,NGC
NGC 6165,NGC 6165,248.514375,-48.150500,6.71,Neb,NGC
NGC 6166,NGC 6166,247.160333,39.551556,11.91,G,NGC
NGC 6166B,NGC 6166B,247.221708,39.560000,15.72,G,NGC
NGC 6166C,NGC 6166C,247.097125,39.570306,15.22,G,NGC
NGC 6167,NGC 6167,248.645750,-49.771889,6.70,OCl,NGC
NGC 6168,NGC 6168,247.838750,20.184944,14.61,G,NGC
NGC 6169,NGC 6169,248.519292,-44.045639,6.60,OCl,NGC
NGC 6170,NGC 6170,246.902083,59.562500,14.84,G,NGC
NGC 6171,NGC 6171,248.133000,-13.053639,8.85,GCl,NGC
NGC 6172,NGC 6172,245.542917,-1.514861,14.15,G,NGC
NGC 6173,NGC 6173,247.437083,40.811611,12.14,G,NGC
NGC 6174,NGC 6174,247.448667,40.871972,0.00,GPair,NGC
NGC 6175,NGC 6175,247.491250,40.629167,0.00,GPair,NGC
NGC 6176,NGC 6176,246.902083,59.562500,0.00,Dup,NGC
NGC 6177,NGC 6177,247.662000,35.056444,14.61,G,NGC
NGC 6178,NGC 6178,248.946875,-45.643750,7.20,OCl,NGC
NGC 6179,NGC 6179,247.696042,35.102250,15.97,G,NGC
NGC 6180,NGC 6180,247.641333,40.539444,14.72,G,NGC
NGC 6181,NGC 6181,248.087333,19.826556,11.82,G,NGC
NGC 6182,NGC 6182,247.391667,55.517778,14.46,G,NGC
NGC 6183,NGC 6183,250.424583,-69.372167,14.09,G,NGC
NGC 6184,NGC 6184,247.893875,40.565611,14.91,G,NGC
NGC 6185,NGC 6185,248.324292,35.342333,14.42,G,NGC
NGC 6186,NGC 6186,248.606167,21.540889,14.23,G,NGC
NGC 6187,NGC 6187,247.902917,57.706667,15.34,G,NGC
NGC 6188,Rim Nebula,250.024333,-48.662278,0.00,Neb,NGC
NGC 6189,NGC 6189,247.920417,59.626111,13.22,G,NGC
NGC 6190,NGC 6190,248.027917,58.438972,13.12,G,NGC
NGC 6191,NGC 6191,242.877042,58.785833,14.85,G,NGC
NGC 6192,NGC 6192,250.099458,-43.366806,8.50,OCl,NGC
NGC 6193,NGC 6193,250.334292,-48.762528,0.00,OCl,NGC
NGC 6194,NGC 6194,249.154792,36.200444,14.41,G,NGC
NGC 6195,NGC 6195,249.135708,39.027889,13.22,G,NGC
NGC 6196,NGC 6196,249.474667,36.073056,12.91,G,NGC
NGC 6197,NGC 6197,249.499500,35.995500,15.20,G,NGC
NGC 6198,NGC 6198,248.877708,57.486778,14.97,G,NGC
NGC 6199,NGC 6199,249.870708,36.058972,15.00,*,NGC
NGC 6200,NGC 6200,251.030625,-47.462667,7.40,OCl,NGC
NGC 6201,NGC 6201,250.060042,23.765333,15.30,G,NGC
NGC 6202,NGC 6202,250.846792,61.983944,13.77,G,NGC
NGC 6203,NGC 6203,250.114208,23.774833,15.29,G,NGC
NGC 6204,NGC 6204,251.539583,-47.016972,8.20,OCl,NGC
NGC 6205,Hercules Globular Cluster,250.423458,36.461306,5.80,GCl,NGC
NGC 6206,NGC 6206,250.032917,58.617361,14.49,G,NGC
NGC 6207,NGC 6207,250.765625,36.832417,11.64,G,NGC
NGC 6208,NGC 6208,252.367458,-53.728333,7.20,OCl,NGC
NGC 6209,NGC 6209,253.740250,-72.586639,13.16,G,NGC
NGC 6210,NGC 6210,251.123000,23.799833,9.65,PN,NGC
NGC 6211,NGC 6211,250.365167,57.783639,14.30,G,NGC
NGC 6212,NGC 6212,250.846417,39.806444,15.00,G,NGC
NGC 6213,NGC 6213,250.404958,57.814861,15.66,G,NGC
NGC 6214,NGC 6214,249.883042,66.039528,14.25,G,NGC
NGC 6215,NGC 6215,252.778375,-58.993472,11.16,G,NGC
NGC 6215A,NGC 6215A,253.247708,-58.948000,14.24,G,NGC
NGC 6216,NGC 6216,252.348375,-44.731528,10.10,OCl,NGC
NGC 6217,NGC 6217,248.163333,78.198167,12.82,G,NGC
NGC 6218,NGC 6218,251.810500,-1.947833,6.07,GCl,NGC
NGC 6219,NGC 6219,251.593792,9.037861,15.14,G,NGC
NGC 6220,NGC 6220,251.805333,-0.275472,15.20,G,NGC
NGC 6221,NGC 6221,253.192000,-59.218611,10.54,G,NGC
NGC 6222,NGC 6222,255.189167,-44.654972,0.00,Dup,NGC
NGC 6223,NGC 6223,250.767958,61.578917,12.96,G,NGC
NGC 6224,NGC 6224,252.077250,6.312222,14.94,G,NGC
NGC 6225,NGC 6225,252.089917,6.222778,14.94,G,NGC
NGC 6226,NGC 6226,250.846792,61.983944,0.00,Dup,NGC
NGC 6227,NGC 6227,252.890500,-41.230528,5.22,*,NGC
NGC 6228,NGC 6228,252.011083,26.213556,15.35,G,NGC
NGC 6229,NGC 6229,251.745250,47.527806,9.86,GCl,NGC
NGC 6230,NGC 6230,252.686250,4.605000,0.00,GPair,NGC
NGC 6231,NGC 6231,253.545500,-41.824250,2.60,OCl,NGC
NGC 6232,NGC 6232,250.834333,70.632528,13.42,G,NGC
NGC 6233,NGC 6233,252.565417,23.579833,14.61,G,NGC
NGC 6234,NGC 6234,252.988917,4.383528,15.33,G,NGC
NGC 6235,NGC 6235,253.355667,-22.177444,7.20,GCl,NGC
NGC 6236,NGC 6236,251.144375,70.780222,13.93,G,NGC
NGC 6237,NGC 6237,251.031417,70.634806,0.00,Other,NGC
NGC 6238,NGC 6238,251.819292,62.147028,14.47,G,NGC
NGC 6239,NGC 6239,252.520750,42.739694,12.40,G,NGC
NGC 6240,NGC 6240,253.245292,2.400917,13.27,G,NGC
NGC 6241,NGC 6241,252.545625,45.420611,14.80,G,NGC
NGC 6242,NGC 6242,253.889333,-39.460944,6.40,OCl,NGC
NGC 6243,NGC 6243,253.109542,23.332583,14.85,G,NGC
NGC 6244,NGC 6244,252.016292,62.200444,14.21,G,NGC
NGC 6245,NGC 6245,251.343667,70.804583,0.00,Other,NGC
NGC 6246,NGC 6246,252.469667,55.542056,13.63,G,NGC
NGC 6246A,NGC 6246A,252.558250,55.384611,12.49,G,NGC
NGC 6247,NGC 6247,252.084333,62.976417,13.81,G,NGC
NGC 6248,NGC 6248,251.591625,70.358806,14.03,G,NGC
NGC 6249,NGC 6249,254.422917,-44.811889,8.20,OCl,NGC
NGC 6250,NGC 6250,254.483625,-45.936639,5.90,Cl+N,NGC
NGC 6251,NGC 6251,248.133208,82.537889,14.00,G,NGC
NGC 6252,NGC 6252,248.169042,82.576778,15.27,G,NGC
NGC 6253,NGC 6253,254.771375,-52.708806,10.20,OCl,NGC
NGC 6254,NGC 6254,254.287458,-4.099333,4.98,GCl,NGC
NGC 6255,NGC 6255,253.699792,36.501111,12.87,G,NGC
NGC 6256,NGC 6256,254.886208,-37.121417,0.00,GCl,NGC
NGC 6257,NGC 6257,254.014625,39.645500,15.61,G,NGC
NGC 6258,NGC 6258,253.124125,60.514528,14.48,G,NGC
NGC 6259,NGC 6259,255.189167,-44.654972,8.00,OCl,NGC
NGC 6260,NGC 6260,252.960875,63.714583,14.66,G,NGC
NGC 6261,NGC 6261,254.127167,27.977500,15.15,G,NGC
NGC 6262,NGC 6262,254.678333,57.098389,14.55,G,NGC
NGC 6263,NGC 6263,254.180000,27.822083,14.74,G,NGC
NGC 6264,NGC 6264,254.317208,27.849611,15.40,G,NGC
NGC 6265,NGC 6265,254.371250,27.844222,15.21,G,NGC
NGC 6266,NGC 6266,255.302500,-30.112361,7.39,GCl,NGC
NGC 6267,NGC 6267,254.536083,22.985111,13.93,G,NGC
NGC 6268,NGC 6268,255.543292,-39.728222,9.50,OCl,NGC
NGC 6269,NGC 6269,254.492042,27.854333,12.31,G,NGC
NGC 6270,NGC 6270,254.683542,27.859111,15.55,G,NGC
NGC 6271,NGC 6271,254.711542,27.964639,15.65,G,NGC
NGC 6272,NGC 6272,254.742750,27.930917,15.49,G,NGC
NGC 6273,NGC 6273,255.657000,-26.267944,5.57,GCl,NGC
NGC 6274,NGC 6274,254.837167,29.943833,0.00,GPair,NGC
NGC 6275,NGC 6275,253.889042,63.242194,17.37,G,NGC
NGC 6276,NGC 6276,255.187875,23.044000,15.08,G,NGC
NGC 6277,NGC 6277,255.203708,23.039361,0.00,*,NGC
NGC 6278,NGC 6278,255.209708,23.011028,13.75,G,NGC
NGC 6279,NGC 6279,254.755958,47.237167,14.78,G,NGC
NGC 6280,NGC 6280,255.489542,6.665750,15.50,GPair,NGC
NGC 6281,NGC 6281,256.172083,-37.985222,5.40,OCl,NGC
NGC 6282,NGC 6282,255.196292,29.820611,15.15,G,NGC
NGC 6283,NGC 6283,254.860708,49.921972,13.64,G,NGC
NGC 6284,NGC 6284,256.119792,-24.764333,7.43,GCl,NGC
NGC 6285,NGC 6285,254.600042,58.955972,14.50,G,NGC
NGC 6286,NGC 6286,254.630750,58.936250,14.13,G,NGC
NGC 6287,NGC 6287,256.288917,-22.708000,10.30,GCl,NGC
NGC 6288,NGC 6288,254.351875,68.457028,15.24,G,NGC
NGC 6289,NGC 6289,254.437458,68.514722,15.40,G,NGC
NGC 6290,NGC 6290,255.235125,58.970500,13.56,G,NGC
NGC 6291,NGC 6291,255.233000,58.937556,14.78,G,NGC
NGC 6292,NGC 6292,255.764458,61.043889,14.32,G,NGC
NGC 6293,NGC 6293,257.543375,-26.581750,9.02,GCl,NGC
NGC 6294,NGC 6294,257.567625,-26.574556,0.00,**,NGC
NGC 6295,NGC 6295,255.813958,60.337750,15.38,G,NGC
NGC 6296,NGC 6296,257.185292,3.894083,14.16,G,NGC
NGC 6297,NGC 6297,255.902292,62.025611,14.42,G,NGC
NGC 6298,NGC 6298,255.902292,62.025611,0.00,Dup,NGC
NGC 6299,NGC 6299,256.268375,62.457833,14.90,G,NGC
NGC 6300,NGC 6300,259.247792,-62.820556,10.27,G,NGC
NGC 6301,NGC 6301,257.136417,42.339111,14.50,G,NGC
NGC 6302,Bug Nebula,258.435958,-37.103139,9.60,PN,NGC
NGC 6303,NGC 6303,256.261542,68.827583,15.02,G,NGC
NGC 6304,NGC 6304,258.635458,-29.462278,9.03,GCl,NGC
NGC 6305,NGC 6305,259.503833,-59.172083,12.15,G,NGC
NGC 6306,NGC 6306,256.904083,60.728889,13.86,G,NGC
NGC 6307,NGC 6307,256.918625,60.750778,13.61,G,NGC
NGC 6308,NGC 6308,257.998792,23.379944,14.24,G,NGC
NGC 6309,Box Nebula,258.517917,-12.910556,11.50,PN,NGC
NGC 6310,NGC 6310,256.989458,60.990167,13.79,G,NGC
NGC 6311,NGC 6311,257.681542,41.651111,14.57,G,NGC
NGC 6312,NGC 6312,257.700667,42.287694,14.98,G,NGC
NGC 6313,NGC 6313,257.586667,48.331750,14.72,G,NGC
NGC 6314,NGC 6314,258.161292,23.270056,13.10,G,NGC
NGC 6315,NGC 6315,258.192292,23.223556,13.31,G,NGC
NGC 6316,NGC 6316,259.155875,-28.140028,9.03,GCl,NGC
NGC 6317,NGC 6317,257.247958,62.898000,15.01,G,NGC
NGC 6318,NGC 6318,259.048292,-39.424972,11.80,OCl,NGC
NGC 6319,NGC 6319,257.433667,62.973056,14.33,G,NGC
NGC 6320,NGC 6320,258.232250,40.266500,14.83,G,NGC
NGC 6321,NGC 6321,258.600917,20.313917,14.45,G,NGC
NGC 6322,NGC 6322,259.607458,-42.934028,6.00,OCl,NGC
NGC 6323,NGC 6323,258.325333,43.782444,14.73,G,NGC
NGC 6324,NGC 6324,256.355500,75.407028,13.45,G,NGC
NGC 6325,NGC 6325,259.496958,-23.766028,11.49,GCl,NGC
NGC 6326,NGC 6326,260.193167,-51.754389,12.20,PN,NGC
NGC 6327,NGC 6327,258.509542,43.649472,15.72,G,NGC
NGC 6328,NGC 6328,260.920958,-65.010167,15.50,G,NGC
NGC 6329,NGC 6329,258.562625,43.684694,14.22,G,NGC
NGC 6330,NGC 6330,258.935083,29.404306,15.16,G,NGC
NGC 6331,NGC 6331,255.899875,78.629000,15.20,G,NGC
NGC 6332,NGC 6332,258.762083,43.660194,14.51,G,NGC
NGC 6333,NGC 6333,259.799083,-18.516250,8.42,GCl,NGC
NGC 6334,NGC 6334,260.207083,-36.102722,0.00,SNR,NGC
NGC 6335,NGC 6335,259.883000,-30.164167,0.00,*Ass,NGC
NGC 6336,NGC 6336,259.069042,43.820472,14.45,G,NGC
NGC 6337,NGC 6337,260.565042,-38.483722,12.30,PN,NGC
NGC 6338,NGC 6338,258.845792,57.411194,12.42,G,NGC
NGC 6339,NGC 6339,259.277083,40.844972,13.76,G,NGC
NGC 6340,NGC 6340,257.603542,72.304444,11.11,G,NGC
NGC 6341,NGC 6341,259.280292,43.136528,6.52,GCl,NGC
NGC 6342,NGC 6342,260.292250,-19.587417,10.01,GCl,NGC
NGC 6343,NGC 6343,259.317792,41.052722,14.51,G,NGC
NGC 6344,NGC 6344,259.325625,42.434194,0.00,**,NGC
NGC 6345,NGC 6345,258.851167,57.350306,15.12,G,NGC
NGC 6346,NGC 6346,258.852042,57.322528,14.97,G,NGC
NGC 6347,NGC 6347,259.977792,16.660694,13.45,G,NGC
NGC 6348,NGC 6348,259.588292,41.647611,15.31,G,NGC
NGC 6349,NGC 6349,259.777292,36.060917,15.20,G,NGC
NGC 6350,NGC 6350,259.676042,41.694333,14.23,G,NGC
NGC 6351,NGC 6351,259.797500,36.060556,0.00,GPair,NGC
NGC 6352,NGC 6352,261.371500,-48.422694,8.87,GCl,NGC
NGC 6353,NGC 6353,260.301958,15.688556,0.00,Other,NGC
NGC 6354,NGC 6354,261.142833,-38.541611,0.00,Other,NGC
NGC 6355,NGC 6355,260.994375,-26.353417,11.05,GCl,NGC
NGC 6356,NGC 6356,260.895792,-17.813028,7.42,GCl,NGC
NGC 6357,the War and Peace Nebula,261.181542,-34.201333,0.00,Cl+N,NGC
NGC 6358,NGC 6358,259.720875,52.615278,15.05,G,NGC
NGC 6359,NGC 6359,259.470792,61.780806,12.62,G,NGC
NGC 6360,NGC 6360,261.115083,-29.871583,0.00,*Ass,NGC
NGC 6361,NGC 6361,259.671208,60.608167,13.80,G,NGC
NGC 6362,NGC 6362,262.978500,-67.047861,8.86,GCl,NGC
NGC 6363,NGC 6363,260.666750,41.101694,14.61,G,NGC
NGC 6364,NGC 6364,261.113875,29.390167,14.36,G,NGC
NGC 6365,NGC 6365,260.682083,62.170000,0.00,GPair,NGC
NGC 6365A,NGC 6365A,260.682542,62.166083,17.98,G,NGC
NGC 6365B,NGC 6365B,260.681375,62.173722,16.23,G,NGC
NGC 6366,NGC 6366,261.934708,-5.076639,0.00,GCl,NGC
NGC 6367,NGC 6367,261.287542,37.759889,14.91,G,NGC
NGC 6368,NGC 6368,261.798083,11.543611,13.55,G,NGC
NGC 6369,Little Ghost Nebula,262.335417,-23.759444,11.40,PN,NGC
NGC 6370,NGC 6370,260.854917,56.974528,14.20,G,NGC
NGC 6371,NGC 6371,261.835792,26.505056,15.12,G,NGC
NGC 6372,NGC 6372,261.882708,26.475139,12.92,G,NGC
NGC 6373,NGC 6373,261.033708,58.995083,14.56,G,NGC
NGC 6374,NGC 6374,263.677250,-32.581361,5.50,OCl,NGC
NGC 6375,NGC 6375,262.341208,16.206667,14.53,G,NGC
NGC 6376,NGC 6376,261.329917,58.817444,14.10,G,NGC
NGC 6377,NGC 6377,261.346708,58.822750,14.84,G,NGC
NGC 6378,NGC 6378,262.674917,6.282278,15.04,G,NGC
NGC 6379,NGC 6379,262.645458,16.288750,12.89,G,NGC
NGC 6380,NGC 6380,263.618417,-39.069667,0.00,GCl,NGC
NGC 6381,NGC 6381,261.820208,60.014056,13.68,G,NGC
NGC 6382,NGC 6382,261.979917,56.868722,14.87,G,NGC
NGC 6383,NGC 6383,263.677250,-32.581361,0.00,Dup,NGC
NGC 6384,NGC 6384,263.101250,7.060278,10.63,G,NGC
NGC 6385,NGC 6385,262.005875,57.521806,14.09,G,NGC
NGC 6386,NGC 6386,262.215750,52.723361,15.23,G,NGC
NGC 6387,NGC 6387,262.099292,57.545389,16.81,G,NGC
NGC 6388,NGC 6388,264.072625,-44.735611,7.40,GCl,NGC
NGC 6389,NGC 6389,263.165708,16.401778,12.10,G,NGC
NGC 6390,NGC 6390,262.117042,60.094167,14.48,G,NGC
NGC 6391,NGC 6391,262.204125,58.850889,14.85,G,NGC
NGC 6392,NGC 6392,265.876542,-69.785194,12.27,G,NGC
NGC 6393,NGC 6393,262.535208,59.531806,15.84,G,NGC
NGC 6394,NGC 6394,262.589250,59.639889,15.40,G,NGC
NGC 6395,NGC 6395,261.630292,71.096278,12.69,G,NGC
NGC 6396,NGC 6396,264.401417,-35.025861,8.50,OCl,NGC
NGC 6397,NGC 6397,265.172333,-53.673694,5.17,GCl,NGC
NGC 6398,NGC 6398,265.682250,-61.694278,13.46,G,NGC
NGC 6399,NGC 6399,262.959583,59.615528,14.60,G,NGC
NGC 6400,NGC 6400,265.053333,-36.947722,8.80,OCl,NGC
NGC 6401,NGC 6401,264.653875,-23.908778,10.71,GCl,NGC
NGC 6402,NGC 6402,264.400667,-3.245917,5.73,GCl,NGC
NGC 6403,NGC 6403,265.848167,-61.682111,14.34,G,NGC
NGC 6404,NGC 6404,264.905667,-33.246722,10.60,OCl,NGC
NGC 6405,Butterfly Cluster,265.086458,-32.254167,4.20,OCl,NGC
NGC 6406,NGC 6406,264.579375,18.833056,0.00,**,NGC
NGC 6407,NGC 6407,266.240375,-60.739806,12.99,G,NGC
NGC 6408,NGC 6408,264.697333,18.877861,14.40,G,NGC
NGC 6409,NGC 6409,264.147500,50.765889,14.60,G,NGC
NGC 6410,NGC 6410,263.835333,60.793056,0.00,**,NGC
NGC 6411,NGC 6411,263.886875,60.813389,11.86,G,NGC
NGC 6412,NGC 6412,262.406292,75.704417,11.83,G,NGC
NGC 6413,NGC 6413,265.169667,12.623944,0.00,Other,NGC
NGC 6414,NGC 6414,262.653583,74.376139,15.71,G,NGC
NGC 6415,NGC 6415,266.085625,-35.071028,0.00,*Ass,NGC
NGC 6416,NGC 6416,266.083292,-32.361000,0.00,OCl,NGC
NGC 6417,NGC 6417,265.449250,23.672194,14.32,G,NGC
NGC 6418,NGC 6418,264.538833,58.714917,14.50,G,NGC
NGC 6419,NGC 6419,264.024583,68.155778,15.26,G,NGC
NGC 6420,NGC 6420,264.067917,68.052361,15.41,G,NGC
NGC 6421,NGC 6421,266.434208,-33.692639,0.00,*Ass,NGC
NGC 6422,NGC 6422,264.125042,68.058611,14.99,G,NGC
NGC 6423,NGC 6423,264.222208,68.171472,15.60,G,NGC
NGC 6424,NGC 6424,264.050292,69.988889,14.66,G,NGC
NGC 6425,NGC 6425,266.757000,-31.529389,7.20,OCl,NGC
NGC 6426,NGC 6426,266.227958,3.170139,0.00,GCl,NGC
NGC 6427,NGC 6427,265.910792,25.493917,14.52,G,NGC
NGC 6428,NGC 6428,265.970042,25.554778,0.00,**,NGC
NGC 6429,NGC 6429,266.022292,25.350722,14.20,G,NGC
NGC 6430,NGC 6430,266.309458,18.138944,14.71,G,NGC
NGC 6431,NGC 6431,265.910792,25.493917,0.00,Dup,NGC
NGC 6432,NGC 6432,266.843375,-24.887472,0.00,Other,NGC
NGC 6433,NGC 6433,265.984208,36.800111,14.00,G,NGC
NGC 6434,NGC 6434,264.203417,72.088972,13.20,G,NGC
NGC 6435,NGC 6435,265.046167,62.641750,14.86,G,NGC
NGC 6436,NGC 6436,265.305167,60.449694,14.85,G,NGC
NGC 6437,NGC 6437,267.088000,-35.366194,0.00,*Ass,NGC
NGC 6438,NGC 6438,275.572833,-85.402056,11.61,G,NGC
NGC 6438A,NGC 6438A,275.647875,-85.406333,12.58,G,NGC
NGC 6439,NGC 6439,267.082500,-16.478889,12.60,PN,NGC
NGC 6440,NGC 6440,267.219458,-20.359583,10.10,GCl,NGC
NGC 6441,NGC 6441,267.553500,-37.051083,8.00,GCl,NGC
NGC 6442,NGC 6442,266.713917,20.761083,14.44,G,NGC
NGC 6443,NGC 6443,266.141042,48.114056,14.74,G,NGC
NGC 6444,NGC 6444,267.396583,-34.819667,0.00,OCl,NGC
NGC 6445,Little Gem,267.312750,-20.009500,11.20,PN,NGC
NGC 6446,NGC 6446,266.531292,35.569389,15.03,G,NGC
NGC 6447,NGC 6447,266.571792,35.571972,12.99,G,NGC
NGC 6448,NGC 6448,265.928333,53.546111,0.00,Other,NGC
NGC 6449,NGC 6449,265.943083,56.804139,14.56,G,NGC
NGC 6450,NGC 6450,266.884833,18.575222,0.00,Other,NGC
NGC 6451,NGC 6451,267.669333,-30.211611,8.20,OCl,NGC
NGC 6452,NGC 6452,266.993875,20.837806,15.10,G,NGC
NGC 6453,NGC 6453,267.715458,-34.599889,10.49,GCl,NGC
NGC 6454,NGC 6454,266.235875,55.704778,13.50,G,NGC
NGC 6455,NGC 6455,267.783750,-35.337806,0.00,*Ass,NGC
NGC 6456,NGC 6456,265.632708,67.592306,15.50,G,NGC
NGC 6457,NGC 6457,265.720167,66.476000,15.24,G,NGC
NGC 6458,NGC 6458,267.295875,20.804278,14.91,G,NGC
NGC 6459,NGC 6459,266.446625,55.776750,15.23,G,NGC
NGC 6460,NGC 6460,267.376500,20.763667,14.66,G,NGC
NGC 6461,NGC 6461,264.985458,74.034222,15.56,G,NGC
NGC 6462,NGC 6462,266.203583,61.910583,14.90,G,NGC
NGC 6463,NGC 6463,265.893000,67.603500,15.12,G,NGC
NGC 6464,NGC 6464,266.448042,60.897472,15.29,G,NGC
NGC 6465,NGC 6465,268.231583,-25.397694,0.00,Other,NGC
NGC 6466,NGC 6466,267.033750,51.399222,14.80,G,NGC
NGC 6467,NGC 6467,267.667333,17.537778,14.83,G,NGC
NGC 6468,NGC 6468,267.667333,17.537778,0.00,Dup,NGC
NGC 6469,NGC 6469,268.300542,-22.275111,8.20,OCl,NGC
NGC 6470,NGC 6470,266.061958,67.619389,15.14,G,NGC
NGC 6471,NGC 6471,266.065000,67.591944,0.00,GPair,NGC
NGC 6472,NGC 6472,266.012917,67.630333,16.27,G,NGC
NGC 6473,NGC 6473,266.491000,57.257111,15.26,G,NGC
NGC 6474,NGC 6474,266.773167,57.301167,14.96,G,NGC
NGC 6475,Ptolemy's Cluster,268.463250,-34.792833,3.30,OCl,NGC
NGC 6476,NGC 6476,268.508375,-29.144167,0.00,*Ass,NGC
NGC 6477,NGC 6477,266.125083,67.610583,16.65,G,NGC
NGC 6478,NGC 6478,267.159792,51.157250,14.02,G,NGC
NGC 6479,NGC 6479,267.089958,54.149000,14.45,G,NGC
NGC 6480,NGC 6480,268.608500,-30.452056,0.00,*Ass,NGC
NGC 6481,NGC 6481,268.203792,4.167833,0.00,Other,NGC
NGC 6482,NGC 6482,267.953375,23.071944,11.33,G,NGC
NGC 6483,NGC 6483,269.878375,-63.668722,11.96,G,NGC
NGC 6484,NGC 6484,267.945750,24.483472,13.35,G,NGC
NGC 6485,NGC 6485,267.969750,31.461778,14.13,G,NGC
NGC 6486,NGC 6486,268.147083,29.818000,15.04,G,NGC
NGC 6487,NGC 6487,268.174375,29.838639,11.97,G,NGC
NGC 6488,NGC 6488,267.337375,62.222917,14.81,G,NGC
NGC 6489,NGC 6489,267.505458,60.092222,16.24,G,NGC
NGC 6490,NGC 6490,268.626958,18.375833,14.73,G,NGC
NGC 6491,NGC 6491,267.502917,61.531778,14.43,G,NGC
NGC 6492,NGC 6492,270.701458,-66.430639,11.94,G,NGC
NGC 6493,NGC 6493,267.594417,61.559417,15.44,G,NGC
NGC 6494,NGC 6494,269.269875,-18.985333,5.50,OCl,NGC
NGC 6495,NGC 6495,268.711500,18.326917,13.86,G,NGC
NGC 6496,NGC 6496,269.765417,-44.266306,9.96,GCl,NGC
NGC 6497,NGC 6497,267.824875,59.470889,14.22,G,NGC
NGC 6498,NGC 6498,267.824875,59.470889,0.00,Dup,NGC
NGC 6499,NGC 6499,268.833375,18.359750,0.00,**,NGC
NGC 6500,NGC 6500,268.999083,18.338250,12.54,G,NGC
NGC 6501,NGC 6501,269.015583,18.373083,13.11,G,NGC
NGC 6502,NGC 6502,271.057167,-65.409944,13.63,G,NGC
NGC 6503,NGC 6503,267.360125,70.144361,10.12,G,NGC
NGC 6504,NGC 6504,269.023792,33.208389,13.30,G,NGC
NGC 6505,NGC 6505,267.781000,65.530778,15.28,G,NGC
NGC 6506,NGC 6506,269.972875,-24.685333,0.00,OCl,NGC
NGC 6507,NGC 6507,269.961625,-17.450278,9.60,OCl,NGC
NGC 6508,NGC 6508,267.443500,72.021111,14.03,G,NGC
NGC 6509,NGC 6509,269.855292,6.287028,13.32,G,NGC
NGC 6510,NGC 6510,268.663750,60.817917,14.26,G,NGC
NGC 6511,NGC 6511,268.663750,60.817917,0.00,Dup,NGC
NGC 6512,NGC 6512,268.709625,62.645083,14.74,G,NGC
NGC 6513,NGC 6513,269.893875,24.880528,14.64,G,NGC
NGC 6514,Trifid Nebula,270.675458,-22.971889,8.50,Neb,NGC
NGC 6515,NGC 6515,269.354958,50.728111,14.25,G,NGC
NGC 6516,NGC 6516,268.819917,62.669861,15.65,G,NGC
NGC 6517,NGC 6517,270.459958,-8.959500,11.08,GCl,NGC
NGC 6518,NGC 6518,269.932250,28.866667,14.94,G,NGC
NGC 6519,NGC 6519,270.833875,-29.804250,0.00,**,NGC
NGC 6520,NGC 6520,270.850583,-27.886111,7.60,OCl,NGC
NGC 6521,NGC 6521,268.951833,62.612250,13.90,G,NGC
NGC 6522,NGC 6522,270.891958,-30.033972,9.48,GCl,NGC
NGC 6523,Lagoon Nebula,270.921958,-24.380167,5.80,Neb,NGC
NGC 6524,NGC 6524,269.811292,45.887083,13.91,G,NGC
NGC 6525,NGC 6525,270.519792,11.038333,0.00,OCl,NGC
NGC 6526,NGC 6526,271.025625,-24.441889,0.00,Neb,NGC
NGC 6527,NGC 6527,270.443042,19.728722,14.89,G,NGC
NGC 6528,NGC 6528,271.206708,-30.055778,10.65,GCl,NGC
NGC 6529,NGC 6529,271.370250,-36.295389,0.00,*Ass,NGC
NGC 6530,NGC 6530,271.129292,-24.358056,4.60,Cl+N,NGC
NGC 6531,NGC 6531,271.056042,-22.490056,5.90,OCl,NGC
NGC 6532,NGC 6532,269.808125,56.231778,14.91,G,NGC
NGC 6533,NGC 6533,270.921958,-24.380167,0.00,Dup,NGC
NGC 6534,NGC 6534,269.035667,64.283694,15.42,G,NGC
NGC 6535,NGC 6535,270.961208,-0.296917,9.85,GCl,NGC
NGC 6536,NGC 6536,269.318125,64.938083,14.24,G,NGC
NGC 6537,Red Spider Nebula,271.304583,-19.842972,11.60,PN,NGC
NGC 6538,NGC 6538,268.569208,73.423944,14.05,G,NGC
NGC 6539,NGC 6539,271.207292,-7.585861,0.00,GCl,NGC
NGC 6540,NGC 6540,271.533125,-27.762806,0.00,GCl,NGC
NGC 6541,NGC 6541,272.009708,-43.715889,7.32,GCl,NGC
NGC 6542,NGC 6542,269.910917,61.359389,13.92,G,NGC
NGC 6543,Cat's Eye Nebula,269.639125,66.633194,9.01,PN,NGC
NGC 6544,NGC 6544,271.833333,-24.998361,9.90,GCl,NGC
NGC 6545,NGC 6545,273.061542,-63.776139,14.24,G,NGC
NGC 6546,NGC 6546,271.843958,-23.296222,8.00,OCl,NGC
NGC 6547,NGC 6547,271.291750,25.232611,14.21,G,NGC
NGC 6548,NGC 6548,271.496833,18.587250,11.73,G,NGC
NGC 6549,NGC 6549,271.456250,18.538028,14.73,G,NGC
NGC 6550,NGC 6550,271.456250,18.538028,0.00,Dup,NGC
NGC 6551,NGC 6551,272.248583,-29.557667,0.00,Other,NGC
NGC 6552,NGC 6552,270.030125,66.615111,14.60,G,NGC
NGC 6553,NGC 6553,272.322833,-25.907861,9.08,GCl,NGC
NGC 6554,NGC 6554,272.349917,-18.378694,0.00,OCl,NGC
NGC 6555,NGC 6555,271.954875,17.604889,12.39,G,NGC
NGC 6556,NGC 6556,272.489958,-27.524806,0.00,*Ass,NGC
NGC 6557,NGC 6557,275.353417,-76.582972,13.99,G,NGC
NGC 6558,NGC 6558,272.576583,-31.763472,11.29,GCl,NGC
NGC 6559,NGC 6559,272.486875,-24.106389,0.00,Neb,NGC
NGC 6560,NGC 6560,271.308250,46.881583,13.61,G,NGC
NGC 6561,NGC 6561,272.628583,-16.725667,0.00,OCl,NGC
NGC 6562,NGC 6562,271.253792,56.263111,14.70,G,NGC
NGC 6563,NGC 6563,273.010417,-33.868333,11.00,PN,NGC
NGC 6564,NGC 6564,272.259875,17.394639,0.00,Other,NGC
NGC 6565,NGC 6565,272.969167,-28.178333,11.60,PN,NGC
NGC 6566,NGC 6566,271.752792,52.260111,15.47,G,NGC
NGC 6567,NGC 6567,273.438333,-19.075833,11.00,PN,NGC
NGC 6568,NGC 6568,273.184375,-21.628028,8.60,OCl,NGC
NGC 6569,NGC 6569,273.411125,-31.827667,9.47,GCl,NGC
NGC 6570,NGC 6570,272.780417,14.093083,12.70,G,NGC
NGC 6571,NGC 6571,272.705667,21.238500,15.20,G,NGC
NGC 6572,NGC 6572,273.025875,6.853722,8.10,PN,NGC
NGC 6573,NGC 6573,273.595750,-22.174361,0.00,*Ass,NGC
NGC 6574,NGC 6574,272.963458,14.981778,11.96,G,NGC
NGC 6575,NGC 6575,272.739542,31.116194,14.35,G,NGC
NGC 6576,NGC 6576,272.950083,21.428250,15.68,G,NGC
NGC 6577,NGC 6577,273.005125,21.463389,12.68,G,NGC
NGC 6578,NGC 6578,274.068750,-20.450917,12.90,PN,NGC
NGC 6579,NGC 6579,273.132542,21.420694,14.28,G,NGC
NGC 6580,NGC 6580,273.140417,21.426139,13.90,G,NGC
NGC 6581,NGC 6581,273.076750,25.662361,15.35,G,NGC
NGC 6582,NGC 6582,272.764583,49.910556,0.00,GPair,NGC
NGC 6583,NGC 6583,273.953875,-22.137639,10.00,OCl,NGC
NGC 6584,NGC 6584,274.656875,-52.215167,8.17,GCl,NGC
NGC 6585,NGC 6585,273.090792,39.633000,13.49,G,NGC
NGC 6586,NGC 6586,273.410417,21.090083,14.54,G,NGC
NGC 6587,NGC 6587,273.462042,18.825194,13.74,G,NGC
NGC 6588,NGC 6588,275.245250,-63.809972,0.00,Other,NGC
NGC 6589,NGC 6589,274.230708,-19.777083,10.50,Neb,NGC
NGC 6590,NGC 6590,274.270792,-19.866056,9.80,RfN,NGC
NGC 6591,NGC 6591,273.516250,21.063889,16.39,G,NGC
NGC 6592,NGC 6592,272.461167,61.421972,15.12,G,NGC
NGC 6593,NGC 6593,273.514792,22.283917,15.10,G,NGC
NGC 6594,NGC 6594,272.523000,61.133472,15.33,G,NGC
NGC 6595,NGC 6595,274.270792,-19.866056,0.00,Dup,NGC
NGC 6596,NGC 6596,274.390542,-16.650444,0.00,OCl,NGC
NGC 6597,NGC 6597,272.806042,61.180667,15.44,G,NGC
NGC 6598,NGC 6598,272.233333,69.067889,14.14,G,NGC
NGC 6599,NGC 6599,273.929083,24.912389,12.82,G,NGC
NGC 6600,NGC 6600,273.929083,24.912389,0.00,Dup,NGC
NGC 6601,NGC 6601,272.934792,61.453306,15.54,G,NGC
NGC 6602,NGC 6602,274.142875,25.044028,14.57,G,NGC
NGC 6603,NGC 6603,274.612375,-18.406056,11.10,OCl,NGC
NGC 6604,NGC 6604,274.512333,-12.243111,6.50,OCl,NGC
NGC 6605,NGC 6605,274.090333,-15.015194,6.00,OCl,NGC
NGC 6606,NGC 6606,273.673292,43.268639,14.36,G,NGC
NGC 6607,NGC 6607,273.061417,61.332917,15.59,G,NGC
NGC 6608,NGC 6608,273.120333,61.298167,16.60,G,NGC
NGC 6609,NGC 6609,273.139875,61.331917,15.24,G,NGC
NGC 6610,NGC 6610,272.963458,14.981778,0.00,Dup,NGC
NGC 6611,Eagle Nebula,274.700708,-13.807222,6.00,Neb,NGC
NGC 6612,NGC 6612,274.045208,36.078556,15.51,G,NGC
NGC 6613,NGC 6613,274.993708,-17.101972,6.90,OCl,NGC
NGC 6614,NGC 6614,276.280042,-63.248361,13.80,G,NGC
NGC 6615,NGC 6615,274.639458,13.265028,14.47,G,NGC
NGC 6616,NGC 6616,274.421167,22.238444,15.12,G,NGC
NGC 6617,NGC 6617,273.510500,61.319556,15.56,G,NGC
NGC 6618,Checkmark Nebula,275.196292,-16.171528,7.00,Neb,NGC
NGC 6619,NGC 6619,274.731417,23.655611,14.26,G,NGC
NGC 6620,NGC 6620,275.725625,-26.821694,12.70,PN,NGC
NGC 6621,NGC 6621,273.230458,68.363444,13.41,G,NGC
NGC 6622,NGC 6622,273.249167,68.353889,14.08,G,NGC
NGC 6623,NGC 6623,274.928750,23.705556,0.00,GPair,NGC
NGC 6624,NGC 6624,275.919042,-30.361278,0.00,GCl,NGC
NGC 6625,NGC 6625,275.697083,-11.955000,9.00,OCl,NGC
NGC 6626,NGC 6626,276.137042,-24.869833,6.90,GCl,NGC
NGC 6627,NGC 6627,275.662167,15.698000,13.32,G,NGC
NGC 6628,NGC 6628,275.591292,23.478556,14.72,G,NGC
NGC 6629,NGC 6629,276.426917,-23.202889,11.30,PN,NGC
NGC 6630,NGC 6630,278.146417,-63.293250,13.91,G,NGC
NGC 6631,NGC 6631,276.797333,-12.031222,11.70,OCl,NGC
NGC 6632,NGC 6632,276.262875,27.535306,12.15,G,NGC
NGC 6633,NGC 6633,276.813458,6.508222,4.60,OCl,NGC
NGC 6634,NGC 6634,277.846792,-32.347972,0.00,Dup,NGC
NGC 6635,NGC 6635,276.904625,14.819056,13.40,G,NGC
NGC 6636,NGC 6636,275.514583,66.620222,0.00,GPair,NGC
NGC 6637,NGC 6637,277.846792,-32.347972,8.31,GCl,NGC
NGC 6638,NGC 6638,277.734375,-25.496417,9.68,GCl,NGC
NGC 6639,NGC 6639,277.747083,-13.155833,0.00,OCl,NGC
NGC 6640,NGC 6640,277.034458,34.302667,14.16,G,NGC
NGC 6641,NGC 6641,277.239042,22.903000,14.25,G,NGC
NGC 6642,NGC 6642,277.975917,-23.476139,10.24,GCl,NGC
NGC 6643,NGC 6643,274.943375,74.568361,11.11,G,NGC
NGC 6644,NGC 6644,278.144708,-25.129361,10.70,PN,NGC
NGC 6645,NGC 6645,278.157917,-16.883889,8.50,OCl,NGC
NGC 6646,NGC 6646,277.411417,39.865139,12.64,G,NGC
NGC 6647,NGC 6647,278.205583,-17.228667,8.00,OCl,NGC
NGC 6648,NGC 6648,276.407500,64.976167,0.00,Other,NGC
NGC 6649,NGC 6649,278.366500,-10.402806,8.90,OCl,NGC
NGC 6650,NGC 6650,276.366625,68.005833,14.60,G,NGC
NGC 6651,NGC 6651,276.082125,71.601917,13.63,G,NGC
NGC 6652,NGC 6652,278.940625,-32.990306,9.75,GCl,NGC
NGC 6653,NGC 6653,281.159875,-73.263417,13.39,G,NGC
NGC 6654,NGC 6654,276.031542,73.183222,11.84,G,NGC
NGC 6654A,NGC 6654A,279.853917,73.579750,13.49,G,NGC
NGC 6655,NGC 6655,278.628750,-5.920861,0.00,**,NGC
NGC 6656,NGC 6656,279.100833,-23.903417,6.17,GCl,NGC
NGC 6657,NGC 6657,278.256083,34.060472,14.17,G,NGC
NGC 6658,NGC 6658,278.481875,22.888278,11.80,G,NGC
NGC 6659,NGC 6659,278.499708,23.594889,0.00,OCl,NGC
NGC 6660,NGC 6660,278.652792,22.909667,12.36,G,NGC
NGC 6661,NGC 6661,278.652792,22.909667,0.00,Dup,NGC
NGC 6662,NGC 6662,278.546583,32.064583,14.81,G,NGC
NGC 6663,NGC 6663,278.390333,40.048944,14.76,G,NGC
NGC 6664,NGC 6664,279.138958,-8.220750,7.80,OCl,NGC
NGC 6665,NGC 6665,278.625042,30.720556,14.52,G,NGC
NGC 6666,NGC 6666,278.687208,33.587639,0.00,Other,NGC
NGC 6667,NGC 6667,277.665792,67.987028,12.63,G,NGC
NGC 6668,NGC 6668,277.665792,67.987028,0.00,Dup,NGC
NGC 6669,NGC 6669,279.312875,22.195722,0.00,Other,NGC
NGC 6670,NGC 6670,278.397708,59.888806,0.00,GTrpl,NGC
NGC 6670A,NGC 6670A,278.407167,59.889667,15.26,G,NGC
NGC 6670B,NGC 6670B,278.392042,59.888222,16.01,G,NGC
NGC 6671,NGC 6671,279.359000,26.417194,13.72,G,NGC
NGC 6672,NGC 6672,279.059958,42.947639,0.00,**,NGC
NGC 6673,NGC 6673,281.276333,-62.297222,11.72,G,NGC
NGC 6674,NGC 6674,279.641125,25.375139,12.07,G,NGC
NGC 6675,NGC 6675,279.360333,40.057722,13.33,G,NGC
NGC 6676,NGC 6676,278.291500,66.959056,15.22,G,NGC
NGC 6677,NGC 6677,278.400542,67.110750,13.86,G,NGC
NGC 6678,NGC 6678,277.665792,67.987028,0.00,Dup,NGC
NGC 6679,NGC 6679,278.377083,67.137306,13.60,G,NGC
NGC 6680,NGC 6680,279.933208,22.316417,15.38,G,NGC
NGC 6681,NGC 6681,280.802667,-32.291889,9.06,GCl,NGC
NGC 6682,NGC 6682,279.905667,-4.813694,0.00,OCl,NGC
NGC 6683,NGC 6683,280.558208,-6.212250,9.40,OCl,NGC
NGC 6684,NGC 6684,282.241167,-65.173444,10.50,G,NGC
NGC 6684A,NGC 6684A,283.095042,-64.831472,13.22,G,NGC
NGC 6685,NGC 6685,279.994333,39.981778,14.59,G,NGC
NGC 6686,NGC 6686,280.029250,40.137639,14.75,G,NGC
NGC 6687,NGC 6687,279.342125,59.642972,14.83,G,NGC
NGC 6688,NGC 6688,280.167208,36.289639,13.85,G,NGC
NGC 6689,NGC 6689,278.709375,70.523917,12.28,G,NGC
NGC 6690,NGC 6690,278.709375,70.523917,0.00,Dup,NGC
NGC 6691,NGC 6691,279.801042,55.641806,12.90,G,NGC
NGC 6692,NGC 6692,280.422917,34.843611,14.30,GPair,NGC
NGC 6693,NGC 6693,280.422917,34.843611,0.00,Dup,NGC
NGC 6694,NGC 6694,281.327750,-9.383611,8.87,OCl,NGC
NGC 6695,NGC 6695,280.678083,40.366889,13.49,G,NGC
NGC 6696,NGC 6696,280.021000,59.333972,16.01,G,NGC
NGC 6697,NGC 6697,281.312333,25.512583,14.46,G,NGC
NGC 6698,NGC 6698,282.020875,-25.477167,0.00,OCl,NGC
NGC 6699,NGC 6699,283.008500,-57.320750,12.21,G,NGC
NGC 6700,NGC 6700,281.518292,32.279611,14.12,G,NGC
NGC 6701,NGC 6701,280.801917,60.653333,12.82,G,NGC
NGC 6702,NGC 6702,281.739917,45.705667,12.24,G,NGC
NGC 6703,NGC 6703,281.828458,45.550639,11.38,G,NGC
NGC 6704,NGC 6704,282.690708,-5.205417,9.20,OCl,NGC
NGC 6705,Amas de l'Ecu de Sobieski,282.774958,-6.270028,5.80,OCl,NGC
NGC 6706,NGC 6706,284.212667,-63.166222,14.03,G,NGC
NGC 6707,NGC 6707,283.841917,-53.818444,12.62,G,NGC
NGC 6708,NGC 6708,283.898500,-53.723444,12.93,G,NGC
NGC 6709,NGC 6709,282.828917,10.318750,6.70,OCl,NGC
NGC 6710,NGC 6710,282.642292,26.838389,13.06,G,NGC
NGC 6711,NGC 6711,282.253667,47.658111,12.94,G,NGC
NGC 6712,NGC 6712,283.270375,-8.705472,8.69,GCl,NGC
NGC 6713,NGC 6713,282.685667,33.959778,14.21,G,NGC
NGC 6714,NGC 6714,281.708333,66.745000,0.00,*Ass,NGC
NGC 6715,NGC 6715,283.763625,-30.478500,7.70,GCl,NGC
NGC 6716,NGC 6716,283.643208,-19.901083,7.50,OCl,NGC
NGC 6717,NGC 6717,283.775167,-22.701611,10.35,GCl,NGC
NGC 6718,NGC 6718,285.369292,-66.110194,14.17,G,NGC
NGC 6719,NGC 6719,285.781208,-68.588361,13.50,G,NGC
NGC 6720,Ring Nebula,283.395875,33.028583,8.80,PN,NGC
NGC 6721,NGC 6721,285.211708,-57.759444,12.04,G,NGC
NGC 6722,NGC 6722,285.918208,-64.894472,13.57,G,NGC
NGC 6723,NGC 6723,284.888125,-36.631472,0.00,GCl,NGC
NGC 6724,NGC 6724,284.195333,10.428556,0.00,OCl,NGC
NGC 6725,NGC 6725,285.485917,-53.863083,12.45,G,NGC
NGC 6726,NGC 6726,285.413750,-36.891306,0.00,RfN,NGC
NGC 6727,NGC 6727,285.426125,-36.876250,0.00,RfN,NGC
NGC 6728,NGC 6728,284.687667,-8.966000,0.00,OCl,NGC
NGC 6729,NGC 6729,285.480833,-36.957639,0.00,Neb,NGC
NGC 6730,NGC 6730,286.890208,-68.912806,12.06,G,NGC
NGC 6731,NGC 6731,284.306125,43.076778,0.00,**,NGC
NGC 6732,NGC 6732,284.100083,52.377611,14.37,G,NGC
NGC 6733,NGC 6733,286.544292,-62.196917,13.44,G,NGC
NGC 6734,NGC 6734,286.809708,-65.461861,13.76,G,NGC
NGC 6735,NGC 6735,285.155667,-0.475389,0.00,OCl,NGC
NGC 6736,NGC 6736,286.871875,-65.428611,14.32,G,NGC
NGC 6737,NGC 6737,285.572792,-18.546972,0.00,OCl,NGC
NGC 6738,NGC 6738,285.339833,11.615611,8.30,*Ass,NGC
NGC 6739,NGC 6739,286.953167,-61.368111,12.14,G,NGC
NGC 6740,NGC 6740,285.210458,28.771222,15.50,G,NGC
NGC 6741,Phantom Streak Nebula,285.654167,-0.449389,11.50,PN,NGC
NGC 6742,NGC 6742,284.832917,48.465278,13.40,PN,NGC
NGC 6743,NGC 6743,285.336125,29.277472,8.20,OCl,NGC
NGC 6744,NGC 6744,287.442083,-63.857528,9.25,G,NGC
NGC 6744A,NGC 6744A,287.182333,-63.730500,15.15,G,NGC
NGC 6745,NGC 6745,285.423750,40.753056,0.00,GTrpl,NGC
NGC 6746,NGC 6746,287.591708,-61.970167,13.69,G,NGC
NGC 6747,NGC 6747,283.840208,72.771528,14.97,G,NGC
NGC 6748,NGC 6748,286.481458,-5.992306,0.00,Dup,NGC
NGC 6749,NGC 6749,286.315000,1.900611,12.40,GCl,NGC
NGC 6750,NGC 6750,285.150458,59.166750,13.64,G,NGC
NGC 6751,NGC 6751,286.481458,-5.992306,11.90,PN,NGC
NGC 6752,NGC 6752,287.715750,-59.981861,6.28,GCl,NGC
NGC 6753,NGC 6753,287.848500,-57.049556,11.04,G,NGC
NGC 6754,NGC 6754,287.857167,-50.641806,12.22,G,NGC
NGC 6755,NGC 6755,286.954375,4.266417,7.50,OCl,NGC
NGC 6756,NGC 6756,287.177375,4.705778,10.60,OCl,NGC
NGC 6757,NGC 6757,286.264083,55.715167,13.91,G,NGC
NGC 6758,NGC 6758,288.468083,-56.309944,11.39,G,NGC
NGC 6759,NGC 6759,286.736833,50.344222,15.12,G,NGC
NGC 6760,NGC 6760,287.800250,1.030472,9.78,GCl,NGC
NGC 6761,NGC 6761,288.770000,-50.656833,13.36,G,NGC
NGC 6762,NGC 6762,286.404500,63.934028,14.12,G,NGC
NGC 6763,NGC 6763,286.404500,63.934028,0.00,Dup,NGC
NGC 6764,NGC 6764,287.068208,50.933222,13.63,G,NGC
NGC 6765,NGC 6765,287.777083,30.545556,12.90,PN,NGC
NGC 6766,NGC 6766,302.598750,46.460833,0.00,Dup,NGC
NGC 6767,NGC 6767,287.891292,37.725444,0.00,**,NGC
NGC 6768,NGC 6768,289.135833,-40.209167,13.70,G,NGC
NGC 6769,NGC 6769,289.594500,-60.501083,11.77,G,NGC
NGC 6770,NGC 6770,289.655500,-60.496472,11.86,G,NGC
NGC 6771,NGC 6771,289.664625,-60.546000,12.52,G,NGC
NGC 6772,NGC 6772,288.651250,-2.706806,12.70,PN,NGC
NGC 6773,NGC 6773,288.785208,4.856556,0.00,OCl,NGC
NGC 6774,NGC 6774,289.067917,-16.260694,0.00,OCl,NGC
NGC 6775,NGC 6775,289.178583,-0.933361,0.00,OCl,NGC
NGC 6776,NGC 6776,291.329792,-63.860167,12.07,G,NGC
NGC 6776A,NGC 6776A,291.272417,-63.683444,14.86,G,NGC
NGC 6777,NGC 6777,287.715750,-59.981861,0.00,Dup,NGC
NGC 6778,NGC 6778,289.603542,-1.596361,12.30,PN,NGC
NGC 6779,NGC 6779,289.147958,30.184500,8.40,GCl,NGC
NGC 6780,NGC 6780,290.712000,-55.775833,12.73,G,NGC
NGC 6781,NGC 6781,289.617750,6.539722,11.40,PN,NGC
NGC 6782,NGC 6782,290.991250,-59.922472,11.98,G,NGC
NGC 6783,NGC 6783,289.198417,46.017222,15.20,G,NGC
NGC 6784,NGC 6784,291.649958,-65.617694,14.85,G,NGC
NGC 6784A,NGC 6784A,291.629917,-65.626111,15.03,G,NGC
NGC 6785,NGC 6785,289.603542,-1.596361,0.00,Dup,NGC
NGC 6786,NGC 6786,287.724625,73.410167,13.80,G,NGC
NGC 6787,NGC 6787,289.044083,60.417528,14.87,G,NGC
NGC 6788,NGC 6788,291.707292,-54.951306,12.05,G,NGC
NGC 6789,NGC 6789,289.175667,63.971472,13.54,G,NGC
NGC 6790,NGC 6790,290.737083,1.513333,10.50,PN,NGC
NGC 6791,NGC 6791,290.221750,37.771889,9.50,OCl,NGC
NGC 6792,NGC 6792,290.239208,43.132500,13.29,G,NGC
NGC 6793,NGC 6793,290.809958,22.141028,0.00,OCl,NGC
NGC 6794,NGC 6794,292.016167,-38.918750,12.88,G,NGC
NGC 6795,NGC 6795,291.591750,3.514361,0.00,OCl,NGC
NGC 6796,NGC 6796,290.378625,61.144889,12.65,G,NGC
NGC 6797,NGC 6797,292.253125,-25.666556,0.00,Other,NGC
NGC 6798,NGC 6798,291.013208,53.624778,14.45,G,NGC
NGC 6799,NGC 6799,293.068875,-55.907917,13.51,G,NGC
NGC 6800,NGC 6800,291.782000,25.140472,0.00,OCl,NGC
NGC 6801,NGC 6801,291.899208,54.372889,14.72,G,NGC
NGC 6802,NGC 6802,292.646000,20.260972,8.80,OCl,NGC
NGC 6803,NGC 6803,292.818542,10.056028,11.40,PN,NGC
NGC 6804,NGC 6804,292.897458,9.225167,12.00,PN,NGC
NGC 6805,NGC 6805,294.190458,-37.554361,14.31,G,NGC
NGC 6806,NGC 6806,294.271042,-42.296278,13.19,G,NGC
NGC 6807,NGC 6807,293.639583,5.684167,12.00,PN,NGC
NGC 6808,NGC 6808,295.975000,-70.633389,12.90,G,NGC
NGC 6809,NGC 6809,294.997500,-30.962083,6.49,GCl,NGC
NGC 6810,NGC 6810,295.892708,-58.655583,11.42,G,NGC
NGC 6811,NGC 6811,294.324625,46.388833,6.80,OCl,NGC
NGC 6812,NGC 6812,296.350917,-55.346806,13.57,G,NGC
NGC 6813,NGC 6813,295.093500,27.309556,0.00,PN,NGC
NGC 6814,NGC 6814,295.669333,-10.323500,11.32,G,NGC
NGC 6815,NGC 6815,295.184625,26.759000,0.00,*Ass,NGC
NGC 6816,NGC 6816,296.009292,-28.400833,12.87,G,NGC
NGC 6817,NGC 6817,294.343333,62.383056,0.00,GPair,NGC
NGC 6818,Little Gem Nebula,295.990542,-14.153167,9.30,PN,NGC
NGC 6819,Foxhead Cluster,295.325375,40.186750,7.30,OCl,NGC
NGC 6820,NGC 6820,295.616750,23.088083,15.00,Neb,NGC
NGC 6821,NGC 6821,296.100250,-6.833444,13.07,G,NGC
NGC 6822,Barnard's Galaxy,296.240583,-14.803444,10.05,G,NGC
NGC 6823,NGC 6823,295.791208,23.299944,7.10,Cl+N,NGC
NGC 6824,NGC 6824,295.919583,56.109472,11.76,G,NGC
NGC 6825,NGC 6825,295.478333,64.073056,15.30,GPair,NGC
NGC 6826,Blinking Planetary,296.200458,50.525028,9.44,PN,NGC
NGC 6827,NGC 6827,297.222667,21.215056,0.00,OCl,NGC
NGC 6828,NGC 6828,297.573375,7.902556,0.00,OCl,NGC
NGC 6829,NGC 6829,296.781500,59.907083,14.92,G,NGC
NGC 6830,NGC 6830,297.748250,23.100139,7.90,OCl,NGC
NGC 6831,NGC 6831,296.988750,59.892528,14.55,G,NGC
NGC 6832,NGC 6832,297.063583,59.421167,0.00,OCl,NGC
NGC 6833,NGC 6833,297.444167,48.961111,12.10,PN,NGC
NGC 6834,NGC 6834,298.052333,29.408167,7.80,OCl,NGC
NGC 6835,NGC 6835,298.637292,-12.567583,12.46,G,NGC
NGC 6836,NGC 6836,298.666917,-12.687944,13.01,G,NGC
NGC 6837,NGC 6837,298.285958,11.699000,0.00,OCl,NGC
NGC 6838,NGC 6838,298.442125,18.778389,6.10,GCl,NGC
NGC 6839,NGC 6839,298.500000,18.003333,0.00,Other,NGC
NGC 6840,NGC 6840,298.817708,12.114611,0.00,OCl,NGC
NGC 6841,NGC 6841,299.454417,-31.810694,12.59,G,NGC
NGC 6842,NGC 6842,298.759417,29.289167,13.10,PN,NGC
NGC 6843,NGC 6843,299.025917,12.163833,0.00,OCl,NGC
NGC 6844,NGC 6844,300.708875,-65.229861,13.58,G,NGC
NGC 6845,NGC 6845,300.242833,-47.069972,0.00,GGroup,NGC
NGC 6845A,NGC 6845A,300.243417,-47.070250,13.22,G,NGC
NGC 6845B,NGC 6845B,300.272083,-47.059083,13.89,G,NGC
NGC 6845C,NGC 6845C,300.236708,-47.084222,15.43,G,NGC
NGC 6845D,NGC 6845D,300.223292,-47.095222,14.68,G,NGC
NGC 6846,NGC 6846,299.117167,32.349694,14.20,OCl,NGC
NGC 6847,NGC 6847,299.157583,30.212917,0.00,Cl+N,NGC
NGC 6848,NGC 6848,300.696875,-56.090306,13.35,G,NGC
NGC 6849,NGC 6849,301.565083,-40.198306,12.12,G,NGC
NGC 6850,NGC 6850,300.875417,-54.844778,13.07,G,NGC
NGC 6851,NGC 6851,300.893208,-48.284500,11.84,G,NGC
NGC 6851A,NGC 6851A,301.452125,-47.978250,14.89,G,NGC
NGC 6851B,NGC 6851B,301.416417,-47.979056,14.81,G,NGC
NGC 6852,NGC 6852,300.163167,1.728111,12.60,PN,NGC
NGC 6853,Dumbbell Nebula,299.901583,22.721028,7.40,PN,NGC
NGC 6854,NGC 6854,301.411667,-54.375611,12.35,G,NGC
NGC 6855,NGC 6855,301.707958,-56.389917,13.85,G,NGC
NGC 6856,NGC 6856,299.821375,56.130889,0.00,OCl,NGC
NGC 6857,NGC 6857,300.450542,33.525917,11.40,HII,NGC
NGC 6858,NGC 6858,300.747458,11.259417,0.00,OCl,NGC
NGC 6859,NGC 6859,300.956292,0.444639,0.00,Other,NGC
NGC 6860,NGC 6860,302.195375,-61.100194,13.53,G,NGC
NGC 6861,NGC 6861,301.831167,-48.370222,11.04,G,NGC
NGC 6861B,NGC 6861B,301.522625,-48.474444,15.12,G,NGC
NGC 6861C,NGC 6861C,301.671167,-48.649778,15.09,G,NGC
NGC 6861D,NGC 6861D,302.081167,-48.211417,11.94,G,NGC
NGC 6861E,NGC 6861E,302.756333,-48.690583,15.11,G,NGC
NGC 6861F,NGC 6861F,302.799167,-48.275833,15.26,G,NGC
NGC 6862,NGC 6862,302.227417,-56.391750,12.74,G,NGC
NGC 6863,NGC 6863,301.280500,-3.555139,0.00,Other,NGC
NGC 6864,NGC 6864,301.520167,-21.922222,8.26,GCl,NGC
NGC 6865,NGC 6865,301.485333,-9.040917,14.74,G,NGC
NGC 6866,NGC 6866,300.979917,44.159111,7.60,OCl,NGC
NGC 6867,NGC 6867,302.623583,-54.783250,13.93,G,NGC
NGC 6868,NGC 6868,302.475292,-48.379556,10.59,G,NGC
NGC 6869,NGC 6869,300.176708,66.227528,12.23,G,NGC
NGC 6870,NGC 6870,302.545250,-48.287083,11.94,G,NGC
NGC 6871,NGC 6871,301.497667,35.777250,5.20,OCl,NGC
NGC 6872,NGC 6872,304.235667,-70.767944,11.64,G,NGC
NGC 6873,NGC 6873,301.807875,21.102250,0.00,OCl,NGC
NGC 6874,NGC 6874,301.887833,38.246111,0.00,*Ass,NGC
NGC 6875,NGC 6875,303.301958,-46.161639,12.03,G,NGC
NGC 6875A,NGC 6875A,302.982750,-46.144083,13.95,G,NGC
NGC 6876,NGC 6876,304.579792,-70.858806,10.83,G,NGC
NGC 6876A,NGC 6876A,302.820208,-71.012944,14.86,G,NGC
NGC 6877,NGC 6877,304.650833,-70.853056,12.23,G,NGC
NGC 6878,NGC 6878,303.471833,-44.526750,12.42,G,NGC
NGC 6878A,NGC 6878A,303.400000,-44.816167,13.25,G,NGC
NGC 6879,NGC 6879,302.610833,16.922806,12.50,PN,NGC
NGC 6880,NGC 6880,304.873458,-70.859861,13.35,G,NGC
NGC 6881,NGC 6881,302.718750,37.411389,13.90,PN,NGC
NGC 6882,NGC 6882,302.982750,26.488806,14.10,OCl,NGC
NGC 6883,NGC 6883,302.832292,35.832194,8.00,OCl,NGC
NGC 6884,NGC 6884,302.598750,46.460833,10.90,PN,NGC
NGC 6885,NGC 6885,302.982750,26.488806,0.00,Dup,NGC
NGC 6886,NGC 6886,303.178750,19.989722,11.40,PN,NGC
NGC 6887,NGC 6887,304.322042,-52.796750,12.08,G,NGC
NGC 6888,Crescent Nebula,303.027292,38.354944,7.44,HII,NGC
NGC 6889,NGC 6889,304.721792,-53.957083,13.71,G,NGC
NGC 6890,NGC 6890,304.575417,-44.806722,12.65,G,NGC
NGC 6891,NGC 6891,303.786833,12.704361,10.50,PN,NGC
NGC 6892,NGC 6892,304.238500,18.019667,0.00,Other,NGC
NGC 6893,NGC 6893,305.206833,-48.239083,11.71,G,NGC
NGC 6894,NGC 6894,304.100208,30.565083,12.30,PN,NGC
NGC 6895,NGC 6895,304.134833,50.240472,0.00,OCl,NGC
NGC 6896,NGC 6896,304.514917,30.640056,0.00,**,NGC
NGC 6897,NGC 6897,305.255292,-12.254694,14.57,G,NGC
NGC 6898,NGC 6898,305.283458,-12.358889,14.04,G,NGC
NGC 6899,NGC 6899,306.092667,-50.433944,12.85,G,NGC
NGC 6900,NGC 6900,305.396292,-2.569222,14.67,G,NGC
NGC 6901,NGC 6901,305.589625,6.429861,14.83,G,NGC
NGC 6902,NGC 6902,306.117250,-43.653528,11.48,G,NGC
NGC 6902A,NGC 6902A,305.749000,-44.271528,14.59,G,NGC
NGC 6902B,NGC 6902B,305.779375,-43.868611,13.80,G,NGC
NGC 6903,NGC 6903,305.936917,-19.325417,12.90,G,NGC
NGC 6904,NGC 6904,305.450625,25.741500,0.00,OCl,NGC
NGC 6905,Blue Flash Nebula,305.595792,20.104528,11.10,PN,NGC
NGC 6906,NGC 6906,305.891292,6.443667,12.56,G,NGC
NGC 6907,NGC 6907,306.277625,-24.809167,11.16,G,NGC
NGC 6908,NGC 6908,306.287375,-24.801139,12.31,G,NGC
NGC 6909,NGC 6909,306.912042,-47.027028,11.99,G,NGC
NGC 6910,NGC 6910,305.800208,40.778611,7.40,OCl,NGC
NGC 6911,NGC 6911,304.909708,66.728333,15.60,G,NGC
NGC 6912,NGC 6912,306.717000,-18.617278,13.22,G,NGC
NGC 6913,NGC 6913,305.990708,38.507667,6.60,OCl,NGC
NGC 6914,NGC 6914,306.180417,42.482639,0.00,RfN,NGC
NGC 6915,NGC 6915,306.941917,-3.077056,13.77,G,NGC
NGC 6916,NGC 6916,305.887833,58.344056,15.21,G,NGC
NGC 6917,NGC 6917,306.868167,8.098083,14.24,G,NGC
NGC 6918,NGC 6918,307.696333,-47.473722,14.47,G,NGC
NGC 6919,NGC 6919,307.908833,-44.216417,13.11,G,NGC
NGC 6920,NGC 6920,310.989167,-80.000833,11.97,G,NGC
NGC 6921,NGC 6921,307.120250,25.723417,13.44,G,NGC
NGC 6922,NGC 6922,307.470417,-2.191194,13.60,G,NGC
NGC 6923,NGC 6923,307.912792,-30.831889,12.01,G,NGC
NGC 6924,NGC 6924,308.330125,-25.474444,12.79,G,NGC
NGC 6925,NGC 6925,308.585708,-31.980889,11.35,G,NGC
NGC 6926,NGC 6926,308.275458,-2.027500,13.43,G,NGC
NGC 6927,NGC 6927,308.159208,9.916389,14.46,G,NGC
NGC 6927A,NGC 6927A,308.152875,9.883917,17.00,G,NGC
NGC 6928,NGC 6928,308.209250,9.926417,12.61,G,NGC
NGC 6929,NGC 6929,308.340333,-2.037194,13.71,G,NGC
NGC 6930,NGC 6930,308.245000,9.874444,12.90,G,NGC
NGC 6931,NGC 6931,308.422292,-11.368861,14.00,G,NGC
NGC 6932,NGC 6932,310.535750,-73.619361,13.30,G,NGC
NGC 6933,NGC 6933,308.409083,7.387333,11.61,*,NGC
NGC 6934,NGC 6934,308.547875,7.404111,9.75,GCl,NGC
NGC 6935,NGC 6935,309.584250,-52.110444,12.00,G,NGC
NGC 6936,NGC 6936,308.984583,-25.279972,13.96,G,NGC
NGC 6937,NGC 6937,309.690958,-52.143250,12.87,G,NGC
NGC 6938,NGC 6938,308.677042,22.214583,0.00,OCl,NGC
NGC 6939,NGC 6939,307.875542,60.662083,7.80,OCl,NGC
NGC 6940,NGC 6940,308.611208,28.282722,6.30,OCl,NGC
NGC 6941,NGC 6941,309.097792,-4.618750,14.17,G,NGC
NGC 6942,NGC 6942,310.157708,-54.303056,11.97,G,NGC
NGC 6943,NGC 6943,311.140583,-68.747722,11.39,G,NGC
NGC 6944,NGC 6944,309.599417,6.996444,13.68,G,NGC
NGC 6944A,NGC 6944A,309.547125,6.902667,14.92,G,NGC
NGC 6945,NGC 6945,309.752583,-4.972583,15.20,G,NGC
NGC 6946,Fireworks Galaxy,308.718000,60.153917,9.05,G,NGC
NGC 6947,NGC 6947,310.313000,-32.486417,13.43,G,NGC
NGC 6948,NGC 6948,310.871417,-53.356722,13.80,G,NGC
NGC 6949,NGC 6949,308.778833,64.802806,14.50,G,NGC
NGC 6950,NGC 6950,310.273250,16.622222,0.00,OCl,NGC
NGC 6951,NGC 6951,309.308708,66.105639,12.41,G,NGC
NGC 6952,NGC 6952,309.308708,66.105639,0.00,Dup,NGC
NGC 6953,NGC 6953,309.442583,65.764861,0.00,Other,NGC
NGC 6954,NGC 6954,311.013250,3.209444,13.17,G,NGC
NGC 6955,NGC 6955,311.074917,2.594833,15.27,G,NGC
NGC 6956,NGC 6956,310.973792,12.511917,13.40,G,NGC
NGC 6957,NGC 6957,311.198167,2.581222,15.28,G,NGC
NGC 6958,NGC 6958,312.177458,-37.997417,11.40,G,NGC
NGC 6959,NGC 6959,311.780167,0.430194,14.74,G,NGC
NGC 6960,Veil Nebula,311.492417,30.595139,7.00,SNR,NGC
NGC 6961,NGC 6961,311.793792,0.363278,15.12,G,NGC
NGC 6962,NGC 6962,311.829417,0.320806,11.89,G,NGC
NGC 6963,NGC 6963,311.831125,0.510639,15.20,**,NGC
NGC 6964,NGC 6964,311.851250,0.300833,12.95,G,NGC
NGC 6965,NGC 6965,311.834875,0.484056,13.68,G,NGC
NGC 6966,NGC 6966,311.861500,0.367694,0.00,**,NGC
NGC 6967,NGC 6967,311.892083,0.411611,13.01,G,NGC
NGC 6968,NGC 6968,312.135333,-8.360306,13.97,G,NGC
NGC 6969,NGC 6969,312.115125,7.739972,13.52,G,NGC
NGC 6970,NGC 6970,313.039417,-48.777778,12.62,G,NGC
NGC 6971,NGC 6971,312.349000,5.995583,14.74,G,NGC
NGC 6972,NGC 6972,312.495583,9.899139,14.02,G,NGC
NGC 6973,NGC 6973,313.024667,-5.895194,0.00,*,NGC
NGC 6974,NGC 6974,312.768000,31.828111,0.00,SNR,NGC
NGC 6975,NGC 6975,313.108458,-5.772306,14.80,G,NGC
NGC 6976,NGC 6976,313.108458,-5.772306,0.00,Dup,NGC
NGC 6977,NGC 6977,313.123792,-5.746111,14.12,G,NGC
NGC 6978,NGC 6978,313.147625,-5.711139,14.08,G,NGC
NGC 6979,NGC 6979,312.616708,32.025889,0.00,SNR,NGC
NGC 6980,NGC 6980,313.203917,-5.837889,0.00,*,NGC
NGC 6981,NGC 6981,313.366292,-12.537056,8.96,GCl,NGC
NGC 6982,NGC 6982,314.326583,-51.862278,13.66,G,NGC
NGC 6983,NGC 6983,314.180958,-43.986028,14.25,G,NGC
NGC 6984,NGC 6984,314.474917,-51.870833,12.73,G,NGC
NGC 6985,NGC 6985,311.262417,-11.104194,14.78,G,NGC
NGC 6985A,NGC 6985A,311.255292,-11.107667,15.46,G,NGC
NGC 6986,NGC 6986,314.127750,-18.566556,14.72,G,NGC
NGC 6987,NGC 6987,314.543167,-48.630306,12.45,G,NGC
NGC 6988,NGC 6988,313.954000,10.507861,14.81,G,NGC
NGC 6989,NGC 6989,313.528833,45.239278,0.00,OCl,NGC
NGC 6990,NGC 6990,314.987167,-55.561972,14.00,G,NGC
NGC 6991,NGC 6991,313.716667,47.461667,0.00,OCl,NGC
NGC 6992,Eastern Veil,314.079458,31.742750,7.00,SNR,NGC
NGC 6993,NGC 6993,313.475208,-25.472528,14.03,G,NGC
NGC 6994,NGC 6994,314.733208,-12.635500,8.90,Other,NGC
NGC 6995,Eastern Veil,314.294833,31.235167,7.00,SNR,NGC
NGC 6996,NGC 6996,314.125042,45.473028,0.00,*Ass,NGC
NGC 6997,NGC 6997,314.164375,44.631500,10.00,Cl+N,NGC
NGC 6998,NGC 6998,315.407000,-28.031917,14.06,G,NGC
NGC 6999,NGC 6999,315.498083,-28.058917,14.91,G,NGC
NGC 7000,North America Nebula,314.821417,44.528778,4.00,HII,NGC
NGC 7001,NGC 7001,315.282292,-0.195167,12.93,G,NGC
NGC 7002,NGC 7002,315.936667,-49.029750,12.38,G,NGC
NGC 7003,NGC 7003,315.176750,17.804889,13.75,G,NGC
NGC 7004,NGC 7004,316.009083,-49.114250,13.75,G,NGC
NGC 7005,NGC 7005,315.490208,-12.882611,0.00,Other,NGC
NGC 7006,NGC 7006,315.371875,16.187528,10.46,GCl,NGC
NGC 7007,NGC 7007,316.366333,-52.551972,11.95,G,NGC
NGC 7008,NGC 7008,315.136667,54.543194,10.70,PN,NGC
NGC 7009,Saturn Nebula,316.044958,-11.363250,8.00,PN,NGC
NGC 7010,NGC 7010,316.164583,-12.338389,14.77,G,NGC
NGC 7011,NGC 7011,315.455750,47.354306,0.00,OCl,NGC
NGC 7012,NGC 7012,316.689667,-44.814722,13.68,G,NGC
NGC 7013,NGC 7013,315.889917,29.897472,11.30,G,NGC
NGC 7014,NGC 7014,316.967375,-47.179000,12.31,G,NGC
NGC 7015,NGC 7015,316.405750,11.414167,12.53,G,NGC
NGC 7016,NGC 7016,316.817833,-25.468944,14.85,G,NGC
NGC 7017,NGC 7017,316.835542,-25.486861,14.93,GPair,NGC
NGC 7018,NGC 7018,316.855625,-25.427750,16.80,GTrpl,NGC
NGC 7019,NGC 7019,316.607208,-24.412667,15.09,G,NGC
NGC 7020,NGC 7020,317.833708,-64.025333,11.74,G,NGC
NGC 7021,NGC 7021,317.833708,-64.025333,0.00,Dup,NGC
NGC 7022,NGC 7022,317.396833,-49.303667,14.06,G,NGC
NGC 7023,Iris Nebula,315.398417,68.169556,7.20,Neb,NGC
NGC 7024,NGC 7024,316.533792,41.484583,0.00,OCl,NGC
NGC 7025,NGC 7025,316.947250,16.335861,13.99,G,NGC
NGC 7026,NGC 7026,316.577000,47.852194,10.90,PN,NGC
NGC 7027,NGC 7027,316.756375,42.236528,8.50,PN,NGC
NGC 7028,NGC 7028,316.458500,18.468194,14.78,G,NGC
NGC 7029,NGC 7029,317.966875,-49.283722,11.67,G,NGC
NGC 7030,NGC 7030,317.805542,-20.485861,14.58,G,NGC
NGC 7031,NGC 7031,316.802292,50.875556,9.10,OCl,NGC
NGC 7032,NGC 7032,318.845333,-68.287889,13.63,G,NGC
NGC 7033,NGC 7033,317.401083,15.124889,15.20,G,NGC
NGC 7034,NGC 7034,317.409083,15.150667,15.19,G,NGC
NGC 7035,NGC 7035,317.693333,-23.135833,15.41,GPair,NGC
NGC 7035A,NGC 7035A,317.689417,-23.135139,15.60,G,NGC
NGC 7035B,NGC 7035B,317.697083,-23.137083,15.39,G,NGC
NGC 7036,NGC 7036,317.551625,15.376111,0.00,OCl,NGC
NGC 7037,NGC 7037,317.690500,33.728333,0.00,OCl,NGC
NGC 7038,NGC 7038,318.781292,-47.220500,12.14,G,NGC
NGC 7039,NGC 7039,317.699167,45.621806,7.60,OCl,NGC
NGC 7040,NGC 7040,318.318750,8.864972,14.85,G,NGC
NGC 7041,NGC 7041,319.134917,-48.363556,11.30,G,NGC
NGC 7042,NGC 7042,318.441083,13.574917,12.90,G,NGC
NGC 7043,NGC 7043,318.517375,13.626028,14.86,G,NGC
NGC 7044,NGC 7044,318.289208,42.496194,12.00,OCl,NGC
NGC 7045,NGC 7045,318.708583,4.506778,0.00,**,NGC
NGC 7046,NGC 7046,318.733500,2.834833,12.68,G,NGC
NGC 7047,NGC 7047,319.115208,-0.826500,14.82,G,NGC
NGC 7048,NGC 7048,318.563333,46.288611,12.10,PN,NGC
NGC 7049,NGC 7049,319.751250,-48.562167,10.55,G,NGC
NGC 7050,NGC 7050,318.785625,36.175250,0.00,OCl,NGC
NGC 7051,NGC 7051,319.963875,-8.782944,13.68,G,NGC
NGC 7052,NGC 7052,319.637708,26.447028,13.09,G,NGC
NGC 7053,NGC 7053,320.281708,23.084806,14.17,G,NGC
NGC 7054,NGC 7054,322.508125,26.717806,0.00,Dup,NGC
NGC 7055,NGC 7055,319.875458,57.545611,0.00,OCl,NGC
NGC 7056,NGC 7056,320.531500,18.665667,13.09,G,NGC
NGC 7057,NGC 7057,321.244583,-42.460444,13.83,G,NGC
NGC 7058,NGC 7058,320.473250,50.819028,0.00,OCl,NGC
NGC 7059,NGC 7059,321.839458,-60.014583,12.08,G,NGC
NGC 7060,NGC 7060,321.473250,-42.411278,12.82,G,NGC
NGC 7061,NGC 7061,321.861875,-49.063500,14.16,G,NGC
NGC 7062,NGC 7062,320.864500,46.378528,8.30,OCl,NGC
NGC 7063,NGC 7063,321.090417,36.487500,7.00,OCl,NGC
NGC 7064,NGC 7064,322.262417,-52.767611,12.11,G,NGC
NGC 7065,NGC 7065,321.677125,-6.994917,14.27,G,NGC
NGC 7065A,NGC 7065A,321.741042,-7.021528,14.32,G,NGC
NGC 7066,NGC 7066,321.558333,14.181944,15.20,GPair,NGC
NGC 7067,NGC 7067,321.096333,48.009250,9.70,OCl,NGC
NGC 7068,NGC 7068,321.634875,12.184306,14.76,G,NGC
NGC 7069,NGC 7069,322.024458,-1.646861,14.62,G,NGC
NGC 7070,NGC 7070,322.605625,-43.087111,12.31,G,NGC
NGC 7070A,NGC 7070A,322.947042,-42.847667,12.34,G,NGC
NGC 7071,NGC 7071,321.663875,47.919583,0.00,*Ass,NGC
NGC 7072,NGC 7072,322.653833,-43.153528,12.81,G,NGC
NGC 7072A,NGC 7072A,322.607000,-43.202611,13.87,G,NGC
NGC 7073,NGC 7073,322.358417,-11.488139,14.49,G,NGC
NGC 7074,NGC 7074,322.411833,6.682556,14.94,G,NGC
NGC 7075,NGC 7075,322.887417,-38.617917,12.73,G,NGC
NGC 7076,NGC 7076,321.597917,62.892500,13.50,PN,NGC
NGC 7077,NGC 7077,322.498375,2.414167,13.67,G,NGC
NGC 7078,NGC 7078,322.493250,12.166833,6.30,GCl,NGC
NGC 7079,NGC 7079,323.146875,-44.067556,11.65,G,NGC
NGC 7080,NGC 7080,322.508125,26.717806,12.38,G,NGC
NGC 7081,NGC 7081,322.850500,2.491278,13.67,G,NGC
NGC 7082,NGC 7082,322.323917,47.126278,7.20,OCl,NGC
NGC 7083,NGC 7083,323.936208,-63.902833,11.24,G,NGC
NGC 7084,NGC 7084,323.138042,17.508528,0.00,OCl,NGC
NGC 7085,NGC 7085,323.105125,6.581250,15.26,G,NGC
NGC 7086,NGC 7086,322.614792,51.600528,8.40,OCl,NGC
NGC 7087,NGC 7087,323.639458,-40.818639,13.01,G,NGC
NGC 7088,NGC 7088,323.342167,-0.382611,0.00,Other,NGC
NGC 7089,NGC 7089,323.362542,-0.823306,6.25,GCl,NGC
NGC 7090,NGC 7090,324.120250,-54.557333,10.87,G,NGC
NGC 7091,NGC 7091,323.533083,-36.653722,13.51,G,NGC
NGC 7092,NGC 7092,322.951333,48.438167,4.60,OCl,NGC
NGC 7093,NGC 7093,323.590417,45.965000,0.00,OCl,NGC
NGC 7094,NGC 7094,324.220708,12.788639,13.40,PN,NGC
NGC 7095,NGC 7095,328.110167,-81.530833,11.92,G,NGC
NGC 7096,NGC 7096,325.330333,-63.908694,11.97,G,NGC
NGC 7096A,NGC 7096A,324.701125,-64.350194,14.16,G,NGC
NGC 7097,NGC 7097,325.053792,-42.539389,11.70,G,NGC
NGC 7097A,NGC 7097A,325.157750,-42.480278,14.28,G,NGC
NGC 7098,NGC 7098,326.067167,-75.111333,11.53,G,NGC
NGC 7099,NGC 7099,325.091750,-23.179083,7.10,GCl,NGC
NGC 7100,NGC 7100,324.779333,8.951528,0.00,*,NGC
NGC 7101,NGC 7101,324.894208,8.876944,14.86,G,NGC
NGC 7102,NGC 7102,324.935375,6.286306,14.07,G,NGC
NGC 7103,NGC 7103,324.964583,-22.473889,15.33,G,NGC
NGC 7104,NGC 7104,325.013250,-22.424806,15.36,G,NGC
NGC 7105,NGC 7105,325.422292,-10.635500,14.25,G,NGC
NGC 7106,NGC 7106,325.652458,-52.699528,13.34,G,NGC
NGC 7107,NGC 7107,325.610333,-44.790278,13.34,G,NGC
NGC 7108,NGC 7108,325.473958,-6.708833,14.88,G,NGC
NGC 7109,NGC 7109,325.493875,-34.445889,14.47,G,NGC
NGC 7110,NGC 7110,325.550625,-34.162222,14.26,G,NGC
NGC 7111,NGC 7111,325.473958,-6.708833,0.00,Dup,NGC
NGC 7112,NGC 7112,325.611000,12.569250,15.12,G,NGC
NGC 7113,NGC 7113,325.611000,12.569250,0.00,Dup,NGC
NGC 7114,Schmidt's Nova Cygni,325.433458,42.841806,3.00,*,NGC
NGC 7115,NGC 7115,325.910542,-25.351611,14.15,G,NGC
NGC 7116,NGC 7116,325.667583,28.946583,14.13,G,NGC
NGC 7117,NGC 7117,326.446000,-48.420417,12.80,G,NGC
NGC 7118,NGC 7118,326.540583,-48.353806,12.57,G,NGC
NGC 7119,NGC 7119,326.564583,-46.518056,0.00,GPair,NGC
NGC 7119A,NGC 7119A,326.566875,-46.516139,13.44,G,NGC
NGC 7119B,NGC 7119B,326.563250,-46.518417,13.75,G,NGC
NGC 7120,NGC 7120,326.138417,-6.523167,14.88,G,NGC
NGC 7121,NGC 7121,326.219083,-3.619722,14.39,G,NGC
NGC 7122,NGC 7122,326.449250,-8.829611,0.00,**,NGC
NGC 7123,NGC 7123,327.694292,-70.334139,13.30,G,NGC
NGC 7124,NGC 7124,327.022458,-50.565222,12.22,G,NGC
NGC 7125,NGC 7125,327.316583,-60.713167,12.46,G,NGC
NGC 7126,NGC 7126,327.325542,-60.609222,12.28,G,NGC
NGC 7127,NGC 7127,325.924958,54.629972,0.00,OCl,NGC
NGC 7128,NGC 7128,325.990875,53.715139,9.70,OCl,NGC
NGC 7129,NGC 7129,325.745958,66.112972,11.50,Cl+N,NGC
NGC 7130,NGC 7130,327.081333,-34.951250,12.72,G,NGC
NGC 7131,NGC 7131,326.900458,-13.182611,14.91,G,NGC
NGC 7132,NGC 7132,326.819083,10.241167,14.53,G,NGC
NGC 7133,NGC 7133,326.111250,66.168417,0.00,Other,NGC
NGC 7134,NGC 7134,327.234417,-12.973139,0.00,Other,NGC
NGC 7135,NGC 7135,327.441708,-34.876278,12.19,G,NGC
NGC 7136,NGC 7136,327.429708,-11.793306,0.00,**,NGC
NGC 7137,NGC 7137,327.054333,22.159583,12.38,G,NGC
NGC 7138,NGC 7138,327.254542,12.514222,15.34,G,NGC
NGC 7139,NGC 7139,326.535833,63.791944,13.30,PN,NGC
NGC 7140,NGC 7140,328.063792,-55.569667,11.68,G,NGC
NGC 7141,NGC 7141,328.063792,-55.569667,0.00,Dup,NGC
NGC 7142,NGC 7142,326.289625,65.774444,9.30,OCl,NGC
NGC 7143,NGC 7143,327.223625,29.954972,0.00,Other,NGC
NGC 7144,NGC 7144,328.176792,-48.253750,11.00,G,NGC
NGC 7145,NGC 7145,328.334333,-47.882444,11.12,G,NGC
NGC 7146,NGC 7146,327.947375,3.017028,15.46,G,NGC
NGC 7147,NGC 7147,327.993458,3.071694,14.97,G,NGC
NGC 7148,NGC 7148,328.035292,3.341472,0.00,**,NGC
NGC 7149,NGC 7149,328.048667,3.301139,14.53,G,NGC
NGC 7150,NGC 7150,327.599958,49.756083,0.00,Other,NGC
NGC 7151,NGC 7151,328.767250,-50.657889,13.49,G,NGC
NGC 7152,NGC 7152,328.496000,-29.289083,14.46,G,NGC
NGC 7153,NGC 7153,328.647542,-29.063611,14.43,G,NGC
NGC 7154,NGC 7154,328.837667,-34.814139,12.48,G,NGC
NGC 7155,NGC 7155,329.040542,-49.521944,12.13,G,NGC
NGC 7156,NGC 7156,328.640125,2.943028,12.71,G,NGC
NGC 7157,NGC 7157,329.236250,-25.350528,14.86,G,NGC
NGC 7158,NGC 7158,329.367167,-11.592528,0.00,Other,NGC
NGC 7159,NGC 7159,329.106708,13.562639,15.00,G,NGC
NGC 7160,NGC 7160,328.417792,62.603306,6.10,OCl,NGC
NGC 7161,NGC 7161,329.241208,2.916222,0.00,Other,NGC
NGC 7162,NGC 7162,329.913042,-43.305972,12.68,G,NGC
NGC 7162A,NGC 7162A,330.148958,-43.141722,13.10,G,NGC
NGC 7163,NGC 7163,329.835167,-31.883167,13.23,G,NGC
NGC 7164,NGC 7164,329.098500,1.363944,15.57,G,NGC
NGC 7165,NGC 7165,329.858750,-16.512333,13.54,G,NGC
NGC 7166,NGC 7166,330.137167,-43.389722,12.04,G,NGC
NGC 7167,NGC 7167,330.127667,-24.632611,12.66,G,NGC
NGC 7168,NGC 7168,330.530833,-51.743083,11.90,G,NGC
NGC 7169,NGC 7169,330.702667,-47.697833,14.56,G,NGC
NGC 7170,NGC 7170,330.359417,-5.432778,14.77,G,NGC
NGC 7171,NGC 7171,330.258375,-13.269750,12.35,G,NGC
NGC 7172,NGC 7172,330.507875,-31.869667,12.24,G,NGC
NGC 7173,NGC 7173,330.513292,-31.973694,11.98,G,NGC
NGC 7174,NGC 7174,330.526875,-31.992972,12.15,G,NGC
NGC 7175,NGC 7175,329.665958,54.806361,0.00,OCl,NGC
NGC 7176,NGC 7176,330.535167,-31.989750,12.43,G,NGC
NGC 7177,NGC 7177,330.171833,17.738056,11.13,G,NGC
NGC 7178,NGC 7178,330.605000,-35.790361,14.76,G,NGC
NGC 7179,NGC 7179,331.205500,-64.046833,12.82,G,NGC
NGC 7180,NGC 7180,330.576917,-20.547750,12.61,G,NGC
NGC 7181,NGC 7181,330.431208,-1.960556,15.37,G,NGC
NGC 7182,NGC 7182,330.465250,-2.196583,15.35,G,NGC
NGC 7183,NGC 7183,330.590083,-18.916500,12.94,G,NGC
NGC 7184,NGC 7184,330.665917,-20.812833,11.00,G,NGC
NGC 7185,NGC 7185,330.736458,-20.471278,12.58,G,NGC
NGC 7186,NGC 7186,330.271750,35.078833,0.00,Other,NGC
NGC 7187,NGC 7187,330.685667,-32.802167,12.55,G,NGC
NGC 7188,NGC 7188,330.870833,-20.317972,14.00,G,NGC
NGC 7189,NGC 7189,330.816667,0.571111,14.38,G,NGC
NGC 7190,NGC 7190,330.777833,11.199306,15.13,G,NGC
NGC 7191,NGC 7191,331.715792,-64.634556,13.81,G,NGC
NGC 7192,NGC 7192,331.709000,-64.316250,11.28,G,NGC
NGC 7193,NGC 7193,330.756500,10.803833,0.00,OCl,NGC
NGC 7194,NGC 7194,330.878917,12.636778,14.32,G,NGC
NGC 7195,NGC 7195,330.876167,12.660833,15.71,G,NGC
NGC 7196,NGC 7196,331.478375,-50.119333,12.01,G,NGC
NGC 7197,NGC 7197,330.741875,41.059000,14.41,G,NGC
NGC 7198,NGC 7198,331.309333,-0.648278,14.44,G,NGC
NGC 7199,NGC 7199,332.124333,-64.706139,13.08,G,NGC
NGC 7200,NGC 7200,331.789667,-49.995472,12.86,G,NGC
NGC 7201,NGC 7201,331.633042,-31.263000,13.95,G,NGC
NGC 7202,NGC 7202,331.680167,-31.217889,0.00,*,NGC
NGC 7203,NGC 7203,331.682833,-31.162417,13.70,G,NGC
NGC 7204,NGC 7204,331.725833,-31.051389,0.00,GPair,NGC
NGC 7204A,NGC 7204A,331.725000,-31.050611,15.07,G,NGC
NGC 7204B,NGC 7204B,331.730250,-31.053083,14.50,G,NGC
NGC 7205,NGC 7205,332.142875,-57.442583,10.97,G,NGC
NGC 7205A,NGC 7205A,331.883375,-57.464028,14.02,G,NGC
NGC 7206,NGC 7206,331.420375,16.785250,14.73,G,NGC
NGC 7207,NGC 7207,331.440333,16.767750,15.60,G,NGC
NGC 7208,NGC 7208,332.101750,-29.051167,13.36,G,NGC
NGC 7209,NGC 7209,331.282667,46.483528,7.70,OCl,NGC
NGC 7210,NGC 7210,346.710583,28.179028,0.00,Dup,NGC
NGC 7211,NGC 7211,331.591125,-8.089972,15.11,G,NGC
NGC 7212,NGC 7212,331.755417,10.231111,15.10,GTrpl,NGC
NGC 7213,NGC 7213,332.317958,-47.166611,11.15,G,NGC
NGC 7214,NGC 7214,332.282000,-27.809472,13.86,G,NGC
NGC 7215,NGC 7215,332.143667,0.511694,15.01,G,NGC
NGC 7216,NGC 7216,333.149333,-68.661861,12.59,G,NGC
NGC 7217,NGC 7217,331.968292,31.359333,10.47,G,NGC
NGC 7218,NGC 7218,332.548792,-16.661000,11.91,G,NGC
NGC 7219,NGC 7219,333.287583,-64.848972,12.59,G,NGC
NGC 7220,NGC 7220,332.879167,-22.952861,13.37,G,NGC
NGC 7221,NGC 7221,332.813542,-30.563167,12.16,G,NGC
NGC 7222,NGC 7222,332.715667,2.105806,15.43,G,NGC
NGC 7223,NGC 7223,332.538167,41.017278,13.42,G,NGC
NGC 7224,NGC 7224,332.897417,25.864500,14.94,G,NGC
NGC 7225,NGC 7225,333.283625,-26.148333,13.37,G,NGC
NGC 7226,NGC 7226,332.612042,55.398583,9.60,OCl,NGC
NGC 7227,NGC 7227,332.880542,38.721361,14.93,G,NGC
NGC 7228,NGC 7228,332.952500,38.699167,14.92,G,NGC
NGC 7229,NGC 7229,333.513417,-29.382750,12.73,G,NGC
NGC 7230,NGC 7230,333.554958,-17.074056,14.44,G,NGC
NGC 7231,NGC 7231,333.125500,45.328472,13.91,G,NGC
NGC 7232,NGC 7232,333.908333,-45.850083,11.89,G,NGC
NGC 7232A,NGC 7232A,333.422667,-45.893722,13.91,G,NGC
NGC 7232B,NGC 7232B,333.968542,-45.780639,13.59,G,NGC
NGC 7233,NGC 7233,333.954083,-45.846444,12.53,G,NGC
NGC 7234,NGC 7234,333.104250,57.271333,7.70,OCl,NGC
NGC 7235,NGC 7235,333.104250,57.271333,0.00,Dup,NGC
NGC 7236,NGC 7236,333.687458,13.846528,13.55,G,NGC
NGC 7237,NGC 7237,333.695333,13.840861,14.56,G,NGC
NGC 7238,NGC 7238,333.835458,22.519222,0.00,Other,NGC
NGC 7239,NGC 7239,333.755833,-5.053333,15.52,G,NGC
NGC 7240,NGC 7240,333.844000,37.280667,14.17,G,NGC
NGC 7241,NGC 7241,333.957792,19.232361,13.47,G,NGC
NGC 7242,NGC 7242,333.918750,37.300556,0.00,GPair,NGC
NGC 7243,NGC 7243,333.785750,49.897500,6.40,OCl,NGC
NGC 7244,NGC 7244,334.111792,16.471444,13.92,G,NGC
NGC 7245,NGC 7245,333.797958,54.342556,9.20,OCl,NGC
NGC 7246,NGC 7246,334.427833,-15.571278,13.76,G,NGC
NGC 7247,NGC 7247,334.421875,-23.731028,13.41,G,NGC
NGC 7248,NGC 7248,334.224750,40.502333,12.48,G,NGC
NGC 7249,NGC 7249,335.129167,-55.124861,13.39,G,NGC
NGC 7250,NGC 7250,334.574167,40.562389,12.56,G,NGC
NGC 7251,NGC 7251,335.113083,-15.773556,13.50,G,NGC
NGC 7252,NGC 7252,335.186458,-24.678278,12.13,G,NGC
NGC 7253,NGC 7253,334.870417,29.391667,0.00,GPair,NGC
NGC 7253A,NGC 7253A,334.865458,29.395806,13.99,G,NGC
NGC 7253B,NGC 7253B,334.875417,29.387778,13.95,G,NGC
NGC 7254,NGC 7254,335.650958,-21.737222,13.91,G,NGC
NGC 7255,NGC 7255,335.783333,-15.541417,15.15,G,NGC
NGC 7256,NGC 7256,335.650958,-21.737222,0.00,Dup,NGC
NGC 7257,NGC 7257,335.651833,-4.120750,13.69,G,NGC
NGC 7258,NGC 7258,335.741958,-28.345139,13.99,G,NGC
NGC 7259,NGC 7259,335.773000,-28.954833,13.77,G,NGC
NGC 7260,NGC 7260,335.651833,-4.120750,0.00,Dup,NGC
NGC 7261,NGC 7261,335.026625,58.051833,8.40,OCl,NGC
NGC 7262,NGC 7262,335.868917,-32.364250,15.00,G,NGC
NGC 7263,NGC 7263,335.438542,36.350000,15.62,G,NGC
NGC 7264,NGC 7264,335.557417,36.387000,14.60,G,NGC
NGC 7265,NGC 7265,335.614333,36.209611,12.22,G,NGC
NGC 7266,NGC 7266,335.995667,-4.073417,14.38,G,NGC
NGC 7267,NGC 7267,336.090875,-33.694083,12.23,G,NGC
NGC 7268,NGC 7268,336.422500,-31.200556,0.00,GPair,NGC
NGC 7269,NGC 7269,336.444292,-13.166389,14.61,G,NGC
NGC 7270,NGC 7270,335.948042,32.403028,14.95,G,NGC
NGC 7271,NGC 7271,335.989958,32.366861,16.03,G,NGC
NGC 7272,NGC 7272,336.132125,16.588167,15.30,G,NGC
NGC 7273,NGC 7273,336.038458,36.199833,14.68,G,NGC
NGC 7274,NGC 7274,336.046292,36.125861,14.18,G,NGC
NGC 7275,NGC 7275,336.071792,32.446250,14.94,G,NGC
NGC 7276,NGC 7276,336.059875,36.087556,14.89,G,NGC
NGC 7277,NGC 7277,336.545583,-31.145250,14.18,G,NGC
NGC 7278,NGC 7278,337.093375,-60.169833,15.20,G,NGC
NGC 7279,NGC 7279,336.802750,-35.140444,13.80,G,NGC
NGC 7280,NGC 7280,336.614917,16.148222,12.17,G,NGC
NGC 7281,NGC 7281,336.337417,57.821139,0.00,OCl,NGC
NGC 7282,NGC 7282,336.474417,40.314861,15.27,G,NGC
NGC 7283,NGC 7283,337.136417,17.470333,15.81,G,NGC
NGC 7284,NGC 7284,337.149708,-24.844139,13.33,G,NGC
NGC 7285,NGC 7285,337.158333,-24.840778,12.83,G,NGC
NGC 7286,NGC 7286,336.960500,29.095972,13.30,G,NGC
NGC 7287,NGC 7287,337.202917,-22.202500,14.75,GPair,NGC
NGC 7287A,NGC 7287A,337.202042,-22.203361,15.53,G,NGC
NGC 7287B,NGC 7287B,337.202875,-22.201778,16.79,G,NGC
NGC 7288,NGC 7288,337.062375,-2.884556,13.98,G,NGC
NGC 7289,NGC 7289,337.334375,-35.471972,14.26,G,NGC
NGC 7290,NGC 7290,337.110125,17.147444,13.27,G,NGC
NGC 7291,NGC 7291,337.122917,16.783139,14.83,G,NGC
NGC 7292,NGC 7292,337.107958,30.292306,12.56,G,NGC
NGC 7293,Helix Nebula,337.410708,-20.837333,7.30,PN,NGC
NGC 7294,NGC 7294,338.033583,-25.397778,13.57,G,NGC
NGC 7295,NGC 7295,337.011833,52.289083,9.70,OCl,NGC
NGC 7296,NGC 7296,337.011833,52.289083,0.00,Dup,NGC
NGC 7297,NGC 7297,337.792833,-37.826444,14.63,G,NGC
NGC 7298,NGC 7298,337.711042,-14.188250,13.77,G,NGC
NGC 7299,NGC 7299,337.887958,-37.809556,14.79,G,NGC
NGC 7300,NGC 7300,337.749625,-14.003528,12.83,G,NGC
NGC 7301,NGC 7301,337.644667,-17.573778,14.21,G,NGC
NGC 7302,NGC 7302,338.099167,-14.120528,12.18,G,NGC
NGC 7303,NGC 7303,337.886792,30.955972,13.62,G,NGC
NGC 7304,NGC 7304,337.935417,30.979667,0.00,Other,NGC
NGC 7305,NGC 7305,338.058083,11.712139,15.13,G,NGC
NGC 7306,NGC 7306,338.318625,-27.246611,13.50,G,NGC
NGC 7307,NGC 7307,338.468917,-40.932722,12.63,G,NGC
NGC 7308,NGC 7308,338.633917,-12.933861,14.40,G,NGC
NGC 7309,NGC 7309,338.585792,-10.357000,12.50,G,NGC
NGC 7310,NGC 7310,338.653792,-22.485083,14.20,G,NGC
NGC 7311,NGC 7311,338.527958,5.569889,13.32,G,NGC
NGC 7312,NGC 7312,338.644958,5.817361,14.45,G,NGC
NGC 7313,NGC 7313,338.885667,-26.101778,15.15,G,NGC
NGC 7314,NGC 7314,338.942458,-26.050472,11.22,G,NGC
NGC 7315,NGC 7315,338.882125,34.803389,13.87,G,NGC
NGC 7316,NGC 7316,338.984750,20.322250,13.04,G,NGC
NGC 7317,NGC 7317,338.966167,33.944889,13.66,G,NGC
NGC 7318,NGC 7318,338.990000,33.965556,0.00,GPair,NGC
NGC 7318A,NGC 7318A,338.986458,33.965472,13.39,G,NGC
NGC 7318B,NGC 7318B,338.993375,33.965917,13.97,G,NGC
NGC 7319,NGC 7319,339.014792,33.975722,13.48,G,NGC
NGC 7320,NGC 7320,339.014083,33.948111,12.96,G,NGC
NGC 7320C,NGC 7320C,339.084875,33.984972,15.54,G,NGC
NGC 7321,NGC 7321,339.116750,21.621806,13.92,G,NGC
NGC 7322,NGC 7322,339.464417,-37.231194,14.54,G,NGC
NGC 7323,NGC 7323,339.223708,19.143861,14.03,G,NGC
NGC 7324,NGC 7324,339.253833,19.146250,14.61,G,NGC
NGC 7325,NGC 7325,339.202167,34.368028,14.70,**,NGC
NGC 7326,NGC 7326,339.217042,34.423111,0.00,**,NGC
NGC 7327,NGC 7327,339.141833,34.503611,16.10,G,NGC
NGC 7328,NGC 7328,339.372000,10.531583,12.98,G,NGC
NGC 7329,NGC 7329,340.100917,-66.478972,11.70,G,NGC
NGC 7330,NGC 7330,339.234083,38.548056,13.55,G,NGC
NGC 7331,NGC 7331,339.266708,34.415528,9.41,G,NGC
NGC 7332,NGC 7332,339.352250,23.798333,11.05,G,NGC
NGC 7333,NGC 7333,339.298500,34.437833,15.10,*,NGC
NGC 7334,NGC 7334,339.464417,-37.231194,0.00,Dup,NGC
NGC 7335,NGC 7335,339.330792,34.447750,13.39,G,NGC
NGC 7336,NGC 7336,339.341417,34.481750,15.64,G,NGC
NGC 7337,NGC 7337,339.360917,34.374306,15.65,G,NGC
NGC 7338,NGC 7338,339.380500,34.414472,0.00,**,NGC
NGC 7339,NGC 7339,339.446833,23.786694,12.24,G,NGC
NGC 7340,NGC 7340,339.434250,34.410000,14.64,G,NGC
NGC 7341,NGC 7341,339.773083,-22.666667,13.42,G,NGC
NGC 7342,NGC 7342,339.554792,35.498861,15.23,G,NGC
NGC 7343,NGC 7343,339.657750,34.071444,13.50,G,NGC
NGC 7344,NGC 7344,339.901042,-4.158972,14.61,G,NGC
NGC 7345,NGC 7345,339.686917,35.540583,15.04,G,NGC
NGC 7346,NGC 7346,339.897708,11.083333,15.66,G,NGC
NGC 7347,NGC 7347,339.984042,11.027556,14.54,G,NGC
NGC 7348,NGC 7348,340.151167,11.906222,14.75,G,NGC
NGC 7349,NGC 7349,340.312083,-21.798500,14.51,G,NGC
NGC 7350,NGC 7350,340.202333,12.006528,0.00,**,NGC
NGC 7351,NGC 7351,340.362250,-4.444722,13.55,G,NGC
NGC 7352,NGC 7352,339.932083,57.394361,0.00,Other,NGC
NGC 7353,NGC 7353,340.552125,11.877306,16.67,G,NGC
NGC 7354,NGC 7354,340.081708,61.284833,12.20,PN,NGC
NGC 7355,NGC 7355,340.877333,-36.865167,15.09,G,NGC
NGC 7356,NGC 7356,340.509792,30.708806,15.31,G,NGC
NGC 7357,NGC 7357,340.599750,30.171361,15.11,G,NGC
NGC 7358,NGC 7358,341.401833,-65.121833,12.75,G,NGC
NGC 7359,NGC 7359,341.200000,-23.688083,12.45,G,NGC
NGC 7360,NGC 7360,340.891458,4.151167,14.48,G,NGC
NGC 7361,NGC 7361,340.574625,-30.057667,12.35,G,NGC
NGC 7362,NGC 7362,340.955333,8.705444,12.74,G,NGC
NGC 7363,NGC 7363,340.832958,34.001500,14.53,G,NGC
NGC 7364,NGC 7364,341.101542,-0.162083,13.36,G,NGC
NGC 7365,NGC 7365,341.291833,-19.952028,12.81,G,NGC
NGC 7366,NGC 7366,341.110958,10.781361,16.22,G,NGC
NGC 7367,NGC 7367,341.143542,3.646389,14.82,G,NGC
NGC 7368,NGC 7368,341.382000,-39.341833,13.17,G,NGC
NGC 7369,NGC 7369,341.051250,34.351222,14.73,G,NGC
NGC 7370,NGC 7370,341.405125,11.057806,16.38,G,NGC
NGC 7371,NGC 7371,341.515583,-11.001139,12.02,G,NGC
NGC 7372,NGC 7372,341.441667,11.130833,14.51,G,NGC
NGC 7373,NGC 7373,341.580875,3.210056,14.71,G,NGC
NGC 7374,NGC 7374,341.503958,10.853611,14.83,G,NGC
NGC 7374B,NGC 7374B,341.496625,10.867500,15.55,G,NGC
NGC 7375,NGC 7375,341.633500,21.083639,14.67,G,NGC
NGC 7376,NGC 7376,341.822417,3.645583,15.56,G,NGC
NGC 7377,NGC 7377,341.947917,-22.312111,11.19,G,NGC
NGC 7378,NGC 7378,341.948750,-11.816639,13.00,G,NGC
NGC 7379,NGC 7379,341.887292,40.238806,14.33,G,NGC
NGC 7380,NGC 7380,341.837542,58.132417,7.20,Cl+N,NGC
NGC 7381,NGC 7381,342.533958,-19.725111,14.93,G,NGC
NGC 7382,NGC 7382,342.599667,-36.857306,14.67,G,NGC
NGC 7383,NGC 7383,342.398417,11.556389,14.01,G,NGC
NGC 7384,NGC 7384,342.427292,11.487444,0.00,*,NGC
NGC 7385,NGC 7385,342.477458,11.608556,12.13,G,NGC
NGC 7386,NGC 7386,342.508958,11.698361,12.52,G,NGC
NGC 7387,NGC 7387,342.573500,11.636722,13.98,G,NGC
NGC 7388,NGC 7388,342.587583,11.710944,0.00,*,NGC
NGC 7389,NGC 7389,342.566875,11.566194,14.86,G,NGC
NGC 7390,NGC 7390,342.581750,11.531028,15.45,G,NGC
NGC 7391,NGC 7391,342.650542,-1.544833,12.05,G,NGC
NGC 7392,NGC 7392,342.953083,-20.608083,11.84,G,NGC
NGC 7393,NGC 7393,342.908708,-5.557306,13.34,G,NGC
NGC 7394,NGC 7394,342.532000,52.180111,0.00,OCl,NGC
NGC 7395,NGC 7395,342.762208,37.087806,15.16,G,NGC
NGC 7396,NGC 7396,343.094333,1.092389,13.49,G,NGC
NGC 7397,NGC 7397,343.194583,1.132778,15.04,G,NGC
NGC 7398,NGC 7398,343.205292,1.201111,14.64,G,NGC
NGC 7399,NGC 7399,343.163583,-9.267778,14.50,G,NGC
NGC 7400,NGC 7400,343.586750,-45.347028,13.64,G,NGC
NGC 7401,NGC 7401,343.244000,1.142667,15.26,G,NGC
NGC 7402,NGC 7402,343.268667,1.144444,16.05,G,NGC
NGC 7403,NGC 7403,343.276667,1.482722,0.00,*,NGC
NGC 7404,NGC 7404,343.577542,-39.314944,12.74,G,NGC
NGC 7405,NGC 7405,343.238208,12.593611,16.98,G,NGC
NGC 7406,NGC 7406,343.484333,-6.579250,14.17,G,NGC
NGC 7407,NGC 7407,343.337000,32.130667,14.11,G,NGC
NGC 7408,NGC 7408,343.986917,-63.694722,15.41,G,NGC
NGC 7409,NGC 7409,343.450500,20.210389,15.49,G,NGC
NGC 7410,NGC 7410,343.753958,-39.661333,11.19,G,NGC
NGC 7411,NGC 7411,343.645500,20.236167,14.64,G,NGC
NGC 7412,NGC 7412,343.940625,-42.642028,11.33,G,NGC
NGC 7412A,NGC 7412A,344.287500,-42.804472,13.96,G,NGC
NGC 7413,NGC 7413,343.762917,13.220472,15.16,G,NGC
NGC 7414,NGC 7414,343.851750,13.248278,16.77,G,NGC
NGC 7415,NGC 7415,343.723417,20.261556,14.96,G,NGC
NGC 7416,NGC 7416,343.923750,-5.495333,12.33,G,NGC
NGC 7417,NGC 7417,344.456292,-65.038556,12.31,G,NGC
NGC 7418,NGC 7418,344.150667,-37.030083,11.04,G,NGC
NGC 7418A,NGC 7418A,344.171875,-36.772722,13.60,G,NGC
NGC 7419,NGC 7419,343.583583,60.815528,13.00,OCl,NGC
NGC 7420,NGC 7420,343.883542,29.805000,14.94,G,NGC
NGC 7421,NGC 7421,344.226375,-37.347250,11.99,G,NGC
NGC 7422,NGC 7422,344.051583,3.926778,14.26,G,NGC
NGC 7423,NGC 7423,343.785583,57.096917,0.00,OCl,NGC
NGC 7424,NGC 7424,344.326542,-41.070583,10.18,G,NGC
NGC 7425,NGC 7425,344.314750,-10.950000,15.22,G,NGC
NGC 7426,NGC 7426,344.011917,36.361361,13.51,G,NGC
NGC 7427,NGC 7427,344.291333,8.505583,15.29,G,NGC
NGC 7428,NGC 7428,344.331375,-1.049000,13.76,G,NGC
NGC 7429,NGC 7429,344.002500,59.973861,0.00,OCl,NGC
NGC 7430,NGC 7430,344.373833,8.794306,15.08,G,NGC
NGC 7431,NGC 7431,344.411208,26.164306,15.45,G,NGC
NGC 7432,NGC 7432,344.508083,13.134500,14.81,G,NGC
NGC 7433,NGC 7433,344.465458,26.162167,15.55,G,NGC
NGC 7434,NGC 7434,344.589375,-1.183944,15.19,G,NGC
NGC 7435,NGC 7435,344.476958,26.138861,15.43,G,NGC
NGC 7436,NGC 7436,344.487083,26.150000,0.00,GPair,NGC
NGC 7436A,NGC 7436A,344.484042,26.149972,15.00,G,NGC
NGC 7436B,NGC 7436B,344.489750,26.149944,13.90,G,NGC
NGC 7437,NGC 7437,344.541917,14.308500,13.95,G,NGC
NGC 7438,NGC 7438,344.334875,54.309306,0.00,OCl,NGC
NGC 7439,NGC 7439,344.541500,29.228417,15.08,G,NGC
NGC 7440,NGC 7440,344.635583,35.802417,13.51,G,NGC
NGC 7441,NGC 7441,344.172417,-7.379056,14.31,G,NGC
NGC 7442,NGC 7442,344.860625,15.548389,14.15,G,NGC
NGC 7443,NGC 7443,345.036875,-12.807889,12.91,G,NGC
NGC 7444,NGC 7444,345.037333,-12.834278,12.82,G,NGC
NGC 7445,NGC 7445,344.843500,39.107528,15.58,G,NGC
NGC 7446,NGC 7446,344.870833,39.082889,15.44,G,NGC
NGC 7447,NGC 7447,345.108667,-10.528000,0.00,Other,NGC
NGC 7448,NGC 7448,345.014958,15.980333,11.69,G,NGC
NGC 7449,NGC 7449,344.906833,39.145861,15.35,G,NGC
NGC 7450,NGC 7450,345.199250,-12.918528,14.33,G,NGC
NGC 7451,NGC 7451,345.170250,8.467917,14.94,G,NGC
NGC 7452,NGC 7452,345.197917,6.745528,16.52,G,NGC
NGC 7453,NGC 7453,345.355875,-6.356500,0.00,Other,NGC
NGC 7454,NGC 7454,345.277125,16.388361,11.86,G,NGC
NGC 7455,NGC 7455,345.170708,7.303056,15.26,G,NGC
NGC 7456,NGC 7456,345.543417,-39.569389,11.88,G,NGC
NGC 7457,NGC 7457,345.249708,30.144944,10.98,G,NGC
NGC 7458,NGC 7458,345.369333,1.753389,12.54,G,NGC
NGC 7459,NGC 7459,345.249583,6.750000,0.00,GPair,NGC
NGC 7460,NGC 7460,345.428792,2.263611,12.99,G,NGC
NGC 7461,NGC 7461,345.451375,15.582472,14.48,G,NGC
NGC 7462,NGC 7462,345.693708,-40.835250,12.20,G,NGC
NGC 7463,NGC 7463,345.466583,15.981861,13.19,G,NGC
NGC 7464,NGC 7464,345.473750,15.973750,14.43,G,NGC
NGC 7465,NGC 7465,345.504042,15.964778,13.27,G,NGC
NGC 7466,NGC 7466,345.514292,27.052639,14.42,G,NGC
NGC 7467,NGC 7467,345.614500,15.554083,15.38,G,NGC
NGC 7468,NGC 7468,345.746917,16.605250,13.61,G,NGC
NGC 7469,NGC 7469,345.815083,8.874000,12.59,G,NGC
NGC 7470,NGC 7470,346.308583,-50.111583,13.73,G,NGC
NGC 7471,NGC 7471,345.974250,-22.906917,0.00,Other,NGC
NGC 7472,NGC 7472,346.410875,3.059250,14.55,G,NGC
NGC 7473,NGC 7473,345.987875,30.160139,14.74,G,NGC
NGC 7474,NGC 7474,346.018458,20.067194,15.01,G,NGC
NGC 7475,NGC 7475,346.045417,20.081139,0.00,GPair,NGC
NGC 7476,NGC 7476,346.299458,-43.099361,13.58,G,NGC
NGC 7477,NGC 7477,346.169417,3.118000,16.92,G,NGC
NGC 7478,NGC 7478,346.235875,2.577778,16.40,G,NGC
NGC 7479,NGC 7479,346.236042,12.322889,11.09,G,NGC
NGC 7480,NGC 7480,346.306750,2.549417,14.81,G,NGC
NGC 7481,NGC 7481,346.465083,-19.939667,0.00,Other,NGC
NGC 7482,NGC 7482,346.410875,3.059250,0.00,Dup,NGC
NGC 7483,NGC 7483,346.451208,3.545111,14.22,G,NGC
NGC 7484,NGC 7484,346.770458,-36.275361,12.98,G,NGC
NGC 7485,NGC 7485,346.520250,34.107694,14.15,G,NGC
NGC 7486,NGC 7486,346.554083,34.101500,0.00,Other,NGC
NGC 7487,NGC 7487,346.710583,28.179028,14.72,G,NGC
NGC 7488,NGC 7488,346.953958,0.940528,14.64,G,NGC
NGC 7489,NGC 7489,346.886292,22.998000,14.23,G,NGC
NGC 7490,NGC 7490,346.854875,32.375056,12.69,G,NGC
NGC 7491,NGC 7491,347.024917,-5.966667,14.51,G,NGC
NGC 7492,NGC 7492,347.111167,-15.611472,10.48,GCl,NGC
NGC 7493,NGC 7493,347.131792,0.910000,0.00,*,NGC
NGC 7494,NGC 7494,347.244083,-24.369583,15.21,G,NGC
NGC 7495,NGC 7495,347.238250,12.048028,13.12,G,NGC
NGC 7496,NGC 7496,347.447042,-43.427944,12.73,G,NGC
NGC 7496A,NGC 7496A,348.097000,-43.778194,14.61,G,NGC
NGC 7497,NGC 7497,347.264208,18.177194,12.28,G,NGC
NGC 7498,NGC 7498,347.484167,-24.425056,14.98,G,NGC
NGC 7499,NGC 7499,347.593292,7.580667,12.98,G,NGC
NGC 7500,NGC 7500,347.624208,11.012306,14.94,G,NGC
NGC 7501,NGC 7501,347.626750,7.589028,13.47,G,NGC
NGC 7502,NGC 7502,347.582458,-21.737583,0.00,Other,NGC
NGC 7503,NGC 7503,347.676167,7.567694,13.49,G,NGC
NGC 7504,NGC 7504,347.671542,14.386306,0.00,*,NGC
NGC 7505,NGC 7505,347.752708,13.631556,15.36,G,NGC
NGC 7506,NGC 7506,347.920750,-2.160028,14.23,G,NGC
NGC 7507,NGC 7507,348.031625,-28.539611,10.04,G,NGC
NGC 7508,NGC 7508,347.954958,12.940417,15.66,G,NGC
NGC 7509,NGC 7509,348.089208,14.609361,16.47,G,NGC
NGC 7510,NGC 7510,347.765750,60.570889,7.90,OCl,NGC
NGC 7511,NGC 7511,348.109542,13.726583,15.04,G,NGC
NGC 7512,NGC 7512,348.087208,31.125611,14.04,G,NGC
NGC 7513,NGC 7513,348.308458,-28.357500,11.80,G,NGC
NGC 7514,NGC 7514,348.107750,34.881500,13.15,G,NGC
NGC 7515,NGC 7515,348.202792,12.679278,12.48,G,NGC
NGC 7516,NGC 7516,348.216083,20.248417,14.53,G,NGC
NGC 7517,NGC 7517,348.307625,-2.100417,15.42,G,NGC
NGC 7518,NGC 7518,348.303042,6.321667,13.49,G,NGC
NGC 7519,NGC 7519,348.296833,10.772167,15.14,G,NGC
NGC 7520,NGC 7520,348.437000,-23.794194,0.00,Other,NGC
NGC 7521,NGC 7521,348.397292,-1.731500,14.90,G,NGC
NGC 7522,NGC 7522,348.901667,-22.894861,0.00,*,NGC
NGC 7523,NGC 7523,348.394667,13.986806,15.62,G,NGC
NGC 7524,NGC 7524,348.443958,-1.730083,15.64,G,NGC
NGC 7525,NGC 7525,348.418167,14.022972,0.00,GPair,NGC
NGC 7526,NGC 7526,348.509708,-9.221639,0.00,Other,NGC
NGC 7527,NGC 7527,348.424042,24.902278,14.79,G,NGC
NGC 7528,NGC 7528,348.584417,10.231444,15.98,G,NGC
NGC 7529,NGC 7529,348.513292,8.992500,14.14,G,NGC
NGC 7530,NGC 7530,348.549292,-2.779333,14.99,G,NGC
NGC 7531,NGC 7531,348.702083,-43.599944,11.25,G,NGC
NGC 7532,NGC 7532,348.592625,-2.728194,14.80,G,NGC
NGC 7533,NGC 7533,348.592000,-2.033722,15.67,G,NGC
NGC 7534,NGC 7534,348.611167,-2.698250,14.22,G,NGC
NGC 7535,NGC 7535,348.553208,13.581889,13.70,G,NGC
NGC 7536,NGC 7536,348.554917,13.426389,13.45,G,NGC
NGC 7537,NGC 7537,348.643750,4.498361,13.20,G,NGC
NGC 7538,NGC 7538,348.410958,61.512389,0.00,Cl+N,NGC
NGC 7539,NGC 7539,348.622667,23.684833,12.95,G,NGC
NGC 7540,NGC 7540,348.650292,15.950306,15.67,G,NGC
NGC 7541,NGC 7541,348.682875,4.534361,11.76,G,NGC
NGC 7542,NGC 7542,348.673458,10.643250,15.62,G,NGC
NGC 7543,NGC 7543,348.644083,28.327222,14.25,G,NGC
NGC 7544,NGC 7544,348.737417,-2.199333,15.93,G,NGC
NGC 7545,NGC 7545,348.883750,-38.535583,13.83,G,NGC
NGC 7546,NGC 7546,348.773500,-2.324750,14.93,G,NGC
NGC 7547,NGC 7547,348.764167,18.973444,14.72,G,NGC
NGC 7548,NGC 7548,348.796292,25.281944,14.44,G,NGC
NGC 7549,NGC 7549,348.821792,19.041694,14.08,G,NGC
NGC 7550,NGC 7550,348.816708,18.961806,13.17,G,NGC
NGC 7551,NGC 7551,348.841792,15.941000,15.70,G,NGC
NGC 7552,NGC 7552,349.044833,-42.584750,11.45,G,NGC
NGC 7553,NGC 7553,348.887875,19.048167,15.67,G,NGC
NGC 7554,NGC 7554,348.922250,-2.378611,15.89,G,NGC
NGC 7555,NGC 7555,348.878542,12.572861,0.00,Other,NGC
NGC 7556,NGC 7556,348.935292,-2.381500,15.98,G,NGC
NGC 7556A,NGC 7556A,348.932208,-2.385556,0.00,G,NGC
NGC 7557,NGC 7557,348.915708,6.708333,14.17,G,NGC
NGC 7558,NGC 7558,348.909292,18.919694,15.88,G,NGC
NGC 7559,NGC 7559,348.942917,13.293889,0.00,GPair,NGC
NGC 7559A,NGC 7559A,348.941625,13.296944,16.41,G,NGC
NGC 7559B,NGC 7559B,348.944000,13.290278,14.43,G,NGC
NGC 7560,NGC 7560,348.974000,4.495861,0.00,**,NGC
NGC 7561,NGC 7561,348.989250,4.522722,0.00,*,NGC
NGC 7562,NGC 7562,348.989583,6.687528,11.55,G,NGC
NGC 7562A,NGC 7562A,349.006083,6.652278,14.79,G,NGC
NGC 7563,NGC 7563,348.983042,13.196111,12.83,G,NGC
NGC 7564,NGC 7564,349.004958,7.348056,0.00,*,NGC
NGC 7565,NGC 7565,349.082542,-0.058611,0.00,Other,NGC
NGC 7566,NGC 7566,349.155958,-2.330556,14.37,G,NGC
NGC 7567,NGC 7567,349.042833,15.850028,15.36,G,NGC
NGC 7568,NGC 7568,349.103625,24.497028,14.46,G,NGC
NGC 7569,NGC 7569,349.185625,8.905444,14.47,G,NGC
NGC 7570,NGC 7570,349.186125,13.483000,13.21,G,NGC
NGC 7571,NGC 7571,349.626083,18.688750,14.91,G,NGC
NGC 7572,NGC 7572,349.209875,18.483167,14.02,G,NGC
NGC 7573,NGC 7573,349.109792,-22.154389,14.90,G,NGC
NGC 7574,NGC 7574,349.103625,24.497028,0.00,Dup,NGC
NGC 7575,NGC 7575,349.336958,5.660778,14.95,G,NGC
NGC 7576,NGC 7576,349.344750,-4.727861,12.95,G,NGC
NGC 7577,NGC 7577,349.321250,7.365417,0.00,G,NGC
NGC 7578,NGC 7578,349.302917,18.704444,0.00,GPair,NGC
NGC 7578A,NGC 7578A,349.299750,18.701306,13.17,G,NGC
NGC 7578B,NGC 7578B,349.306500,18.708250,13.20,G,NGC
NGC 7579,NGC 7579,349.411875,9.433306,17.06,G,NGC
NGC 7580,NGC 7580,349.401667,14.001194,13.67,G,NGC
NGC 7581,NGC 7581,348.682875,4.534361,0.00,Dup,NGC
NGC 7582,NGC 7582,349.597917,-42.370556,11.03,G,NGC
NGC 7583,NGC 7583,349.469875,7.379444,14.45,G,NGC
NGC 7584,NGC 7584,349.470833,9.433333,15.23,G,NGC
NGC 7585,NGC 7585,349.505583,-4.650306,11.52,G,NGC
NGC 7586,NGC 7586,349.481667,8.584083,17.23,G,NGC
NGC 7587,NGC 7587,349.496375,9.680194,12.06,G,NGC
NGC 7588,NGC 7588,349.490875,18.752167,15.00,G,NGC
NGC 7589,NGC 7589,349.565292,0.261167,17.01,G,NGC
NGC 7590,NGC 7590,349.728375,-42.239056,12.34,G,NGC
NGC 7591,NGC 7591,349.567833,6.585806,13.18,G,NGC
NGC 7592,NGC 7592,349.592500,-4.416944,0.00,GTrpl,NGC
NGC 7592A,NGC 7592A,349.590833,-4.415750,13.56,G,NGC
NGC 7592B,NGC 7592B,349.594125,-4.416139,13.56,G,NGC
NGC 7592C,NGC 7592C,349.592208,-4.418889,0.00,G,NGC
NGC 7593,NGC 7593,349.487458,11.349167,13.48,G,NGC
NGC 7594,NGC 7594,349.558000,10.298306,13.76,G,NGC
NGC 7595,NGC 7595,349.625958,9.932417,0.00,G,NGC
NGC 7596,NGC 7596,349.300000,-6.912000,15.12,G,NGC
NGC 7597,NGC 7597,349.626083,18.688750,0.00,Dup,NGC
NGC 7598,NGC 7598,349.638625,18.749361,15.74,G,NGC
NGC 7599,NGC 7599,349.838083,-42.256833,11.35,G,NGC
NGC 7600,NGC 7600,349.724417,-7.580444,11.95,G,NGC
NGC 7601,NGC 7601,349.696042,9.233611,13.98,G,NGC
NGC 7602,NGC 7602,349.681375,18.698361,15.47,G,NGC
NGC 7603,NGC 7603,349.735917,0.243944,14.01,G,NGC
NGC 7604,NGC 7604,349.466250,7.429889,15.23,G,NGC
NGC 7605,NGC 7605,349.469875,7.379444,0.00,Dup,NGC
NGC 7606,NGC 7606,349.769917,-8.485083,11.00,G,NGC
NGC 7607,NGC 7607,349.746833,11.341722,0.00,**,NGC
NGC 7608,NGC 7608,349.813875,8.350139,14.18,G,NGC
NGC 7609,NGC 7609,349.877083,9.505278,0.00,GPair,NGC
NGC 7610,NGC 7610,349.922375,10.185000,13.06,G,NGC
NGC 7611,NGC 7611,349.902500,8.063250,12.56,G,NGC
NGC 7612,NGC 7612,349.934167,8.576389,12.79,G,NGC
NGC 7613,NGC 7613,349.965667,0.198861,0.00,Other,NGC
NGC 7614,NGC 7614,349.965667,0.198861,0.00,Other,NGC
NGC 7615,NGC 7615,349.976833,8.399417,14.32,G,NGC
NGC 7616,NGC 7616,349.922375,10.185000,0.00,Dup,NGC
NGC 7617,NGC 7617,350.037375,8.165778,13.88,G,NGC
NGC 7618,NGC 7618,349.946750,42.852639,14.26,G,NGC
NGC 7619,NGC 7619,350.060542,8.206250,11.06,G,NGC
NGC 7620,NGC 7620,350.023667,24.221139,13.38,G,NGC
NGC 7621,NGC 7621,350.102583,8.366306,15.56,G,NGC
NGC 7622,NGC 7622,350.410542,-62.117750,14.47,G,NGC
NGC 7623,NGC 7623,350.125083,8.395806,12.82,G,NGC
NGC 7624,NGC 7624,350.094208,27.315694,13.11,G,NGC
NGC 7625,NGC 7625,350.125542,17.225556,12.20,G,NGC
NGC 7626,NGC 7626,350.177292,8.216972,11.12,G,NGC
NGC 7627,NGC 7627,350.628875,11.892556,15.12,G,NGC
NGC 7628,NGC 7628,350.228667,25.898556,13.76,G,NGC
NGC 7629,NGC 7629,350.330708,1.403139,14.89,G,NGC
NGC 7630,NGC 7630,350.317958,11.397333,15.46,G,NGC
NGC 7631,NGC 7631,350.361125,8.217639,13.08,G,NGC
NGC 7632,NGC 7632,350.503750,-42.480500,12.15,G,NGC
NGC 7633,NGC 7633,350.763750,-67.653722,12.67,G,NGC
NGC 7634,NGC 7634,350.424000,8.886917,12.61,G,NGC
NGC 7635,Bubble Nebula,350.190000,61.212361,11.00,HII,NGC
NGC 7636,NGC 7636,350.637333,-29.280694,14.87,G,NGC
NGC 7637,NGC 7637,351.615250,-81.911583,13.25,G,NGC
NGC 7638,NGC 7638,350.638000,11.328806,15.50,GPair,NGC
NGC 7639,NGC 7639,350.700958,11.372861,15.93,G,NGC
NGC 7640,NGC 7640,350.527417,40.845417,11.01,G,NGC
NGC 7641,NGC 7641,350.628875,11.892556,0.00,Dup,NGC
NGC 7642,NGC 7642,350.722500,1.442778,14.68,G,NGC
NGC 7643,NGC 7643,350.710000,11.988833,13.21,G,NGC
NGC 7644,NGC 7644,350.710000,11.988833,0.00,Dup,NGC
NGC 7645,NGC 7645,350.947042,-29.388028,13.82,G,NGC
NGC 7646,NGC 7646,351.029000,-11.860694,14.01,G,NGC
NGC 7647,NGC 7647,350.989292,16.777278,12.90,G,NGC
NGC 7648,NGC 7648,350.975083,9.667472,12.95,G,NGC
NGC 7649,NGC 7649,351.083708,14.647139,13.57,G,NGC
NGC 7650,NGC 7650,351.339375,-57.791361,12.75,G,NGC
NGC 7651,NGC 7651,351.107500,13.970000,0.00,GPair,NGC
NGC 7652,NGC 7652,351.405958,-57.887389,14.52,G,NGC
NGC 7653,NGC 7653,351.205667,15.275583,12.74,G,NGC
NGC 7654,NGC 7654,351.201667,61.593167,6.90,OCl,NGC
NGC 7655,NGC 7655,351.691417,-68.027528,14.21,G,NGC
NGC 7656,NGC 7656,351.130875,-19.059056,14.47,G,NGC
NGC 7657,NGC 7657,351.697958,-57.805750,15.03,G,NGC
NGC 7658,NGC 7658,351.602917,-39.221806,0.00,GPair,NGC
NGC 7658A,NGC 7658A,351.602792,-39.215972,15.35,G,NGC
NGC 7658B,NGC 7658B,351.603542,-39.226611,14.52,G,NGC
NGC 7659,NGC 7659,351.482000,14.209833,14.76,G,NGC
NGC 7660,NGC 7660,351.452750,27.029889,12.65,G,NGC
NGC 7661,NGC 7661,351.809542,-65.270417,14.12,G,NGC
NGC 7662,Copeland's Blue Snowball,351.474583,42.534944,8.30,PN,NGC
NGC 7663,NGC 7663,351.688417,-4.966667,17.40,G,NGC
NGC 7664,NGC 7664,351.665667,25.080139,12.70,G,NGC
NGC 7665,NGC 7665,351.811667,-9.387000,14.23,G,NGC
NGC 7666,NGC 7666,351.852125,-4.186306,0.00,Other,NGC
NGC 7667,NGC 7667,351.096250,-0.108056,14.58,G,NGC
NGC 7668,NGC 7668,351.840917,-0.191306,0.00,Other,NGC
NGC 7669,NGC 7669,351.840917,-0.191306,0.00,Other,NGC
NGC 7670,NGC 7670,351.840917,-0.191306,0.00,Other,NGC
NGC 7671,NGC 7671,351.830583,12.467417,12.79,G,NGC
NGC 7672,NGC 7672,351.881000,12.385194,14.02,G,NGC
NGC 7673,NGC 7673,351.920917,23.589028,12.79,G,NGC
NGC 7674,NGC 7674,351.986333,8.779028,14.19,G,NGC
NGC 7675,NGC 7675,352.024667,8.768583,14.68,G,NGC
NGC 7676,NGC 7676,352.257167,-59.716667,13.48,G,NGC
NGC 7677,NGC 7677,352.025500,23.531389,13.19,G,NGC
NGC 7678,NGC 7678,352.116250,22.421194,12.14,G,NGC
NGC 7679,NGC 7679,352.194583,3.511472,13.16,G,NGC
NGC 7680,NGC 7680,352.146250,32.415722,12.54,G,NGC
NGC 7681,NGC 7681,352.228708,17.309639,14.68,G,NGC
NGC 7682,NGC 7682,352.266375,3.533333,13.94,G,NGC
NGC 7683,NGC 7683,352.265917,11.445167,12.55,G,NGC
NGC 7684,NGC 7684,352.633500,0.081056,14.35,G,NGC
NGC 7685,NGC 7685,352.639583,3.901583,13.16,G,NGC
NGC 7686,NGC 7686,352.530750,49.134111,5.60,OCl,NGC
NGC 7687,NGC 7687,352.726875,3.546611,14.94,G,NGC
NGC 7688,NGC 7688,352.772917,21.411528,15.40,G,NGC
NGC 7689,NGC 7689,353.319708,-54.094472,10.84,G,NGC
NGC 7690,NGC 7690,353.260667,-51.698361,12.31,G,NGC
NGC 7691,NGC 7691,353.101750,15.847833,12.85,G,NGC
NGC 7692,NGC 7692,353.194833,-5.596889,14.85,G,NGC
NGC 7693,NGC 7693,353.293792,-1.291861,14.58,G,NGC
NGC 7694,NGC 7694,353.315708,-2.702889,13.92,G,NGC
NGC 7695,NGC 7695,353.312500,-2.720194,15.93,G,NGC
NGC 7696,NGC 7696,353.458792,4.870806,14.75,G,NGC
NGC 7697,NGC 7697,353.720750,-65.396028,14.34,G,NGC
NGC 7698,NGC 7698,353.506583,24.944611,14.61,G,NGC
NGC 7699,NGC 7699,353.612625,-2.899444,15.73,G,NGC
NGC 7700,NGC 7700,353.626208,-2.953667,14.98,G,NGC
NGC 7701,NGC 7701,353.631250,-2.854278,14.36,G,NGC
NGC 7702,NGC 7702,353.870333,-56.012278,12.15,G,NGC
NGC 7703,NGC 7703,353.695292,16.075778,14.69,G,NGC
NGC 7704,NGC 7704,353.754292,4.897528,14.96,G,NGC
NGC 7705,NGC 7705,353.760500,4.803806,15.51,G,NGC
NGC 7706,NGC 7706,353.793542,4.964194,14.54,G,NGC
NGC 7707,NGC 7707,353.714167,44.304056,14.68,G,NGC
NGC 7708,NGC 7708,353.756083,72.833167,0.00,OCl,NGC
NGC 7709,NGC 7709,353.864458,-16.705083,13.60,G,NGC
NGC 7710,NGC 7710,353.942250,-2.880917,14.78,G,NGC
NGC 7711,NGC 7711,353.914042,15.301972,12.18,G,NGC
NGC 7712,NGC 7712,353.965167,23.618750,13.82,G,NGC
NGC 7713,NGC 7713,354.062458,-37.938083,11.18,G,NGC
NGC 7713A,NGC 7713A,354.284542,-37.714139,12.73,G,NGC
NGC 7714,NGC 7714,354.058750,2.155167,13.61,G,NGC
NGC 7715,NGC 7715,354.092250,2.156528,14.21,G,NGC
NGC 7716,NGC 7716,354.131042,0.297278,12.25,G,NGC
NGC 7717,NGC 7717,354.431958,-15.118500,13.83,G,NGC
NGC 7718,NGC 7718,354.520875,25.719722,15.15,G,NGC
NGC 7719,NGC 7719,354.510708,-22.974417,15.09,G,NGC
NGC 7720,NGC 7720,354.622458,27.031444,0.00,GPair,NGC
NGC 7720A,NGC 7720A,354.623083,27.034750,13.90,G,NGC
NGC 7721,NGC 7721,354.702708,-6.517861,11.68,G,NGC
NGC 7722,NGC 7722,354.671667,15.954639,13.46,G,NGC
NGC 7723,NGC 7723,354.737833,-12.961083,11.21,G,NGC
NGC 7724,NGC 7724,354.779833,-12.224056,13.79,G,NGC
NGC 7725,NGC 7725,354.811583,-4.539389,14.76,G,NGC
NGC 7726,NGC 7726,354.799625,27.115333,15.04,G,NGC
NGC 7727,NGC 7727,354.973833,-12.292778,10.64,G,NGC
NGC 7728,NGC 7728,355.003500,27.133722,14.07,G,NGC
NGC 7729,NGC 7729,355.140208,29.188167,14.45,G,NGC
NGC 7730,NGC 7730,355.191458,-20.508806,14.42,G,NGC
NGC 7731,NGC 7731,355.371125,3.740028,13.51,G,NGC
NGC 7732,NGC 7732,355.391125,3.724944,13.89,G,NGC
NGC 7733,NGC 7733,355.637292,-65.956500,14.27,G,NGC
NGC 7734,NGC 7734,355.678875,-65.944639,13.08,G,NGC
NGC 7735,NGC 7735,355.572125,26.231750,14.92,G,NGC
NGC 7736,NGC 7736,355.607417,-19.452306,12.88,G,NGC
NGC 7737,NGC 7737,355.693375,27.052944,14.74,G,NGC
NGC 7738,NGC 7738,356.008583,0.516639,14.16,G,NGC
NGC 7739,NGC 7739,356.125333,0.320472,14.94,G,NGC
NGC 7740,NGC 7740,355.884500,27.311889,14.90,G,NGC
NGC 7741,NGC 7741,355.976542,26.075611,11.27,G,NGC
NGC 7742,NGC 7742,356.065542,10.767083,11.58,G,NGC
NGC 7743,NGC 7743,356.088083,9.934083,12.43,G,NGC
NGC 7744,NGC 7744,356.246833,-42.910917,11.85,G,NGC
NGC 7745,NGC 7745,356.190792,25.908972,16.64,G,NGC
NGC 7746,NGC 7746,356.333333,-1.684889,14.42,G,NGC
NGC 7747,NGC 7747,356.384375,27.360944,14.42,G,NGC
NGC 7748,NGC 7748,356.236125,69.754861,7.15,*,NGC
NGC 7749,NGC 7749,356.448125,-29.517806,15.20,G,NGC
NGC 7750,NGC 7750,356.657667,3.799806,12.89,G,NGC
NGC 7751,NGC 7751,356.743083,6.861806,13.87,G,NGC
NGC 7752,NGC 7752,356.744000,29.458917,14.22,G,NGC
NGC 7753,NGC 7753,356.770125,29.483444,13.30,G,NGC
NGC 7754,NGC 7754,357.296708,-16.600583,15.00,G,NGC
NGC 7755,NGC 7755,356.965667,-30.522028,11.68,G,NGC
NGC 7756,NGC 7756,357.119167,4.125167,0.00,*,NGC
NGC 7757,NGC 7757,357.189667,4.171139,12.79,G,NGC
NGC 7758,NGC 7758,357.229917,-22.024194,15.47,G,NGC
NGC 7759,NGC 7759,357.227917,-16.541167,13.95,G,NGC
NGC 7760,NGC 7760,357.299750,30.983139,14.74,G,NGC
NGC 7761,NGC 7761,357.870375,-13.381583,14.11,G,NGC
NGC 7762,NGC 7762,357.507292,68.037972,0.00,OCl,NGC
NGC 7763,NGC 7763,357.565417,-16.590000,15.25,G,NGC
NGC 7764,NGC 7764,357.724917,-40.728222,12.21,G,NGC
NGC 7764A,NGC 7764A,358.343750,-40.810278,13.19,G,NGC
NGC 7765,NGC 7765,357.717333,27.166278,15.66,G,NGC
NGC 7766,NGC 7766,357.732958,27.126306,16.21,G,NGC
NGC 7767,NGC 7767,357.734792,27.087139,14.14,G,NGC
NGC 7768,NGC 7768,357.744083,27.147389,12.34,G,NGC
NGC 7769,NGC 7769,357.766542,20.150417,11.79,G,NGC
NGC 7770,NGC 7770,357.843917,20.096528,13.82,G,NGC
NGC 7771,NGC 7771,357.853375,20.111750,12.11,G,NGC
NGC 7772,NGC 7772,357.941500,16.248139,0.00,Other,NGC
NGC 7773,NGC 7773,358.041208,31.276611,14.44,G,NGC
NGC 7774,NGC 7774,358.046667,11.470000,0.00,GPair,NGC
NGC 7775,NGC 7775,358.101875,28.772667,13.85,G,NGC
NGC 7776,NGC 7776,358.569000,-13.586444,14.75,G,NGC
NGC 7777,NGC 7777,358.302083,28.283444,14.46,G,NGC
NGC 7778,NGC 7778,358.331958,7.870917,12.76,G,NGC
NGC 7779,NGC 7779,358.361625,7.875667,12.67,G,NGC
NGC 7780,NGC 7780,358.384042,8.118139,13.91,G,NGC
NGC 7781,NGC 7781,358.441583,7.860472,13.93,G,NGC
NGC 7782,NGC 7782,358.474542,7.970556,12.24,G,NGC
NGC 7783,NGC 7783,358.546083,0.379944,0.00,GPair,NGC
NGC 7784,NGC 7784,358.806958,21.762167,15.55,G,NGC
NGC 7785,NGC 7785,358.829292,5.915833,11.60,G,NGC
NGC 7786,NGC 7786,358.839750,21.588056,13.90,G,NGC
NGC 7787,NGC 7787,359.032583,0.549472,15.31,G,NGC
NGC 7788,NGC 7788,359.189917,61.399917,9.40,OCl,NGC
NGC 7789,NGC 7789,359.350250,56.708278,6.70,OCl,NGC
NGC 7790,NGC 7790,359.601083,61.208306,8.50,OCl,NGC
NGC 7791,NGC 7791,359.488750,10.765722,0.00,**,NGC
NGC 7792,NGC 7792,359.514875,16.501417,14.85,G,NGC
NGC 7793,NGC 7793,359.457625,-32.591028,9.29,G,NGC
NGC 7794,NGC 7794,359.642167,10.728139,13.74,G,NGC
NGC 7795,NGC 7795,359.656000,60.034972,0.00,OCl,NGC
NGC 7796,NGC 7796,359.749042,-55.458306,11.47,G,NGC
NGC 7797,NGC 7797,359.745292,3.634639,14.76,G,NGC
NGC 7798,NGC 7798,359.856250,20.749861,12.35,G,NGC
NGC 7799,NGC 7799,359.881458,31.295611,0.00,*,NGC
NGC 7800,NGC 7800,359.901333,14.805583,13.31,G,NGC
NGC 7801,NGC 7801,0.089333,50.745000,0.00,OCl,NGC
NGC 7802,NGC 7802,0.251750,6.242056,14.64,G,NGC
NGC 7803,NGC 7803,0.333208,13.111250,14.07,G,NGC
NGC 7804,NGC 7804,0.328333,7.749694,0.00,**,NGC
NGC 7805,NGC 7805,0.361542,31.433750,13.29,G,NGC
NGC 7806,NGC 7806,0.375208,31.441861,14.29,G,NGC
NGC 7807,NGC 7807,0.110750,-18.841889,15.57,G,NGC
NGC 7808,NGC 7808,0.883875,-10.744667,15.31,G,NGC
NGC 7809,NGC 7809,0.539375,2.941056,15.11,G,NGC
NGC 7810,NGC 7810,0.579833,12.971639,14.27,G,NGC
NGC 7811,NGC 7811,0.610292,3.351917,14.68,G,NGC
NGC 7812,NGC 7812,0.726958,-34.235639,13.99,G,NGC
NGC 7813,NGC 7813,1.038000,-11.983889,15.00,G,NGC
NGC 7814,NGC 7814,0.812042,16.145417,10.60,G,NGC
NGC 7815,NGC 7815,0.853458,20.704167,0.00,*,NGC
NGC 7816,NGC 7816,0.953583,7.478639,13.91,G,NGC
NGC 7817,NGC 7817,0.995458,20.752333,12.11,G,NGC
NGC 7818,NGC 7818,1.036875,7.379389,15.05,G,NGC
NGC 7819,NGC 7819,1.102250,31.472056,13.60,G,NGC
NGC 7820,NGC 7820,1.128292,5.200278,13.81,G,NGC
NGC 7821,NGC 7821,1.319667,-16.476917,13.77,G,NGC
NGC 7822,NGC 7822,0.897292,67.161639,0.00,HII,NGC
NGC 7823,NGC 7823,1.189958,-62.061556,13.46,G,NGC
NGC 7824,NGC 7824,1.275958,6.920111,14.37,G,NGC
NGC 7825,NGC 7825,1.277500,5.203667,15.42,G,NGC
NGC 7826,NGC 7826,1.330500,-20.688278,0.00,Other,NGC
NGC 7827,NGC 7827,1.365250,5.222333,14.53,G,NGC
NGC 7828,NGC 7828,1.612792,-13.416111,13.86,G,NGC
NGC 7829,NGC 7829,1.620750,-13.420611,13.92,G,NGC
NGC 7830,NGC 7830,1.507750,8.342778,0.00,*,NGC
NGC 7831,NGC 7831,1.831375,32.609250,13.30,G,NGC
NGC 7832,NGC 7832,1.618583,-3.716139,13.64,G,NGC
NGC 7833,NGC 7833,1.631083,27.639667,0.00,Other,NGC
NGC 7834,NGC 7834,1.657583,8.367889,15.35,G,NGC
NGC 7835,NGC 7835,1.694875,8.425944,15.50,G,NGC
NGC 7836,NGC 7836,2.006833,33.070778,13.65,G,NGC
NGC 7837,NGC 7837,1.714125,8.351389,16.68,G,NGC
NGC 7838,NGC 7838,1.724792,8.350861,15.18,G,NGC
NGC 7839,NGC 7839,1.752625,27.635222,0.00,**,NGC
NGC 7840,NGC 7840,1.786667,8.383500,16.47,G,NGC
NGC 190 NED01,NGC 190 NED01,9.727833,7.062694,14.93,G,NGC
NGC 190 NED02,NGC 190 NED02,9.728042,7.056722,15.71,G,NGC
PGC025886,PGC025886,137.706083,-8.890694,11.52,G,NGC
PGC029653,Sextans A,152.753333,-4.692778,11.77,G,NGC
NGC 326 NED01,NGC 326 NED01,14.594333,26.866250,13.26,G,NGC
NGC 326 NED02,NGC 326 NED02,14.595208,26.864556,0.00,G,NGC
NGC 414 NED01,NGC 414 NED01,17.822833,33.113889,14.45,G,NGC
NGC 414 NED02,NGC 414 NED02,17.824792,33.112250,0.00,G,NGC
NGC 454 NED01,NGC 454 NED01,18.590875,-55.401417,13.58,G,NGC
NGC 454 NED02,NGC 454 NED02,18.603875,-55.397083,13.58,G,NGC
NGC 520 NED01,NGC 520 NED01,21.143667,3.794944,11.47,G,NGC
NGC 520 NED02,NGC 520 NED02,21.144958,3.789778,12.40,G,NGC
ESO056-115,Large Magellanic Cloud,80.893750,-69.756111,0.29,G,NGC
NGC 646 NED01,NGC 646 NED01,24.338000,-64.894861,14.16,G,NGC
NGC 646 NED02,NGC 646 NED02,24.374542,-64.896278,14.50,G,NGC
NGC 702 NED01,NGC 702 NED01,27.826625,-4.049167,0.00,G,NGC
NGC 702 NED02,NGC 702 NED02,27.829958,-4.055944,13.19,G,NGC
NGC 745 NED01,NGC 745 NED01,28.532167,-56.693667,14.50,G,NGC
NGC 745 NED02,NGC 745 NED02,28.531708,-56.687361,15.21,G,NGC
NGC 745 NED03,NGC 745 NED03,28.547208,-56.685472,15.11,G,NGC
NGC 797 NED01,NGC 797 NED01,30.852292,38.112222,16.50,G,NGC
NGC 797 NED02,NGC 797 NED02,30.866417,38.116944,12.64,G,NGC
NGC 810 NED01,NGC 810 NED01,31.368792,13.251222,15.04,G,NGC
NGC 810 NED02,NGC 810 NED02,31.372042,13.250972,15.83,G,NGC
NGC 815 NED01,NGC 815 NED01,32.663333,-15.812417,0.00,G,NGC
NGC 815 NED02,NGC 815 NED02,32.664625,-15.813389,16.24,G,NGC
PGC088608,Sextans Dwarf Spheroidal,153.262083,-1.614722,10.40,G,NGC
NGC 970 NED01,NGC 970 NED01,38.544750,32.974861,0.00,G,NGC
NGC 970 NED02,NGC 970 NED02,38.548750,32.977278,15.66,G,NGC
ESO097-013,Circinus Galaxy,213.291458,-65.339222,10.56,G,NGC
NGC 997 NED01,NGC 997 NED01,39.310083,7.309778,0.00,G,NGC
NGC 997 NED02,NGC 997 NED02,39.310417,7.305639,14.71,G,NGC
NGC 1044 NED01,NGC 1044 NED01,40.275667,8.738028,13.22,G,NGC
NGC 1044 NED02,NGC 1044 NED02,40.280208,8.736167,15.16,G,NGC
ESO107-004,ESO107-004,315.873417,-67.181333,11.97,G,NGC
NGC 1088 NED01,NGC 1088 NED01,41.766708,16.199917,14.76,G,NGC
NGC 1088 NED02,NGC 1088 NED02,41.770375,16.202417,17.17,G,NGC
NGC 1128 NED01,NGC 1128 NED01,44.423542,6.022750,14.70,G,NGC
NGC 1128 NED02,NGC 1128 NED02,44.423167,6.026917,12.70,G,NGC
ESO121-006,ESO121-006,91.874417,-61.807583,12.60,G,NGC
ESO121-026,ESO121-026,95.411458,-59.739917,11.94,G,NGC
NGC 1347 NED01,NGC 1347 NED01,52.424167,-22.279139,13.77,G,NGC
NGC 1347 NED02,NGC 1347 NED02,52.421625,-22.291000,16.20,G,NGC
ESO138-010,ESO138-010,254.762292,-60.216028,11.42,G,NGC
ESO142-019,ESO142-019,293.329000,-58.114250,11.93,G,NGC
NGC 1487 NED01,NGC 1487 NED01,58.939042,-42.367694,11.90,G,NGC
NGC 1487 NED02,NGC 1487 NED02,58.946542,-42.368583,11.68,G,NGC
ESO183-030,ESO183-030,284.233083,-54.545444,11.67,G,NGC
ESO185-054,ESO185-054,300.862625,-55.947167,11.24,G,NGC
ESO208-021,ESO208-021,113.484375,-50.443028,11.22,G,NGC
ESO213-011,ESO213-011,154.231333,-48.881083,11.87,G,NGC
ESO221-026,ESO221-026,212.099208,-47.970472,11.06,G,NGC
NGC 2402 NED01,NGC 2402 NED01,112.694083,9.646889,15.29,G,NGC
NGC 2402 NED02,NGC 2402 NED02,112.699167,9.653611,15.40,G,NGC
ESO265-007,ESO265-007,166.956542,-46.524306,11.38,G,NGC
ESO269-057,ESO269-057,197.518458,-46.437333,11.86,G,NGC
ESO270-017,Fourcade-Figueroa,203.697083,-45.547500,11.72,G,NGC
ESO273-014,ESO273-014,224.626542,-47.698944,11.96,G,NGC
ESO274-001,ESO274-001,228.557667,-46.807944,11.19,G,NGC
NGC 2744 NED01,NGC 2744 NED01,136.161250,18.456111,0.00,G,NGC
NGC 2744 NED02,NGC 2744 NED02,136.162500,18.464444,13.40,G,NGC
NGC 2829 NED01,NGC 2829 NED01,139.876292,33.648472,16.67,G,NGC
NGC 2829 NED02,NGC 2829 NED02,139.879750,33.647778,16.92,G,NGC
NGC 2881 NED01,NGC 2881 NED01,141.473958,-11.992139,0.00,G,NGC
NGC 2881 NED02,NGC 2881 NED02,141.477875,-11.995528,15.93,G,NGC
NGC 2944 NED01,NGC 2944 NED01,144.825500,32.310444,14.88,G,NGC
NGC 2944 NED02,NGC 2944 NED02,144.831708,32.306000,17.64,G,NGC
NGC 2957 NED01,NGC 2957 NED01,146.815708,72.986056,16.00,G,NGC
NGC 3040 NED01,NGC 3040 NED01,148.264417,19.442583,15.64,G,NGC
NGC 3040 NED02,NGC 3040 NED02,148.271250,19.432167,14.36,G,NGC
NGC 3048 NED01,NGC 3048 NED01,148.735208,16.456278,15.45,G,NGC
NGC 3048 NED02,NGC 3048 NED02,148.741833,16.459583,16.73,G,NGC
NGC 3058 NED01,NGC 3058 NED01,148.396458,-12.479083,0.00,G,NGC
NGC 3058 NED02,NGC 3058 NED02,148.400708,-12.482111,14.55,G,NGC
ESO311-012,ESO311-012,116.891875,-41.452139,11.83,G,NGC
NGC 3303 NED01,NGC 3303 NED01,159.247667,18.137694,15.61,G,NGC
NGC 3303 NED02,NGC 3303 NED02,159.250042,18.135889,14.50,G,NGC
NGC 3405 NED01,NGC 3405 NED01,162.430458,16.238833,14.71,G,NGC
NGC 3405 NED02,NGC 3405 NED02,162.434833,16.242194,15.56,G,NGC
NGC 3406 NED01,NGC 3406 NED01,162.931792,51.022167,13.84,G,NGC
NGC 3406 NED02,NGC 3406 NED02,162.935333,51.025083,14.79,G,NGC
NGC 3492 NED01,NGC 3492 NED01,165.236458,10.504222,15.34,G,NGC
NGC 3492 NED02,NGC 3492 NED02,165.239250,10.505472,13.14,G,NGC
ESO351-030,Sculptor Dwarf Elliptical,15.038958,-33.709028,8.60,G,NGC
NGC 3537 NED01,NGC 3537 NED01,167.110458,-10.256028,14.18,G,NGC
NGC 3537 NED02,NGC 3537 NED02,167.112208,-10.258833,0.00,G,NGC
NGC 3550 NED01,NGC 3550 NED01,167.660833,28.767778,14.44,G,NGC
NGC 3550 NED02,NGC 3550 NED02,167.660000,28.767611,13.22,G,NGC
ESO356-004,Fornax Dwarf Spheroidal,39.997208,-34.449194,7.40,G,NGC
ESO358-063,ESO358-063,56.579208,-34.943556,11.89,G,NGC
NGC 3651 NED01,NGC 3651 NED01,170.609667,24.299083,14.16,G,NGC
NGC 3651 NED02,NGC 3651 NED02,170.609917,24.295444,15.22,G,NGC
ESO373-008,ESO373-008,143.339625,-33.033500,11.93,G,NGC
NGC 3764 NED01,NGC 3764 NED01,174.227583,17.888611,14.88,G,NGC
NGC 3764 NED02,NGC 3764 NED02,174.223583,17.890444,18.15,G,NGC
ESO380-001,ESO380-001,183.688000,-35.509806,11.89,G,NGC
ESO380-006,ESO380-006,183.892792,-35.629750,11.54,G,NGC
ESO383-087,ESO383-087,207.322917,-36.063444,10.91,G,NGC
NGC 3836 NED01,NGC 3836 NED01,175.872958,-16.794250,0.00,G,NGC
NGC 3836 NED02,NGC 3836 NED02,175.874333,-16.796472,13.70,G,NGC
ESO390-006,ESO390-006,247.167083,-35.353611,12.00,GCl,NGC
NGC 3991 NED01,NGC 3991 NED01,179.376583,32.333833,13.12,G,NGC
NGC 3991 NED02,NGC 3991 NED02,179.382208,32.341722,14.93,G,NGC
NGC 4015 NED01,NGC 4015 NED01,179.677500,25.036611,14.08,G,NGC
NGC 4015 NED02,NGC 4015 NED02,179.680083,25.043833,14.15,G,NGC
NGC 4054 NED01,NGC 4054 NED01,180.801917,57.893444,15.45,G,NGC
NGC 4054 NED02,NGC 4054 NED02,180.805917,57.898056,17.39,G,NGC
NGC 4054 NED03,NGC 4054 NED03,180.807625,57.890556,15.87,G,NGC
NGC 4098 NED01,NGC 4098 NED01,181.514917,20.608083,14.38,G,NGC
NGC 4098 NED02,NGC 4098 NED02,181.517583,20.603917,15.06,G,NGC
ESO428-011,ESO428-011,108.880333,-29.359028,11.89,G,NGC
ESO443-024,ESO443-024,195.253292,-32.441306,11.84,G,NGC
NGC 4453 NED01,NGC 4453 NED01,187.195042,6.512000,15.71,G,NGC
NGC 4453 NED02,NGC 4453 NED02,187.198667,6.503556,17.82,G,NGC
ESO462-015,ESO462-015,305.807667,-27.714556,11.92,G,NGC
NGC 4656 NED01,NGC 4656 NED01,190.990292,32.170250,10.47,G,NGC
NGC 4656 NED02,NGC 4656 NED02,191.029583,32.208750,0.00,Dup,NGC
NGC 4759 NED01,NGC 4759 NED01,193.268583,-9.199917,0.00,Dup,NGC
NGC 4759 NED02,NGC 4759 NED02,193.274208,-9.203833,0.00,Dup,NGC
NGC 4774 NED01,NGC 4774 NED01,193.275083,36.826333,17.16,G,NGC
NGC 4774 NED02,NGC 4774 NED02,193.277458,36.819056,14.34,G,NGC
NGC 4837 NED01,NGC 4837 NED01,194.201250,48.296889,14.55,G,NGC
NGC 4837 NED02,NGC 4837 NED02,194.207917,48.300111,14.40,G,NGC
NGC 4922 NED01,NGC 4922 NED01,195.352167,29.308361,14.00,G,NGC
NGC 4922 NED02,NGC 4922 NED02,195.355250,29.313778,14.02,G,NGC
ESO494-026,ESO494-026,121.546208,-27.528417,11.51,G,NGC
ESO495-021,ESO495-021,129.063042,-26.409389,11.83,G,NGC
NGC 4969 NED01,NGC 4969 NED01,196.761417,13.637361,15.00,G,NGC
NGC 4969 NED02,NGC 4969 NED02,196.764458,13.637111,15.64,G,NGC
ESO507-025,ESO507-025,192.882667,-26.452083,11.60,G,NGC
NGC 5096 NED01,NGC 5096 NED01,200.036208,33.087944,15.26,G,NGC
NGC 5096 NED02,NGC 5096 NED02,200.038167,33.090750,16.35,G,NGC
NGC 5096 NED03,NGC 5096 NED03,200.033708,33.089583,16.59,G,NGC
NGC 5098 NED01,NGC 5098 NED01,200.073958,33.144750,15.12,G,NGC
NGC 5098 NED02,NGC 5098 NED02,200.061375,33.143417,14.70,G,NGC
NGC 5100 NED01,NGC 5100 NED01,200.239917,8.985472,17.05,G,NGC
NGC 5100 NED02,NGC 5100 NED02,200.248292,8.978306,0.00,Dup,NGC
NGC 5144 NED01,NGC 5144 NED01,200.722875,70.510111,15.67,G,NGC
NGC 5144 NED02,NGC 5144 NED02,200.725333,70.514722,13.15,G,NGC
NGC 5222 NED01,NGC 5222 NED01,203.733125,13.742167,13.95,G,NGC
NGC 5222 NED02,NGC 5222 NED02,203.739958,13.744278,15.56,G,NGC
NGC 5256 NED01,NGC 5256 NED01,204.572125,48.275556,13.42,G,NGC
NGC 5256 NED02,NGC 5256 NED02,204.574125,48.278056,14.02,G,NGC
NGC 5259 NED01,NGC 5259 NED01,204.846375,30.992361,16.43,G,NGC
NGC 5259 NED02,NGC 5259 NED02,204.852792,30.990806,15.17,G,NGC
NGC 5331 NED01,NGC 5331 NED01,208.067292,2.100917,16.59,G,NGC
NGC 5331 NED02,NGC 5331 NED02,208.068417,2.108639,14.93,G,NGC
NGC 5421 NED01,NGC 5421 NED01,210.422458,33.826833,14.39,G,NGC
NGC 5421 NED02,NGC 5421 NED02,210.425458,33.821500,15.11,G,NGC
NGC 5514 NED01,NGC 5514 NED01,213.410167,7.660528,14.37,G,NGC
NGC 5514 NED02,NGC 5514 NED02,213.414083,7.658000,15.89,G,NGC
ESO556-015,ESO556-015,95.273167,-20.048417,11.83,G,NGC
NGC 5591 NED01,NGC 5591 NED01,215.638708,13.717194,13.88,G,NGC
NGC 5591 NED02,NGC 5591 NED02,215.644833,13.717361,15.85,G,NGC
NGC 5625 NED01,NGC 5625 NED01,216.752500,39.956222,16.74,G,NGC
NGC 5625 NED02,NGC 5625 NED02,216.759708,39.957278,14.84,G,NGC
NGC 5747 NED01,NGC 5747 NED01,221.086667,12.128333,14.40,G,NGC
NGC 5747 NED02,NGC 5747 NED02,221.086667,12.132000,14.36,G,NGC
NGC 5805 NED01,NGC 5805 NED01,224.298417,49.629000,15.91,G,NGC
NGC 5805 NED02,NGC 5805 NED02,224.300542,49.626889,17.58,G,NGC
NGC 5860 NED01,NGC 5860 NED01,226.640083,42.640361,14.26,G,NGC
NGC 5860 NED02,NGC 5860 NED02,226.640833,42.642806,15.19,G,NGC
NGC 5910 NED01,NGC 5910 NED01,229.851083,20.890806,15.62,G,NGC
NGC 5910 NED02,NGC 5910 NED02,229.853083,20.896361,14.59,G,NGC
NGC 5910 NED03,NGC 5910 NED03,229.857625,20.899528,16.55,G,NGC
NGC 6052 NED01,NGC 6052 NED01,241.303625,20.542389,13.18,G,NGC
NGC 6052 NED02,NGC 6052 NED02,241.305125,20.542417,15.30,G,NGC
NGC 6074 NED01,NGC 6074 NED01,242.819833,14.255028,15.61,G,NGC
NGC 6074 NED02,NGC 6074 NED02,242.821750,14.258750,15.08,G,NGC
NGC 6076 NED01,NGC 6076 NED01,242.804208,26.872028,15.31,G,NGC
NGC 6076 NED02,NGC 6076 NED02,242.807500,26.873333,15.40,G,NGC
NGC 6080 NED01,NGC 6080 NED01,243.244333,2.177278,14.24,G,NGC
NGC 6080 NED02,NGC 6080 NED02,243.247750,2.181056,15.58,G,NGC
NGC 6088 NED01,NGC 6088 NED01,242.677625,57.466528,13.80,G,NGC
NGC 6088 NED02,NGC 6088 NED02,242.684917,57.462139,14.10,G,NGC
NGC 6089 NED01,NGC 6089 NED01,243.167292,33.034889,14.81,G,NGC
NGC 6089 NED02,NGC 6089 NED02,243.172250,33.037722,15.49,G,NGC
NGC 6090 NED01,NGC 6090 NED01,242.918042,52.456583,14.69,G,NGC
NGC 6090 NED02,NGC 6090 NED02,242.920083,52.457472,14.53,G,NGC
NGC 6174 NED01,NGC 6174 NED01,247.443750,40.874861,16.56,G,NGC
NGC 6174 NED02,NGC 6174 NED02,247.447167,40.872722,15.67,G,NGC
NGC 6175 NED01,NGC 6175 NED01,247.489708,40.630722,14.74,G,NGC
NGC 6175 NED02,NGC 6175 NED02,247.491917,40.628556,14.73,G,NGC
NGC 6230 NED01,NGC 6230 NED01,252.678042,4.605000,16.19,G,NGC
NGC 6230 NED02,NGC 6230 NED02,252.694583,4.604639,15.47,G,NGC
NGC 6274 NED01,NGC 6274 NED01,254.835417,29.946417,14.33,G,NGC
NGC 6274 NED02,NGC 6274 NED02,254.839292,29.940556,16.60,G,NGC
NGC 6351 NED01,NGC 6351 NED01,259.796167,36.060417,16.00,G,NGC
NGC 6351 NED02,NGC 6351 NED02,259.798625,36.061056,17.27,G,NGC
NGC 6471 NED01,NGC 6471 NED01,266.054333,67.593056,15.35,G,NGC
NGC 6471 NED02,NGC 6471 NED02,266.075667,67.591083,16.03,G,NGC
NGC 6582 NED01,NGC 6582 NED01,272.757792,49.911889,14.41,G,NGC
NGC 6582 NED02,NGC 6582 NED02,272.771500,49.909222,15.18,G,NGC
NGC 6623 NED01,NGC 6623 NED01,274.928417,23.701778,14.40,G,NGC
NGC 6623 NED02,NGC 6623 NED02,274.928583,23.709556,14.36,G,NGC
NGC 6636 NED01,NGC 6636 NED01,275.511958,66.616556,14.03,G,NGC
NGC 6636 NED02,NGC 6636 NED02,275.521292,66.622000,16.00,G,NGC
NGC 6670 NED03,NGC 6670 NED03,278.412625,59.888139,0.00,G,NGC
NGC 6745 NED01,NGC 6745 NED01,285.422667,40.747861,13.22,G,NGC
NGC 6745 NED02,NGC 6745 NED02,285.423875,40.759972,16.93,G,NGC
NGC 6745 NED03,NGC 6745 NED03,285.424917,40.751361,0.00,G,NGC
NGC 6817 NED01,NGC 6817 NED01,294.338500,62.382694,16.34,G,NGC
NGC 6817 NED02,NGC 6817 NED02,294.347417,62.383639,15.57,G,NGC
NGC 7242 NED01,NGC 7242 NED01,333.914542,37.298722,13.98,G,NGC
NGC 7242 NED02,NGC 7242 NED02,333.923208,37.302778,17.87,G,NGC
NGC 7268 NED01,NGC 7268 NED01,336.419667,-31.200750,14.45,G,NGC
NGC 7268 NED02,NGC 7268 NED02,336.425667,-31.200000,15.40,G,NGC
NGC 7459 NED01,NGC 7459 NED01,345.248500,6.749417,15.37,G,NGC
NGC 7459 NED02,NGC 7459 NED02,345.250875,6.751083,0.00,G,NGC
NGC 7475 NED01,NGC 7475 NED01,346.042708,20.079500,14.97,G,NGC
NGC 7475 NED02,NGC 7475 NED02,346.048458,20.085028,15.10,G,NGC
NGC 7525 NED01,NGC 7525 NED01,348.417792,14.024389,17.88,G,NGC
NGC 7525 NED02,NGC 7525 NED02,348.418750,14.021000,15.20,G,NGC
NGC 7609 NED01,NGC 7609 NED01,349.875208,9.508222,14.29,G,NGC
NGC 7609 NED02,NGC 7609 NED02,349.879542,9.502972,16.14,G,NGC
NGC 7651 NED01,NGC 7651 NED01,351.108208,13.972278,14.52,G,NGC
NGC 7651 NED02,NGC 7651 NED02,351.106958,13.967111,16.17,G,NGC
NGC 7720 NED01,NGC 7720 NED01,354.622500,27.031472,12.91,G,NGC
NGC 7774 NED01,NGC 7774 NED01,358.044542,11.470306,14.48,G,NGC
NGC 7774 NED02,NGC 7774 NED02,358.048708,11.469722,14.60,G,NGC
NGC 7783 NED01,NGC 7783 NED01,358.542000,0.382861,14.03,G,NGC
NGC 7783 NED02,NGC 7783 NED02,358.550333,0.377028,15.03,G,NGC
IC 1,IC 1,2.112708,27.717667,0.00,**,IC
IC 2,IC 2,2.753667,-12.822861,15.46,G,IC
IC 3,IC 3,3.025375,-0.415222,14.78,G,IC
IC 4,IC 4,3.362250,17.486444,14.14,G,IC
IC 5,IC 5,4.395542,-9.543361,14.57,G,IC
IC 6,IC 6,4.729333,-3.276083,14.57,G,IC
IC 7,IC 7,4.721500,10.594694,14.63,G,IC
IC 8,IC 8,4.761333,-3.222083,15.16,G,IC
IC 9,IC 9,4.933250,-14.121889,15.41,G,IC
IC 10,IC 10,5.072250,59.303778,10.35,G,IC
IC 11,IC 11,13.247292,56.621889,0.00,Dup,IC
IC 12,IC 12,5.062708,-2.653111,15.08,G,IC
IC 13,IC 13,5.083708,7.700500,14.93,G,IC
IC 14,IC 14,5.630375,10.490250,0.00,**,IC
IC 15,IC 15,6.989958,-0.061278,15.90,G,IC
IC 16,IC 16,7.031875,-13.093917,15.15,G,IC
IC 17,IC 17,7.124083,2.648611,14.77,G,IC
IC 18,IC 18,7.145667,-11.586694,15.03,G,IC
IC 19,IC 19,7.164500,-11.640778,15.15,G,IC
IC 20,IC 20,7.165333,-13.010306,14.88,G,IC
IC 21,IC 21,7.293458,-0.163778,15.54,G,IC
IC 22,IC 22,7.388208,-9.080750,14.73,G,IC
IC 23,IC 23,7.711667,-12.720250,15.05,G,IC
IC 24,IC 24,7.819292,30.839306,0.00,**,IC
IC 25,IC 25,7.800375,-0.407361,15.29,G,IC
IC 26,IC 26,7.941417,-13.337472,0.00,Dup,IC
IC 27,IC 27,8.276000,-13.371500,15.82,G,IC
IC 28,IC 28,8.286333,-13.456278,15.56,G,IC
IC 29,IC 29,8.545000,-2.177639,15.79,G,IC
IC 30,IC 30,8.561333,-2.084583,15.17,G,IC
IC 31,IC 31,8.602625,12.268167,15.62,G,IC
IC 32,IC 32,8.757042,-2.141694,16.15,G,IC
IC 33,IC 33,8.771500,-2.137694,15.29,G,IC
IC 34,IC 34,8.901750,9.124250,13.77,G,IC
IC 35,IC 35,9.416167,10.357972,14.96,G,IC
IC 36,IC 36,9.456875,-15.441278,15.54,G,IC
IC 37,IC 37,9.642417,-15.358694,16.23,G,IC
IC 38,IC 38,9.661500,-15.419833,15.02,G,IC
IC 39,IC 39,9.785000,-14.172833,0.00,Dup,IC
IC 40,IC 40,9.839167,2.456222,15.04,G,IC
IC 41,IC 41,9.918208,-14.174333,15.20,G,IC
IC 42,IC 42,10.274333,-15.428083,15.38,G,IC
IC 43,IC 43,10.591917,29.641639,13.25,G,IC
IC 44,IC 44,10.566167,0.845500,0.00,Dup,IC
IC 45,IC 45,10.651417,29.655250,0.00,Other,IC
IC 46,IC 46,10.741542,27.253472,14.28,G,IC
IC 47,IC 47,10.729208,-13.740722,16.09,G,IC
IC 48,IC 48,10.893625,-8.186500,13.16,G,IC
IC 49,IC 49,10.983875,1.850278,13.78,G,IC
IC 50,IC 50,11.523792,-9.503000,14.74,G,IC
IC 51,IC 51,11.600917,-13.442361,13.75,G,IC
IC 52,IC 52,12.099083,4.091861,15.31,G,IC
IC 53,IC 53,12.669875,10.600278,15.33,G,IC
IC 54,IC 54,12.695208,-2.287778,0.00,**,IC
IC 55,IC 55,12.926625,7.718528,15.01,G,IC
IC 56,IC 56,12.874750,-12.844306,15.14,G,IC
IC 57,IC 57,13.702083,11.841194,15.48,G,IC
IC 58,IC 58,13.760167,-13.678083,15.51,G,IC
IC 59,IC 59,14.369208,61.143667,0.00,RfN,IC
IC 60,IC 60,14.017625,-13.357917,15.75,G,IC
IC 61,IC 61,14.280000,7.507083,15.23,G,IC
IC 62,IC 62,14.683083,11.808000,14.97,G,IC
IC 63,IC 63,14.870167,60.911694,13.33,HII,IC
IC 64,IC 64,14.851750,27.059056,13.96,G,IC
IC 65,IC 65,15.230917,47.681972,13.60,G,IC
IC 66,IC 66,15.135417,30.797222,14.10,G,IC
IC 67,IC 67,15.073583,-6.910750,0.00,NonEx,IC
IC 68,IC 68,15.090208,-6.944111,0.00,NonEx,IC
IC 69,IC 69,15.348583,31.040833,14.65,G,IC
IC 70,IC 70,15.266458,0.050750,16.77,G,IC
IC 71,IC 71,15.330250,-6.767167,0.00,*,IC
IC 72,IC 72,15.394625,-6.777944,0.00,*,IC
IC 73,IC 73,16.220625,4.767139,15.38,G,IC
IC 74,IC 74,16.483125,4.090250,15.59,G,IC
IC 75,IC 75,16.798375,10.836889,14.98,G,IC
IC 76,IC 76,17.048792,-4.554500,15.44,G,IC
IC 77,IC 77,17.182292,-15.420917,15.04,G,IC
IC 78,IC 78,17.198750,-15.845083,15.24,G,IC
IC 79,IC 79,17.207125,-15.948583,14.93,G,IC
IC 80,IC 80,17.212083,-15.407500,0.00,GPair,IC
IC 81,IC 81,17.342750,-1.695861,14.53,G,IC
IC 82,IC 82,17.274125,-16.000306,14.85,G,IC
IC 83,IC 83,17.624083,1.689361,15.16,G,IC
IC 84,IC 84,17.856667,1.640194,15.21,G,IC
IC 85,IC 85,17.956458,-0.452472,0.00,*,IC
IC 86,IC 86,18.368833,-16.241667,15.31,G,IC
IC 87,IC 87,18.565792,0.765333,15.37,G,IC
IC 88,IC 88,18.630417,0.791750,18.07,G,IC
IC 89,IC 89,19.015042,4.294111,0.00,Dup,IC
IC 90,IC 90,19.126458,-7.977139,14.85,G,IC
IC 91,IC 91,19.664292,2.553667,16.48,G,IC
IC 92,IC 92,19.952083,32.767778,0.00,Dup,IC
IC 93,IC 93,19.759750,-17.060389,13.57,G,IC
IC 94,IC 94,20.022875,32.717333,0.00,*,IC
IC 95,IC 95,19.824500,-12.574139,16.20,G,IC
IC 96,IC 96,20.138417,29.617250,14.65,G,IC
IC 97,IC 97,20.008333,14.861056,0.00,Dup,IC
IC 98,IC 98,20.228667,-12.604722,16.30,G,IC
IC 99,IC 99,20.614000,-12.952556,15.82,G,IC
IC 100,IC 100,20.724833,-4.643028,14.48,G,IC
IC 101,IC 101,21.035625,9.930528,15.03,G,IC
IC 102,IC 102,21.109708,9.886556,15.57,G,IC
IC 103,IC 103,21.151833,2.044250,15.36,G,IC
IC 104,IC 104,21.140000,-1.456722,8.79,**,IC
IC 105,IC 105,21.192708,2.075278,15.59,G,IC
IC 106,IC 106,21.173542,-1.587083,0.00,Dup,IC
IC 107,IC 107,21.352750,14.864611,14.25,G,IC
IC 108,IC 108,21.162333,-12.635583,15.48,G,IC
IC 109,IC 109,21.304542,2.066222,14.87,G,IC
IC 110,IC 110,21.444167,33.514694,0.00,Other,IC
IC 111,IC 111,21.500542,33.497111,0.00,Other,IC
IC 112,IC 112,21.512583,11.442972,14.17,G,IC
IC 113,IC 113,21.606250,19.191972,0.00,G,IC
IC 114,IC 114,21.594083,9.909944,15.62,G,IC
IC 115,IC 115,21.726833,19.214694,14.03,G,IC
IC 116,IC 116,21.710708,-4.982278,14.62,G,IC
IC 117,IC 117,21.855917,-1.912972,0.00,Dup,IC
IC 118,IC 118,21.900167,-4.997472,15.81,G,IC
IC 119,IC 119,21.979250,-2.040472,15.18,G,IC
IC 120,IC 120,22.054000,-1.915528,15.12,G,IC
IC 121,IC 121,22.090750,2.513028,14.25,G,IC
IC 122,IC 122,22.055000,-14.838889,15.96,G,IC
IC 123,IC 123,22.214417,2.446444,15.16,G,IC
IC 124,IC 124,22.287833,-1.937028,14.40,*,IC
IC 125,IC 125,22.326458,-13.279833,16.18,G,IC
IC 126,IC 126,22.449417,-1.983750,15.66,G,IC
IC 127,IC 127,22.448375,-6.980056,9.20,G,IC
IC 128,IC 128,22.849458,-12.624389,15.35,G,IC
IC 129,IC 129,22.880250,-12.654389,15.28,G,IC
IC 130,IC 130,22.869750,-15.591611,15.49,G,IC
IC 131,IC 131,23.310750,30.753250,12.52,HII,IC
IC 132,IC 132,23.316333,30.945611,14.82,HII,IC
IC 133,IC 133,23.313250,30.888389,18.45,HII,IC
IC 134,IC 134,23.354167,30.900667,15.98,*,IC
IC 135,IC 135,23.564708,30.620083,0.00,HII,IC
IC 136,IC 136,23.566833,30.562056,11.04,*Ass,IC
IC 137,IC 137,23.412125,30.522500,0.00,*Ass,IC
IC 138,IC 138,23.258250,-0.689833,14.72,G,IC
IC 139,IC 139,23.496833,30.567444,13.10,*Ass,IC
IC 140,IC 140,23.492375,30.550139,0.00,*Ass,IC
IC 141,IC 141,23.215458,-14.814611,14.33,G,IC
IC 142,IC 142,23.481375,30.757806,14.20,HII,IC
IC 143,IC 143,23.545542,30.776417,11.40,HII,IC
IC 144,IC 144,24.420208,-13.314667,15.74,G,IC
IC 145,IC 145,24.660333,0.741500,15.40,G,IC
IC 146,IC 146,24.665792,-17.831194,0.00,Dup,IC
IC 147,IC 147,24.998958,-14.862639,15.23,G,IC
IC 148,IC 148,25.612375,13.977028,13.84,G,IC
IC 149,IC 149,25.605750,-16.300417,14.40,G,IC
IC 150,IC 150,25.739667,4.200167,14.86,G,IC
IC 151,IC 151,25.989458,13.202611,0.00,Other,IC
IC 152,IC 152,26.030792,13.035861,0.00,Other,IC
IC 153,IC 153,26.150875,12.628944,0.00,Other,IC
IC 154,IC 154,26.317792,10.649194,14.83,G,IC
IC 155,IC 155,26.884708,60.610833,0.00,Other,IC
IC 156,IC 156,26.371708,10.552722,14.92,G,IC
IC 157,IC 157,26.426667,12.873333,0.00,Other,IC
IC 158,IC 158,26.473000,-6.935694,15.88,G,IC
IC 159,IC 159,26.604375,-8.636611,14.18,G,IC
IC 160,IC 160,26.623167,-13.247722,14.88,G,IC
IC 161,IC 161,27.182250,10.507889,14.27,G,IC
IC 162,IC 162,27.222625,10.521611,14.46,G,IC
IC 163,IC 163,27.312458,20.711306,13.26,G,IC
IC 164,IC 164,27.285042,-3.904389,14.04,G,IC
IC 165,IC 165,27.558417,27.645667,0.00,Dup,IC
IC 166,IC 166,28.099250,61.852611,11.70,OCl,IC
IC 167,IC 167,27.785667,21.912806,13.26,G,IC
IC 168,IC 168,27.615125,-8.522944,14.85,G,IC
IC 169,IC 169,27.664000,-12.679611,15.79,G,IC
IC 170,IC 170,27.989667,-8.517611,15.34,G,IC
IC 171,IC 171,28.792542,35.281889,13.69,G,IC
IC 172,IC 172,28.725958,0.811222,14.74,G,IC
IC 173,IC 173,28.988125,1.285167,14.09,G,IC
IC 174,IC 174,29.067000,3.761861,14.52,G,IC
IC 175,IC 175,29.078583,1.332417,15.70,G,IC
IC 176,IC 176,29.222500,-2.018972,14.90,G,IC
IC 177,IC 177,29.252417,-0.089861,15.47,G,IC
IC 178,IC 178,29.728625,36.674694,13.28,G,IC
IC 179,IC 179,30.047917,38.021333,12.56,G,IC
IC 180,IC 180,30.001708,23.604333,15.30,G,IC
IC 181,IC 181,30.009708,23.658639,15.85,G,IC
IC 182,IC 182,29.965875,7.411833,14.54,G,IC
IC 183,IC 183,29.891875,-5.347139,14.89,G,IC
IC 184,IC 184,29.963458,-6.840389,13.89,G,IC
IC 185,IC 185,30.025167,-1.528333,15.72,G,IC
IC 186,IC 186,30.102083,-1.551722,0.00,GTrpl,IC
IC 186A,IC 186A,30.100000,-1.552861,14.87,G,IC
IC 186B,IC 186B,30.106042,-1.549806,15.80,G,IC
IC 187,IC 187,30.378167,26.480972,13.79,G,IC
IC 188,IC 188,30.443750,26.546889,14.40,G,IC
IC 189,IC 189,30.470458,23.551500,14.85,G,IC
IC 190,IC 190,30.530333,23.549833,15.03,G,IC
IC 191,IC 191,30.622208,18.373000,0.00,Dup,IC
IC 192,IC 192,30.634958,16.014167,14.75,G,IC
IC 193,IC 193,30.629083,11.093083,14.62,G,IC
IC 194,IC 194,30.771750,2.614250,15.18,G,IC
IC 195,IC 195,30.935875,14.709278,13.15,G,IC
IC 196,IC 196,30.957500,14.739139,14.11,G,IC
IC 197,IC 197,31.020542,2.786833,14.25,G,IC
IC 198,IC 198,31.513000,9.295556,14.81,G,IC
IC 199,IC 199,31.580833,9.227417,15.33,G,IC
IC 200,IC 200,31.361000,31.175333,12.82,G,IC
IC 201,IC 201,31.813708,9.115056,16.77,G,IC
IC 202,IC 202,31.869417,9.168306,15.22,G,IC
IC 203,IC 203,31.873542,9.122639,16.90,G,IC
IC 204,IC 204,31.862833,-1.430194,15.82,G,IC
IC 205,IC 205,31.864292,-2.091278,14.76,G,IC
IC 206,IC 206,32.377833,-6.968389,14.34,G,IC
IC 207,IC 207,32.413958,-6.922194,14.53,G,IC
IC 208,IC 208,32.115583,6.394917,14.73,G,IC
IC 209,IC 209,32.244625,-7.058917,13.80,G,IC
IC 210,IC 210,32.367833,-9.680333,13.82,G,IC
IC 211,IC 211,32.783333,3.852500,14.07,G,IC
IC 212,IC 212,33.409417,16.593944,15.75,G,IC
IC 213,IC 213,33.517833,16.455889,13.20,G,IC
IC 214,IC 214,33.523292,5.173250,14.16,G,IC
IC 215,IC 215,33.539417,-6.806333,15.62,G,IC
IC 216,IC 216,33.981333,-2.015111,15.87,G,IC
IC 217,IC 217,34.043500,-11.926722,15.08,G,IC
IC 218,IC 218,34.280208,1.282333,15.63,G,IC
IC 219,IC 219,34.661792,-6.903333,14.44,G,IC
IC 220,IC 220,34.798875,-12.781639,15.08,G,IC
IC 221,IC 221,35.670417,28.256972,13.81,G,IC
IC 222,IC 222,35.699375,11.638333,15.14,G,IC
IC 223,IC 223,35.504583,-20.745917,14.09,G,IC
IC 224,IC 224,36.188083,-12.564472,15.00,G,IC
IC 225,IC 225,36.617875,1.160528,14.83,G,IC
IC 226,IC 226,36.941375,28.208833,16.00,G,IC
IC 227,IC 227,37.015042,28.175333,15.39,G,IC
IC 228,IC 228,36.673042,-14.515639,0.00,Dup,IC
IC 229,IC 229,36.842042,-23.813000,0.00,Other,IC
IC 230,IC 230,37.197042,-10.831361,15.54,G,IC
IC 231,IC 231,37.484958,1.179083,15.14,G,IC
IC 232,IC 232,37.798417,1.265639,14.30,G,IC
IC 233,IC 233,37.919583,2.809917,15.53,G,IC
IC 234,IC 234,37.907167,-0.140250,15.22,G,IC
IC 235,IC 235,38.211625,20.641250,14.35,G,IC
IC 236,IC 236,38.232542,-0.131250,15.97,G,IC
IC 237,IC 237,38.381542,1.139889,14.71,G,IC
IC 238,IC 238,38.844500,12.837722,14.02,G,IC
IC 239,IC 239,39.116167,38.969917,11.20,G,IC
IC 240,IC 240,39.744042,41.719417,0.00,Other,IC
IC 241,IC 241,39.477083,2.328028,14.48,G,IC
IC 242,IC 242,39.599708,-6.933944,0.00,**,IC
IC 243,IC 243,39.634000,-6.902139,15.46,G,IC
IC 244,IC 244,39.853042,2.728806,15.26,G,IC
IC 245,IC 245,39.727667,-14.305556,15.00,G,IC
IC 246,IC 246,40.119167,2.478639,15.39,G,IC
IC 247,IC 247,40.036583,-11.733778,14.74,G,IC
IC 248,IC 248,40.357625,17.812222,14.35,G,IC
IC 249,IC 249,40.260375,-6.935917,0.00,Dup,IC
IC 250,IC 250,40.226125,-13.313556,15.05,G,IC
IC 251,IC 251,40.307708,-14.957833,15.00,G,IC
IC 252,IC 252,40.438042,-14.848250,15.35,G,IC
IC 253,IC 253,40.523958,-15.046833,14.87,G,IC
IC 254,IC 254,40.520750,-15.106639,14.91,G,IC
IC 255,IC 255,41.763375,16.288028,15.68,G,IC
IC 256,IC 256,42.417917,46.954667,14.31,G,IC
IC 257,IC 257,42.439333,46.976194,12.68,G,IC
IC 258,IC 258,42.442083,41.051667,15.52,G,IC
IC 259,IC 259,42.420333,41.055111,15.38,G,IC
IC 260,IC 260,42.753667,46.954778,15.12,G,IC
IC 261,IC 261,42.267042,-14.470694,0.00,Dup,IC
IC 262,IC 262,42.930292,42.828278,14.69,G,IC
IC 263,IC 263,42.416500,-0.069861,14.72,G,IC
IC 264,IC 264,42.198417,-0.109194,16.88,G,IC
IC 265,IC 265,43.683250,41.655333,15.49,G,IC
IC 266,IC 266,43.770125,42.262333,15.65,G,IC
IC 267,IC 267,43.459375,12.849222,13.09,G,IC
IC 268,IC 268,43.862292,-14.103000,15.31,G,IC
IC 269,IC 269,43.860375,-14.066806,15.34,G,IC
IC 270,IC 270,43.934125,-14.207889,14.14,G,IC
IC 271,IC 271,43.997708,-12.007861,14.70,G,IC
IC 272,IC 272,44.026833,-14.186639,14.86,G,IC
IC 273,IC 273,44.294917,2.775056,14.32,G,IC
IC 274,IC 274,45.021792,44.213167,0.00,Other,IC
IC 275,IC 275,45.238750,44.348333,0.00,GTrpl,IC
IC 276,IC 276,44.671083,-15.703111,13.97,G,IC
IC 277,IC 277,44.960833,2.771361,13.12,G,IC
IC 278,IC 278,45.376833,37.766000,14.69,G,IC
IC 279,IC 279,45.300875,16.209222,15.19,G,IC
IC 280,IC 280,45.765042,42.359306,0.00,Other,IC
IC 281,IC 281,46.154708,42.362833,0.00,Dup,IC
IC 282,IC 282,46.555167,41.848944,0.00,Dup,IC
IC 283,IC 283,45.960250,-0.204444,17.93,G,IC
IC 284,IC 284,46.541292,42.371917,11.59,G,IC
IC 285,IC 285,46.025917,-12.015444,15.02,G,IC
IC 286,IC 286,46.196750,-6.484528,0.00,Other,IC
IC 287,IC 287,46.240917,-12.070444,15.36,G,IC
IC 288,IC 288,46.887125,42.387556,14.95,G,IC
IC 289,IC 289,47.580250,61.316778,13.20,PN,IC
IC 290,IC 290,47.428083,40.974222,15.43,G,IC
IC 291,IC 291,46.860208,-12.587444,14.65,G,IC
IC 292,IC 292,47.553833,40.765667,13.47,G,IC
IC 293,IC 293,47.734000,41.137111,15.48,G,IC
IC 294,IC 294,47.762958,40.622111,15.52,G,IC
IC 295,IC 295,47.753083,40.615250,0.00,Other,IC
IC 296,IC 296,47.769875,40.626861,0.00,Other,IC
IC 297,IC 297,48.326583,42.148778,0.00,**,IC
IC 298,IC 298,47.828750,1.314722,0.00,GPair,IC
IC 298A,IC 298A,47.827083,1.315028,16.12,G,IC
IC 298B,IC 298B,47.831375,1.313389,15.10,G,IC
IC 299,IC 299,47.760625,-13.109583,15.79,G,IC
IC 300,IC 300,48.566750,42.415333,16.06,G,IC
IC 301,IC 301,48.698792,42.222639,14.95,G,IC
IC 302,IC 302,48.213625,4.707028,12.89,G,IC
IC 303,IC 303,48.170292,-11.689944,16.16,G,IC
IC 304,IC 304,48.755708,37.881833,14.74,G,IC
IC 305,IC 305,48.765833,37.860000,15.57,G,IC
IC 306,IC 306,48.250875,-11.715694,15.50,G,IC
IC 307,IC 307,48.438375,-0.241444,14.50,G,IC
IC 308,IC 308,49.065958,41.180750,14.22,G,IC
IC 309,IC 309,49.026208,40.804556,14.81,G,IC
IC 310,IC 310,49.179083,41.324972,12.71,G,IC
IC 311,IC 311,49.194708,40.003611,15.65,G,IC
IC 312,IC 312,49.535875,41.754111,14.64,G,IC
IC 313,IC 313,50.241250,41.893833,14.79,G,IC
IC 314,IC 314,49.707542,-1.973333,0.00,Dup,IC
IC 315,IC 315,49.788917,4.038556,15.49,G,IC
IC 316,IC 316,50.332917,41.930556,0.00,GPair,IC
IC 317,IC 317,49.731292,-12.740194,14.87,G,IC
IC 318,IC 318,50.182625,-14.568222,14.72,G,IC
IC 319,IC 319,50.871042,41.416361,0.00,*,IC
IC 320,IC 320,51.496583,40.789028,15.34,G,IC
IC 321,IC 321,51.123292,-14.985472,14.79,G,IC
IC 322,IC 322,51.501958,3.680556,15.35,G,IC
IC 323,IC 323,52.389792,41.855083,0.00,Other,IC
IC 324,IC 324,51.617875,-21.355306,0.00,Dup,IC
IC 325,IC 325,52.703583,-7.046722,15.58,G,IC
IC 326,IC 326,52.652542,-14.425556,15.41,G,IC
IC 327,IC 327,52.791583,-14.692139,15.21,G,IC
IC 328,IC 328,52.795625,-14.637861,14.59,G,IC
IC 329,IC 329,53.005708,0.279444,15.14,G,IC
IC 330,IC 330,53.033458,0.353389,14.98,G,IC
IC 331,IC 331,53.079500,0.282556,14.83,G,IC
IC 332,IC 332,53.155917,1.382556,15.32,G,IC
IC 333,IC 333,53.514083,-4.584889,0.00,Other,IC
IC 334,IC 334,56.321167,76.638306,11.50,G,IC
IC 335,IC 335,53.879333,-34.447056,12.99,G,IC
IC 336,IC 336,54.487667,23.363139,0.00,Neb,IC
IC 337,IC 337,54.267917,-6.721194,0.00,Other,IC
IC 338,IC 338,54.408750,3.118778,14.94,G,IC
IC 339,IC 339,54.509292,-18.397778,0.00,*,IC
IC 340,IC 340,54.871292,-13.115111,14.76,G,IC
IC 341,IC 341,55.232042,21.960194,0.00,Neb,IC
IC 342,IC 342,56.702083,68.096361,9.68,G,IC
IC 343,IC 343,55.029750,-18.443472,13.20,G,IC
IC 344,IC 344,55.373042,-4.665861,14.92,G,IC
IC 345,IC 345,55.288042,-18.314139,14.71,G,IC
IC 346,IC 346,55.436083,-18.266972,12.64,G,IC
IC 347,IC 347,55.636042,-4.298639,13.99,G,IC
IC 348,omi Per Cloud,56.142458,32.162833,0.00,Cl+N,IC
IC 349,Barnard's Merope Nebula,56.583792,23.939806,0.00,RfN,IC
IC 350,IC 350,56.152708,-11.800750,14.95,G,IC
IC 351,IC 351,56.887542,35.046917,11.90,PN,IC
IC 352,IC 352,56.905958,-8.731833,15.65,G,IC
IC 353,IC 353,58.254458,25.848000,0.00,Neb,IC
IC 354,IC 354,58.491292,23.147000,0.00,Neb,IC
IC 355,IC 355,58.442750,19.973917,15.40,G,IC
IC 356,IC 356,61.945458,69.812444,10.24,G,IC
IC 357,IC 357,60.933333,22.159111,14.60,G,IC
IC 358,IC 358,60.928667,19.894944,15.21,G,IC
IC 359,IC 359,63.118167,27.701972,15.39,G,IC
IC 359A,IC 359A,64.670833,28.290000,0.00,RfN,IC
IC 360,IC 360,62.260708,26.131194,0.00,Neb,IC
IC 361,IC 361,64.711250,58.249500,11.70,OCl,IC
IC 362,IC 362,64.176792,-12.200111,14.18,G,IC
IC 363,IC 363,64.730917,3.033028,15.20,G,IC
IC 364,IC 364,64.777917,3.188944,15.27,G,IC
IC 365,IC 365,64.808917,3.348333,14.84,G,IC
IC 366,IC 366,64.923083,2.359806,15.66,G,IC
IC 367,IC 367,65.170792,-14.781056,14.47,G,IC
IC 368,IC 368,65.678000,-12.615167,15.08,G,IC
IC 369,IC 369,65.867583,-11.790083,15.37,G,IC
IC 370,IC 370,66.006958,-9.394833,14.94,G,IC
IC 371,IC 371,67.552458,-0.561000,0.00,*,IC
IC 372,IC 372,67.517667,-5.009972,15.32,G,IC
IC 373,IC 373,67.678167,-4.870250,15.04,G,IC
IC 374,IC 374,68.136458,16.634167,15.81,G,IC
IC 375,IC 375,67.763083,-12.973972,15.24,G,IC
IC 376,IC 376,67.807458,-12.433361,16.05,G,IC
IC 377,IC 377,67.818917,-12.455083,14.84,G,IC
IC 378,IC 378,67.866333,-12.299750,15.60,G,IC
IC 379,IC 379,67.962208,-7.238361,14.70,G,IC
IC 380,IC 380,67.922167,-12.927028,15.25,G,IC
IC 381,IC 381,71.118750,75.639750,0.00,Dup,IC
IC 382,IC 382,69.481458,-9.519333,13.53,G,IC
IC 383,IC 383,69.741792,9.892528,15.60,G,IC
IC 384,IC 384,69.826167,-7.839111,15.14,G,IC
IC 385,IC 385,69.881083,-7.097472,15.41,G,IC
IC 386,IC 386,69.994083,-9.456222,0.00,Dup,IC
IC 387,IC 387,70.434208,-7.086194,12.99,G,IC
IC 388,IC 388,70.472208,-7.305528,0.00,GPair,IC
IC 389,IC 389,70.498417,-7.311472,15.07,G,IC
IC 390,IC 390,70.516125,-7.206444,15.48,G,IC
IC 391,IC 391,74.338042,78.188833,12.68,G,IC
IC 392,IC 392,71.607333,3.505556,13.47,G,IC
IC 393,IC 393,71.965833,-15.525194,14.87,G,IC
IC 394,IC 394,72.211292,-6.280194,0.00,Other,IC
IC 395,IC 395,72.391792,0.252861,0.00,Dup,IC
IC 396,IC 396,74.495792,68.323389,13.08,G,IC
IC 397,IC 397,75.277625,40.424889,0.00,Other,IC
IC 398,IC 398,74.552333,-7.780250,0.00,G,IC
IC 399,IC 399,75.433375,-4.288750,14.80,G,IC
IC 400,IC 400,75.940167,-15.819083,16.70,G,IC
IC 401,IC 401,76.081833,-10.076528,13.94,G,IC
IC 402,IC 402,76.561792,-9.107417,14.40,G,IC
IC 403,IC 403,78.815375,39.972111,0.00,Other,IC
IC 404,IC 404,78.331667,9.754917,15.50,G,IC
IC 405,Flaming Star Nebula,79.122833,34.356167,10.00,Neb,IC
IC 406,IC 406,79.454167,39.886028,0.00,Other,IC
IC 407,IC 407,79.427542,-15.523444,14.20,G,IC
IC 408,IC 408,79.936917,-25.064333,13.85,G,IC
IC 409,IC 409,79.889792,3.318389,0.00,GPair,IC
IC 410,IC 410,80.675000,33.366667,0.00,Neb,IC
IC 411,IC 411,80.077542,-25.324500,14.13,G,IC
IC 412,IC 412,80.486250,3.486389,14.62,G,IC
IC 413,IC 413,80.494917,3.482167,14.68,G,IC
IC 414,IC 414,80.479000,3.342028,14.40,G,IC
IC 415,IC 415,80.340125,-15.542583,15.45,G,IC
IC 416,IC 416,80.984917,-17.260417,13.90,G,IC
IC 417,IC 417,82.025000,34.423944,0.00,HII,IC
IC 418,IC 418,81.867458,-12.697278,9.44,PN,IC
IC 419,IC 419,82.716750,30.117917,0.00,Other,IC
IC 420,IC 420,83.039583,-4.504750,0.00,Neb,IC
IC 421,IC 421,83.035750,-7.918333,12.60,G,IC
IC 422,IC 422,83.077292,-17.223861,0.00,G,IC
IC 423,IC 423,83.341708,-0.614500,0.00,Neb,IC
IC 424,IC 424,83.405167,-0.413139,0.00,Neb,IC
IC 425,IC 425,84.291333,32.429667,0.00,Other,IC
IC 426,IC 426,84.130750,-0.298306,0.00,Neb,IC
IC 427,IC 427,84.075083,-6.616444,0.00,Neb,IC
IC 428,IC 428,84.100875,-6.451556,0.00,Neb,IC
IC 429,IC 429,84.578583,-7.040500,0.00,Neb,IC
IC 430,IC 430,84.649875,-7.083111,14.40,Neb,IC
IC 431,IC 431,85.058458,-1.462806,0.00,RfN,IC
IC 432,IC 432,85.233250,-1.507000,0.00,RfN,IC
IC 433,IC 433,85.130625,-11.665583,0.00,G,IC
IC 434,Flame Nebula,85.253667,-2.453778,11.00,HII,IC
IC 435,IC 435,85.752375,-2.312611,0.00,RfN,IC
IC 436,IC 436,88.417000,38.624778,0.00,Other,IC
IC 437,IC 437,87.905833,-12.564972,15.25,G,IC
IC 438,IC 438,88.250333,-17.876083,12.07,G,IC
IC 439,IC 439,89.164625,32.022694,0.00,Other,IC
IC 440,IC 440,94.805458,80.068472,14.20,G,IC
IC 441,IC 441,90.677625,-12.499139,14.40,G,IC
IC 442,IC 442,99.049542,82.968250,14.04,G,IC
IC 443,Gem A,94.155875,22.531667,12.00,SNR,IC
IC 444,IC 444,94.641667,23.313333,7.03,RfN,IC
IC 445,IC 445,99.338542,67.859861,14.28,G,IC
IC 446,IC 446,97.775750,10.459278,0.00,Cl+N,IC
IC 447,IC 447,97.751333,9.897444,7.70,HII,IC
IC 448,IC 448,98.188917,7.388639,0.00,HII,IC
IC 449,IC 449,101.421292,71.343833,13.65,G,IC
IC 450,IC 450,103.051042,74.427083,14.12,G,IC
IC 451,IC 451,103.216708,74.480722,14.83,G,IC
IC 452,IC 452,102.162958,-16.901611,0.00,Dup,IC
IC 453,IC 453,102.297708,-16.906750,0.00,*,IC
IC 454,IC 454,102.776250,12.922028,14.50,G,IC
IC 455,IC 455,113.740333,85.537194,14.27,G,IC
IC 456,IC 456,105.073083,-30.163778,13.04,G,IC
IC 457,IC 457,107.368333,50.152528,0.00,Dup,IC
IC 458,IC 458,107.642292,50.118917,14.38,G,IC
IC 459,IC 459,107.661208,50.177333,15.76,G,IC
IC 460,IC 460,107.684458,50.202444,15.34,G,IC
IC 461,IC 461,107.687667,50.081417,15.67,G,IC
IC 462,IC 462,107.732542,50.180833,0.00,*,IC
IC 463,IC 463,107.753708,50.117694,0.00,G,IC
IC 464,IC 464,107.769792,50.136889,14.74,G,IC
IC 465,IC 465,107.890208,50.248250,0.00,Dup,IC
IC 466,IC 466,107.161667,-4.318000,12.06,HII,IC
IC 467,IC 467,112.576625,79.872528,12.57,G,IC
IC 468,IC 468,109.329167,-13.218694,0.00,Other,IC
IC 469,IC 469,118.996167,85.158917,13.48,G,IC
IC 470,IC 470,110.881250,46.078667,12.93,**,IC
IC 471,IC 471,115.901875,49.667556,14.22,G,IC
IC 472,IC 472,115.959750,49.614194,14.33,G,IC
IC 473,IC 473,115.602583,9.255278,0.00,Other,IC
IC 474,IC 474,116.530458,26.505111,14.91,G,IC
IC 475,IC 475,116.788458,30.488806,14.79,G,IC
IC 476,IC 476,116.818042,26.950972,15.45,G,IC
IC 477,IC 477,118.028875,23.483028,15.39,G,IC
IC 478,IC 478,118.423208,26.492694,15.29,G,IC
IC 479,IC 479,118.592583,27.008833,15.02,G,IC
IC 480,IC 480,118.846625,26.743333,15.04,G,IC
IC 481,IC 481,119.761917,24.160639,15.05,G,IC
IC 482,IC 482,119.947000,25.356972,14.98,G,IC
IC 483,IC 483,119.968250,25.925333,0.00,**,IC
IC 484,IC 484,120.004417,26.665861,15.34,G,IC
IC 485,IC 485,120.082375,26.701444,15.33,G,IC
IC 486,IC 486,120.087417,26.613528,13.20,G,IC
IC 487,IC 487,119.779750,-0.637917,0.00,Dup,IC
IC 488,IC 488,120.206292,25.901861,0.00,Other,IC
IC 489,IC 489,120.407250,25.996389,0.00,*,IC
IC 490,IC 490,120.833833,25.811417,15.66,G,IC
IC 491,IC 491,120.979167,26.520611,15.30,G,IC
IC 492,IC 492,121.411083,26.168194,17.19,G,IC
IC 493,IC 493,121.864958,25.134028,14.76,G,IC
IC 494,IC 494,121.600500,1.036056,14.26,G,IC
IC 495,IC 495,122.080917,9.013889,15.49,G,IC
IC 496,IC 496,122.434000,25.881611,15.36,G,IC
IC 497,IC 497,122.525292,24.922083,14.26,G,IC
IC 498,IC 498,122.376125,5.280694,14.57,G,IC
IC 499,IC 499,131.322083,85.740028,13.83,G,IC
IC 500,IC 500,123.165000,-16.050806,0.00,G,IC
IC 501,IC 501,124.698292,24.537417,15.51,G,IC
IC 502,IC 502,125.515042,8.752611,15.43,G,IC
IC 503,IC 503,125.544500,3.268056,14.10,G,IC
IC 504,IC 504,125.671667,4.262417,14.25,G,IC
IC 505,IC 505,125.840292,4.372472,14.57,G,IC
IC 506,IC 506,125.878042,4.299500,14.69,G,IC
IC 507,IC 507,126.258333,-0.591389,0.00,Dup,IC
IC 508,IC 508,127.092958,25.124722,14.71,G,IC
IC 509,IC 509,128.014583,24.010917,13.22,G,IC
IC 510,IC 510,128.044167,-2.162222,0.00,GPair,IC
IC 511,IC 511,130.210208,73.486667,14.43,G,IC
IC 512,IC 512,135.957625,85.501694,13.11,G,IC
IC 513,IC 513,128.271083,-12.355556,14.59,G,IC
IC 514,IC 514,128.842833,-2.047056,15.29,G,IC
IC 515,IC 515,128.880375,-1.901111,15.63,G,IC
IC 516,IC 516,128.961542,-1.871222,15.88,G,IC
IC 517,IC 517,129.092083,-2.055556,15.44,G,IC
IC 518,IC 518,129.028958,0.692583,0.00,Other,IC
IC 519,IC 519,130.143375,2.611333,15.39,G,IC
IC 520,IC 520,133.426083,73.490944,11.83,G,IC
IC 521,IC 521,131.683167,2.537417,14.75,G,IC
IC 522,IC 522,133.645458,57.166722,13.87,G,IC
IC 523,IC 523,133.297167,9.148167,14.99,G,IC
IC 524,IC 524,134.553458,-19.191917,15.07,G,IC
IC 525,IC 525,135.343625,-1.853972,15.02,G,IC
IC 526,IC 526,135.669917,10.841639,14.93,G,IC
IC 527,IC 527,137.424083,37.601583,14.72,G,IC
IC 528,IC 528,137.343958,15.796167,15.01,G,IC
IC 529,IC 529,139.636667,73.759333,12.30,G,IC
IC 530,IC 530,138.820708,11.885694,14.16,G,IC
IC 531,IC 531,139.461708,-0.278472,14.79,G,IC
IC 532,IC 532,139.765667,-16.754944,0.00,Other,IC
IC 533,IC 533,140.097500,-3.992028,15.72,G,IC
IC 534,IC 534,140.314375,3.151139,15.12,G,IC
IC 535,IC 535,140.567583,-1.040333,15.84,G,IC
IC 536,IC 536,141.167083,25.110194,15.09,G,IC
IC 537,IC 537,141.344208,-12.391778,14.15,G,IC
IC 538,IC 538,141.827125,23.020111,0.00,Dup,IC
IC 539,IC 539,142.284333,-2.549139,14.31,G,IC
IC 540,IC 540,142.543042,7.902750,14.69,G,IC
IC 541,IC 541,142.628292,-4.253667,0.00,Other,IC
IC 542,IC 542,142.775917,-13.181361,15.02,G,IC
IC 543,IC 543,142.787917,-14.772500,0.00,Other,IC
IC 544,IC 544,143.972417,24.894861,15.44,G,IC
IC 545,IC 545,144.022333,24.948944,14.79,G,IC
IC 546,IC 546,143.709333,-16.384417,14.83,G,IC
IC 547,IC 547,144.024125,-12.436722,0.00,Dup,IC
IC 548,IC 548,144.580417,9.445972,15.28,G,IC
IC 549,IC 549,145.180125,3.959750,15.00,G,IC
IC 550,IC 550,145.119083,-6.946056,14.74,G,IC
IC 551,IC 551,145.250458,6.936083,14.56,G,IC
IC 552,IC 552,145.319042,10.647000,14.42,G,IC
IC 553,IC 553,145.188042,-5.435361,14.45,G,IC
IC 554,IC 554,145.487042,12.296278,14.36,G,IC
IC 555,IC 555,145.487042,12.296278,0.00,Dup,IC
IC 556,IC 556,145.918250,11.060861,0.00,Dup,IC
IC 557,IC 557,146.010000,10.988111,14.66,G,IC
IC 558,IC 558,146.251458,29.452306,13.90,G,IC
IC 559,IC 559,146.182875,9.615000,14.82,G,IC
IC 560,IC 560,146.472667,-0.268306,14.38,G,IC
IC 561,IC 561,146.495042,3.145194,15.13,G,IC
IC 562,IC 562,146.516250,-3.971167,15.00,G,IC
IC 563,IC 563,146.584792,3.045583,14.81,G,IC
IC 564,IC 564,146.587833,3.071361,14.16,G,IC
IC 565,IC 565,146.961500,15.852556,0.00,GPair,IC
IC 566,IC 566,147.484958,-0.231361,15.32,G,IC
IC 567,IC 567,147.640750,12.784722,0.00,*,IC
IC 568,IC 568,147.784708,15.730444,14.68,G,IC
IC 569,IC 569,147.867292,10.920056,15.33,G,IC
IC 570,IC 570,147.962417,15.755750,16.00,G,IC
IC 571,IC 571,148.131542,15.775444,15.29,G,IC
IC 572,IC 572,148.136708,15.826861,14.83,G,IC
IC 573,IC 573,148.400708,-12.482111,0.00,Dup,IC
IC 574,IC 574,148.612625,-6.953389,14.79,G,IC
IC 575,IC 575,148.637208,-6.857556,14.31,G,IC
IC 576,IC 576,148.779333,11.039556,15.46,G,IC
IC 577,IC 577,149.016542,10.498861,14.58,G,IC
IC 578,IC 578,149.067292,10.486083,14.71,G,IC
IC 579,IC 579,149.164250,-13.774889,15.15,G,IC
IC 580,IC 580,149.486250,10.432444,0.00,Dup,IC
IC 581,IC 581,149.548250,15.946972,14.95,G,IC
IC 582,IC 582,149.750958,17.817139,14.57,G,IC
IC 583,IC 583,149.771167,17.821444,15.16,G,IC
IC 584,IC 584,149.771375,10.361139,14.99,G,IC
IC 585,IC 585,149.933833,12.988583,14.82,G,IC
IC 586,IC 586,149.959583,-6.922833,15.16,G,IC
IC 587,IC 587,150.771542,-2.400028,14.31,G,IC
IC 588,IC 588,150.529333,3.057694,14.25,G,IC
IC 589,IC 589,151.099583,-5.678917,15.34,G,IC
IC 590,IC 590,151.459292,0.632944,0.00,GPair,IC
IC 591,IC 591,151.865375,12.274500,14.13,G,IC
IC 592,IC 592,151.994792,-2.497250,14.22,G,IC
IC 593,IC 593,152.075042,-2.526806,14.43,G,IC
IC 594,IC 594,152.133333,-0.666861,14.80,G,IC
IC 595,IC 595,152.408833,11.000250,15.21,G,IC
IC 596,IC 596,152.630625,10.042389,15.09,G,IC
IC 597,IC 597,152.549833,-6.899250,15.66,G,IC
IC 598,IC 598,153.202375,43.145528,13.72,G,IC
IC 599,IC 599,153.302125,-5.629000,15.10,G,IC
IC 600,IC 600,154.295458,-3.497778,13.70,G,IC
IC 601,IC 601,154.563708,7.038833,15.38,G,IC
IC 602,IC 602,154.582208,7.049306,13.58,G,IC
IC 603,IC 603,154.854375,-5.656167,14.89,G,IC
IC 604,IC 604,155.936083,57.026861,0.00,Dup,IC
IC 605,IC 605,155.600542,1.198250,14.63,G,IC
IC 606,IC 606,155.885917,10.959722,0.00,Dup,IC
IC 607,IC 607,156.035750,16.741889,14.73,G,IC
IC 608,IC 608,156.088042,-6.039306,14.77,G,IC
IC 609,IC 609,156.397625,-2.215222,14.33,G,IC
IC 610,IC 610,156.618208,20.228194,14.59,G,IC
IC 611,IC 611,156.618208,20.228194,0.00,Dup,IC
IC 612,IC 612,156.774417,11.054889,15.36,G,IC
IC 613,IC 613,156.782458,11.010722,15.02,G,IC
IC 614,IC 614,156.716042,-3.464750,14.80,G,IC
IC 615,IC 615,156.841583,11.079972,15.34,G,IC
IC 616,IC 616,158.198167,15.860833,14.56,G,IC
IC 617,IC 617,158.182542,-12.637306,0.00,Dup,IC
IC 618,IC 618,158.189167,-12.717417,0.00,Dup,IC
IC 619,IC 619,158.458250,12.878361,14.77,G,IC
IC 620,IC 620,158.389292,11.871389,15.28,G,IC
IC 621,IC 621,158.337667,2.616139,15.16,G,IC
IC 622,IC 622,158.678333,11.197333,0.00,Dup,IC
IC 623,IC 623,158.837542,3.558389,14.95,G,IC
IC 624,IC 624,159.063250,-8.333944,14.27,G,IC
IC 625,IC 625,160.658542,-23.935611,13.79,G,IC
IC 626,IC 626,159.237917,-7.023861,15.19,G,IC
IC 627,IC 627,159.332875,-3.357806,14.61,G,IC
IC 628,IC 628,159.400792,5.603694,14.77,G,IC
IC 629,IC 629,159.260500,-27.565056,0.00,Dup,IC
IC 630,IC 630,159.640042,-7.170528,12.98,G,IC
IC 631,IC 631,159.745417,-7.052389,16.19,G,IC
IC 632,IC 632,159.799125,-0.409472,14.18,G,IC
IC 633,IC 633,159.851583,-0.389306,14.62,G,IC
IC 634,IC 634,160.228708,5.991833,15.05,G,IC
IC 635,IC 635,160.438750,15.643333,15.09,G,IC
IC 636,IC 636,160.460792,4.330778,14.88,G,IC
IC 637,IC 637,160.591333,15.359611,15.32,G,IC
IC 638,IC 638,160.949917,15.895139,15.51,G,IC
IC 639,IC 639,161.466750,16.930444,14.85,G,IC
IC 640,IC 640,161.710208,34.767639,0.00,Other,IC
IC 641,IC 641,161.955875,34.672833,0.00,Other,IC
IC 642,IC 642,162.033875,18.188694,13.89,G,IC
IC 643,IC 643,162.363250,12.201000,15.07,G,IC
IC 644,IC 644,162.880958,55.390972,0.00,Dup,IC
IC 645,IC 645,162.538958,-6.042889,15.43,G,IC
IC 646,IC 646,162.896583,55.465833,15.39,G,IC
IC 647,IC 647,162.643708,-12.854806,15.79,G,IC
IC 648,IC 648,162.751333,12.287389,14.88,G,IC
IC 649,IC 649,162.717500,1.163889,0.00,GPair,IC
IC 650,IC 650,162.668958,-13.442056,14.90,G,IC
IC 651,IC 651,162.743375,-2.150361,13.09,G,IC
IC 652,IC 652,162.740125,-12.448528,0.00,Dup,IC
IC 653,IC 653,163.028250,-0.560778,14.12,G,IC
IC 654,IC 654,163.459958,-11.725583,15.14,G,IC
IC 655,IC 655,163.592667,-0.364972,15.31,G,IC
IC 656,IC 656,163.783917,17.612889,0.00,Other,IC
IC 657,IC 657,164.473208,-4.904944,15.29,G,IC
IC 658,IC 658,164.567750,8.241667,14.63,G,IC
IC 659,IC 659,164.516083,-6.260528,15.43,G,IC
IC 660,IC 660,164.611083,1.382917,15.51,G,IC
IC 661,IC 661,164.714583,1.650639,15.35,G,IC
IC 662,IC 662,164.835625,1.598833,15.57,G,IC
IC 663,IC 663,165.155292,10.437194,15.42,G,IC
IC 664,IC 664,165.188958,10.553056,14.68,G,IC
IC 665,IC 665,165.124708,-13.866806,15.18,G,IC
IC 666,IC 666,165.311708,10.481111,15.23,G,IC
IC 667,IC 667,166.652292,15.088722,15.63,G,IC
IC 668,IC 668,166.664833,15.040917,15.37,G,IC
IC 669,IC 669,166.819042,6.302472,14.28,G,IC
IC 670,IC 670,166.870042,6.714250,14.55,G,IC
IC 671,IC 671,166.881667,0.783111,14.62,G,IC
IC 672,IC 672,167.013458,-12.484167,0.00,G,IC
IC 673,IC 673,167.355458,-0.097722,14.65,G,IC
IC 674,IC 674,167.776500,43.633000,14.36,G,IC
IC 675,IC 675,167.739000,3.594222,0.00,**,IC
IC 676,IC 676,168.165917,9.055833,13.41,G,IC
IC 677,IC 677,168.485417,12.301083,13.67,G,IC
IC 678,IC 678,168.526583,6.577194,15.38,G,IC
IC 679,IC 679,169.152542,-13.972083,15.39,G,IC
IC 680,IC 680,169.477917,-1.946444,14.59,G,IC
IC 681,IC 681,169.633042,-12.140222,14.79,G,IC
IC 682,IC 682,170.561417,20.208528,0.00,Dup,IC
IC 683,IC 683,170.382417,2.751806,15.50,G,IC
IC 684,IC 684,170.386958,2.810444,0.00,Dup,IC
IC 685,IC 685,170.527167,17.753417,16.33,G,IC
IC 686,IC 686,170.771958,5.644667,15.55,G,IC
IC 687,IC 687,171.072208,47.847528,14.87,G,IC
IC 688,IC 688,170.917667,-9.795556,15.01,G,IC
IC 689,IC 689,170.910125,-13.831111,0.00,Dup,IC
IC 690,IC 690,171.085875,-8.341972,15.26,G,IC
IC 691,IC 691,171.684667,59.155417,13.74,G,IC
IC 692,IC 692,171.472792,9.987500,14.22,G,IC
IC 693,IC 693,171.702583,-5.004000,14.65,G,IC
IC 694,IC 694,172.113750,58.578472,18.20,G,IC
IC 695,IC 695,171.992875,-11.715333,15.29,G,IC
IC 696,IC 696,172.166333,9.098694,14.50,G,IC
IC 697,IC 697,172.143542,-1.629583,15.43,G,IC
IC 698,IC 698,172.266000,9.112056,14.43,G,IC
IC 699,IC 699,172.277042,8.988583,14.53,G,IC
IC 700,IC 700,172.314500,20.584917,0.00,GGroup,IC
IC 701,IC 701,172.752833,20.468944,14.63,G,IC
IC 702,IC 702,172.727958,-4.922000,15.57,G,IC
IC 703,IC 703,172.519375,-11.546333,0.00,Dup,IC
IC 704,IC 704,172.548167,-11.543500,0.00,Dup,IC
IC 705,IC 705,173.234792,50.241861,15.05,G,IC
IC 706,IC 706,173.302583,-13.338056,14.98,G,IC
IC 707,IC 707,173.436000,21.380056,13.84,G,IC
IC 708,IC 708,173.496750,49.062056,14.13,G,IC
IC 709,IC 709,173.560583,49.043167,14.96,G,IC
IC 710,IC 710,173.614208,25.876472,15.65,G,IC
IC 711,IC 711,173.694000,48.956111,15.17,G,IC
IC 712,IC 712,173.705458,49.077694,14.39,G,IC
IC 713,IC 713,173.684250,16.846889,0.00,*,IC
IC 714,IC 714,174.125792,-9.846694,0.00,Dup,IC
IC 715,IC 715,174.227625,-8.377389,0.00,GPair,IC
IC 715NW,IC 715NW,174.225875,-8.375806,15.03,G,IC
IC 715SE,IC 715SE,174.228917,-8.378722,0.00,G,IC
IC 716,IC 716,174.763875,-0.206000,14.81,G,IC
IC 717,IC 717,174.712708,-10.583750,0.00,Dup,IC
IC 718,IC 718,174.969875,8.874528,14.56,G,IC
IC 719,IC 719,175.077125,9.009889,13.76,G,IC
IC 720,IC 720,175.592917,8.767778,0.00,GPair,IC
IC 721,IC 721,175.620333,-8.340333,15.22,G,IC
IC 722,IC 722,175.682333,8.974222,14.82,G,IC
IC 723,IC 723,175.740000,-8.332500,14.62,G,IC
IC 724,IC 724,175.894458,8.942472,13.65,G,IC
IC 725,IC 725,175.872250,-1.667972,14.94,G,IC
IC 726,IC 726,175.938750,33.391944,15.91,G,IC
IC 727,IC 727,176.119167,10.783806,14.89,G,IC
IC 728,IC 728,176.210292,-1.601333,14.46,G,IC
IC 729,IC 729,176.326333,33.335806,15.27,G,IC
IC 730,IC 730,176.396875,3.231833,0.00,Dup,IC
IC 731,IC 731,176.325333,49.570417,15.78,G,IC
IC 732,IC 732,176.498333,20.442778,0.00,GPair,IC
IC 732N,IC 732N,176.497625,20.447028,15.42,G,IC
IC 732S,IC 732S,176.499458,20.438917,15.39,G,IC
IC 733,IC 733,176.494000,-8.155833,16.10,G,IC
IC 734,IC 734,176.515833,-8.267778,0.00,GPair,IC
IC 735,IC 735,177.053333,13.209389,14.93,G,IC
IC 736,IC 736,177.083833,12.716583,15.57,G,IC
IC 737,IC 737,177.114667,12.727389,14.81,G,IC
IC 738,IC 738,177.228625,-4.681944,14.88,G,IC
IC 739,IC 739,177.880375,23.862861,14.93,G,IC
IC 740,IC 740,177.662250,55.353861,0.00,Dup,IC
IC 741,IC 741,177.632375,-4.835889,14.98,G,IC
IC 742,IC 742,177.759375,20.799722,13.93,G,IC
IC 743,IC 743,178.342750,-13.264861,15.18,G,IC
IC 744,IC 744,178.519792,23.192222,15.91,G,IC
IC 745,IC 745,178.551125,0.136639,13.52,G,IC
IC 746,IC 746,178.896375,25.889444,14.51,G,IC
IC 747,IC 747,179.270417,-8.292333,15.35,G,IC
IC 748,IC 748,179.361292,7.460944,15.09,G,IC
IC 749,IC 749,179.641875,42.734028,12.28,G,IC
IC 750,IC 750,179.717500,42.722472,11.82,G,IC
IC 751,IC 751,179.719167,42.570333,14.39,G,IC
IC 752,IC 752,179.812500,42.566833,15.34,G,IC
IC 753,IC 753,179.803667,-0.523833,14.45,G,IC
IC 754,IC 754,179.848125,-1.654528,14.27,G,IC
IC 755,IC 755,180.293417,14.104306,0.00,Dup,IC
IC 756,IC 756,180.740875,4.845861,17.54,G,IC
IC 757,IC 757,181.003250,52.588278,0.00,Dup,IC
IC 758,IC 758,181.049500,62.505361,14.25,G,IC
IC 759,IC 759,181.288875,20.260000,0.00,Other,IC
IC 760,IC 760,181.472958,-29.292083,13.51,G,IC
IC 761,IC 761,181.473750,-12.673333,15.44,G,IC
IC 762,IC 762,182.049833,25.757139,14.80,G,IC
IC 763,IC 763,182.063792,25.811500,15.43,G,IC
IC 764,IC 764,182.559125,-29.736806,12.41,G,IC
IC 765,IC 765,182.629042,16.135194,0.00,Other,IC
IC 766,IC 766,182.723333,-12.655250,14.88,G,IC
IC 767,IC 767,182.761375,12.104000,14.43,G,IC
IC 768,IC 768,182.948417,12.143722,14.46,G,IC
IC 769,IC 769,183.134708,12.123806,13.39,G,IC
IC 770,IC 770,183.259708,-4.553361,16.01,G,IC
IC 771,IC 771,183.805167,13.184528,14.69,G,IC
IC 772,IC 772,183.816208,23.958167,15.38,G,IC
IC 773,IC 773,184.533708,6.139556,14.49,G,IC
IC 774,IC 774,184.713583,-6.766556,15.73,G,IC
IC 775,IC 775,184.723625,12.912667,13.26,G,IC
IC 776,IC 776,184.762083,8.856111,14.35,G,IC
IC 777,IC 777,184.849000,28.309944,14.49,G,IC
IC 778,IC 778,183.591875,56.011444,0.00,Dup,IC
IC 779,IC 779,184.911375,29.883194,14.96,G,IC
IC 780,IC 780,184.993250,25.771694,14.36,G,IC
IC 781,IC 781,185.013750,14.961528,14.17,G,IC
IC 782,IC 782,185.404042,5.765750,14.31,G,IC
IC 783,IC 783,185.411625,15.745111,14.09,G,IC
IC 784,IC 784,185.625208,-4.652694,14.12,G,IC
IC 785,IC 785,185.758667,-13.223639,14.65,G,IC
IC 786,IC 786,185.795625,-13.204667,14.04,G,IC
IC 787,IC 787,186.354667,16.124194,14.89,G,IC
IC 788,IC 788,186.529792,16.181000,0.00,Dup,IC
IC 789,IC 789,186.585500,7.460167,14.78,G,IC
IC 790,IC 790,186.647917,9.035472,0.00,Dup,IC
IC 791,IC 791,186.747833,22.639583,14.39,G,IC
IC 792,IC 792,186.786542,16.325389,14.76,G,IC
IC 793,IC 793,187.066375,9.436194,0.00,Dup,IC
IC 794,IC 794,187.035875,12.093306,13.53,G,IC
IC 795,IC 795,187.130583,23.304944,15.15,G,IC
IC 796,IC 796,187.359792,16.404778,13.79,G,IC
IC 797,IC 797,187.978167,15.123944,13.56,G,IC
IC 798,IC 798,188.139208,15.415389,14.26,G,IC
IC 799,IC 799,188.457917,-7.375556,0.00,Dup,IC
IC 800,IC 800,188.486083,15.354833,13.74,G,IC
IC 801,IC 801,188.437292,52.254806,14.74,G,IC
IC 802,IC 802,188.990125,74.301333,0.00,*,IC
IC 803,IC 803,189.904208,16.588028,0.00,GGroup,IC
IC 804,IC 804,190.316542,-5.009111,14.53,G,IC
IC 805,IC 805,190.356042,13.729528,0.00,Dup,IC
IC 806,IC 806,190.535125,-17.349361,15.47,G,IC
IC 807,IC 807,190.552042,-17.403556,14.61,G,IC
IC 808,IC 808,190.477292,19.932111,0.00,Other,IC
IC 809,IC 809,190.536083,11.754278,13.72,G,IC
IC 810,IC 810,190.537833,12.596806,14.26,G,IC
IC 811,IC 811,191.196042,-10.197833,0.00,Dup,IC
IC 812,IC 812,191.211917,-4.434611,14.85,G,IC
IC 813,IC 813,191.299333,23.036139,13.42,G,IC
IC 814,IC 814,191.392250,-8.092194,15.84,G,IC
IC 815,IC 815,191.594458,11.876611,15.43,G,IC
IC 816,IC 816,191.693083,9.850556,14.87,G,IC
IC 817,IC 817,191.736667,9.857111,14.89,G,IC
IC 818,IC 818,191.685625,29.735278,15.06,G,IC
IC 819,IC 819,191.542125,30.731917,0.00,Dup,IC
IC 820,IC 820,191.546833,30.722750,0.00,Dup,IC
IC 821,IC 821,191.859000,29.787778,13.80,G,IC
IC 822,IC 822,191.939875,30.077194,15.44,G,IC
IC 823,IC 823,191.961917,27.209167,0.00,*,IC
IC 824,IC 824,192.424375,-4.579722,0.00,Dup,IC
IC 825,IC 825,192.579875,-5.363000,15.49,G,IC
IC 826,IC 826,192.833042,31.059639,14.74,G,IC
IC 827,IC 827,192.979417,16.282861,14.93,G,IC
IC 828,IC 828,193.065125,-8.132861,15.02,G,IC
IC 829,IC 829,193.114292,-15.518528,13.46,G,IC
IC 830,IC 830,192.818833,53.696306,14.16,G,IC
IC 831,IC 831,193.183625,26.470417,15.17,G,IC
IC 832,IC 832,193.496292,26.444056,14.94,G,IC
IC 833,IC 833,194.159167,-6.733417,16.70,G,IC
IC 834,IC 834,194.077500,26.358917,15.06,G,IC
IC 835,IC 835,194.217833,26.487722,14.87,G,IC
IC 836,IC 836,193.975083,63.612333,14.53,G,IC
IC 837,IC 837,194.380042,26.512167,15.54,G,IC
IC 838,IC 838,194.556542,26.426889,15.44,G,IC
IC 839,IC 839,194.562708,28.125917,14.56,G,IC
IC 840,IC 840,194.675125,10.616500,14.97,G,IC
IC 841,IC 841,194.947250,21.813222,15.12,G,IC
IC 842,IC 842,195.164792,29.019417,13.93,G,IC
IC 843,IC 843,195.430708,29.044667,0.00,Dup,IC
IC 844,IC 844,195.825917,-30.521083,13.70,G,IC
IC 845,IC 845,196.239250,12.079056,15.34,G,IC
IC 846,IC 846,196.337958,23.095556,15.13,G,IC
IC 847,IC 847,196.383958,53.685139,0.00,Dup,IC
IC 848,IC 848,196.756500,16.007111,15.40,G,IC
IC 849,IC 849,196.911208,-0.942472,14.09,G,IC
IC 850,IC 850,196.959292,-0.868444,14.97,G,IC
IC 851,IC 851,197.143083,21.049778,13.91,G,IC
IC 852,IC 852,196.903167,60.157194,14.76,G,IC
IC 853,IC 853,197.173875,52.774278,13.57,G,IC
IC 854,IC 854,197.458208,24.577556,14.30,G,IC
IC 855,IC 855,197.653750,-4.484528,14.84,G,IC
IC 856,IC 856,197.673375,20.536778,15.19,G,IC
IC 857,IC 857,198.459042,17.076250,14.57,G,IC
IC 858,IC 858,198.716417,17.226778,14.71,G,IC
IC 859,IC 859,198.738667,17.225167,15.17,G,IC
IC 860,IC 860,198.764708,24.618861,14.47,G,IC
IC 861,IC 861,198.780917,34.328778,15.57,G,IC
IC 862,IC 862,199.064083,20.047667,15.26,G,IC
IC 863,IC 863,199.301667,-17.254472,14.27,G,IC
IC 864,IC 864,199.285375,20.691722,16.99,G,IC
IC 865,IC 865,199.397875,-5.833889,15.27,G,IC
IC 866,IC 866,199.319792,20.691000,15.48,G,IC
IC 867,IC 867,199.332458,20.638083,14.92,G,IC
IC 868,IC 868,199.368917,20.612333,14.79,G,IC
IC 869,IC 869,199.378167,20.681083,0.00,GPair,IC
IC 870,IC 870,199.378750,20.600111,15.16,G,IC
IC 871,IC 871,199.494417,4.403417,14.48,G,IC
IC 872,IC 872,199.256667,6.357083,15.07,G,IC
IC 873,IC 873,199.567833,4.464306,15.20,G,IC
IC 874,IC 874,199.752167,-27.628556,13.51,G,IC
IC 875,IC 875,199.281542,57.539444,13.00,G,IC
IC 876,IC 876,199.644083,4.486306,14.63,G,IC
IC 877,IC 877,199.489042,6.082056,0.00,Other,IC
IC 878,IC 878,199.501500,6.120417,0.00,Other,IC
IC 879,IC 879,199.919042,-27.428972,14.07,G,IC
IC 880,IC 880,199.530667,6.112111,0.00,Other,IC
IC 881,IC 881,199.984792,15.850528,14.61,G,IC
IC 882,IC 882,200.028917,15.898139,14.83,G,IC
IC 883,IC 883,200.147250,34.139500,14.71,G,IC
IC 884,IC 884,200.478792,-12.729722,0.00,Other,IC
IC 885,IC 885,200.628833,21.316417,14.53,G,IC
IC 886,IC 886,200.989542,-4.395444,15.98,G,IC
IC 887,IC 887,201.049750,-12.460417,0.00,Other,IC
IC 888,IC 888,201.214208,13.737861,0.00,Dup,IC
IC 889,IC 889,201.656417,11.869500,15.19,G,IC
IC 890,IC 890,202.106625,-16.092333,15.21,G,IC
IC 891,IC 891,202.499667,0.305111,14.60,G,IC
IC 892,IC 892,202.941167,-2.713056,14.29,G,IC
IC 893,IC 893,202.947417,-2.611611,14.76,G,IC
IC 894,IC 894,203.020083,17.048972,16.37,G,IC
IC 895,IC 895,205.534750,35.654222,0.00,Dup,IC
IC 896,IC 896,203.542583,4.868472,14.86,G,IC
IC 897,IC 897,203.581042,17.848056,15.62,G,IC
IC 898,IC 898,203.539208,13.280833,15.46,G,IC
IC 899,IC 899,203.747750,-8.091639,15.06,G,IC
IC 900,IC 900,203.679208,9.336861,13.10,G,IC
IC 901,IC 901,203.926667,13.330917,15.23,G,IC
IC 902,IC 902,204.005083,49.960833,14.48,G,IC
IC 903,IC 903,204.608625,-0.227639,13.62,G,IC
IC 904,IC 904,204.634208,0.540194,14.21,G,IC
IC 905,IC 905,205.012208,23.142972,14.94,G,IC
IC 906,IC 906,205.041625,23.341083,15.52,G,IC
IC 907,IC 907,204.845875,51.051056,14.26,G,IC
IC 908,IC 908,205.328917,-4.344194,14.42,G,IC
IC 909,IC 909,205.213167,24.473278,14.74,G,IC
IC 910,IC 910,205.282750,23.282056,15.10,G,IC
IC 911,IC 911,205.355708,23.247472,15.44,G,IC
IC 912,IC 912,205.370250,23.245444,15.25,G,IC
IC 913,IC 913,205.373583,23.166944,15.46,G,IC
IC 914,IC 914,205.419208,23.189028,15.19,G,IC
IC 915,IC 915,205.863958,-17.332806,15.07,G,IC
IC 916,IC 916,205.658958,24.465056,15.42,G,IC
IC 917,IC 917,205.630208,55.636917,0.00,*,IC
IC 918,IC 918,205.657542,55.529556,17.97,G,IC
IC 919,IC 919,205.697917,55.521389,15.66,G,IC
IC 920,IC 920,206.352792,-12.574167,14.33,G,IC
IC 921,IC 921,205.783333,55.651222,0.00,G,IC
IC 922,IC 922,205.734833,55.603889,18.05,G,IC
IC 923,IC 923,205.809125,55.603139,16.37,G,IC
IC 924,IC 924,206.406625,-12.455083,15.20,G,IC
IC 925,IC 925,205.817083,55.615806,17.49,G,IC
IC 926,IC 926,205.913625,55.631528,17.46,G,IC
IC 927,IC 927,206.468292,-12.464500,15.44,G,IC
IC 928,IC 928,205.950000,55.567861,18.67,G,IC
IC 929,IC 929,205.937583,55.633778,17.83,G,IC
IC 930,IC 930,205.939792,55.646528,17.10,G,IC
IC 931,IC 931,205.954958,55.623972,0.00,G,IC
IC 932,IC 932,205.963333,55.646750,18.13,G,IC
IC 933,IC 933,206.317333,23.218944,14.48,G,IC
IC 934,IC 934,205.968292,55.656806,17.38,G,IC
IC 935,IC 935,205.968292,55.656806,0.00,Dup,IC
IC 936,IC 936,206.035625,55.706111,17.39,G,IC
IC 937,IC 937,206.120542,55.630194,17.50,G,IC
IC 938,IC 938,206.130208,55.627389,16.50,G,IC
IC 939,IC 939,206.929708,3.411472,14.42,G,IC
IC 940,IC 940,206.990458,3.449639,15.35,G,IC
IC 941,IC 941,207.148500,24.015083,15.23,G,IC
IC 942,IC 942,206.921417,56.621583,15.22,G,IC
IC 943,IC 943,207.633875,3.194167,14.67,G,IC
IC 944,IC 944,207.878625,14.092222,14.46,G,IC
IC 945,IC 945,206.782500,72.070389,15.05,G,IC
IC 946,IC 946,208.034833,14.116222,14.35,G,IC
IC 947,IC 947,208.149583,0.818361,13.83,G,IC
IC 948,IC 948,208.111292,14.091278,14.23,G,IC
IC 949,IC 949,208.069833,22.521583,15.24,G,IC
IC 950,IC 950,208.109167,14.489722,0.00,GPair,IC
IC 951,IC 951,207.946708,50.978333,14.33,G,IC
IC 952,IC 952,208.424667,3.377389,14.69,G,IC
IC 953,IC 953,208.738417,-30.283306,0.00,Other,IC
IC 954,IC 954,207.487083,71.164556,14.45,G,IC
IC 955,IC 955,208.930500,-30.261194,0.00,Other,IC
IC 956,IC 956,208.669500,20.721472,0.00,GPair,IC
IC 957,IC 957,209.034833,-30.237639,0.00,Other,IC
IC 958,IC 958,208.911458,4.985056,0.00,Dup,IC
IC 959,IC 959,209.014167,13.505833,14.34,G,IC
IC 960,IC 960,208.998208,17.505833,0.00,GPair,IC
IC 960A,IC 960A,208.996208,17.499222,15.50,G,IC
IC 960B,IC 960B,209.000500,17.511556,15.12,G,IC
IC 961,IC 961,208.944958,25.840361,15.46,G,IC
IC 962,IC 962,209.305000,12.021333,13.98,G,IC
IC 963,IC 963,209.354250,17.407750,15.15,G,IC
IC 964,IC 964,209.422292,17.508722,15.45,G,IC
IC 965,IC 965,209.447917,17.510528,15.22,G,IC
IC 966,IC 966,209.558333,5.408278,14.75,G,IC
IC 967,IC 967,209.595625,14.457250,14.70,G,IC
IC 968,IC 968,210.155083,-2.907583,0.00,GPair,IC
IC 969,IC 969,210.442500,-4.180389,15.92,G,IC
IC 970,IC 970,210.642542,14.552556,14.56,G,IC
IC 971,IC 971,210.969958,-10.140583,12.88,G,IC
IC 972,IC 972,211.107958,-17.228194,13.90,PN,IC
IC 973,IC 973,211.622917,-5.481472,0.00,Dup,IC
IC 974,IC 974,211.643167,-5.492417,16.72,*,IC
IC 975,IC 975,211.786833,15.318083,15.52,G,IC
IC 976,IC 976,212.180375,-1.161639,14.01,G,IC
IC 977,IC 977,212.175208,-3.002444,15.16,G,IC
IC 978,IC 978,212.242083,-2.973778,15.22,G,IC
IC 979,IC 979,212.384875,14.831833,14.37,G,IC
IC 980,IC 980,212.593375,-7.342583,15.23,G,IC
IC 981,IC 981,212.617250,-4.171444,15.01,G,IC
IC 982,IC 982,212.496208,17.696111,14.53,G,IC
IC 983,IC 983,212.518208,17.733833,11.96,G,IC
IC 984,IC 984,212.532333,18.364667,14.41,G,IC
IC 985,IC 985,212.886958,-3.219750,14.61,G,IC
IC 986,IC 986,212.859292,1.286528,14.67,G,IC
IC 987,IC 987,212.882833,19.172278,15.37,G,IC
IC 988,IC 988,213.633583,3.190250,14.69,G,IC
IC 989,IC 989,213.713917,3.130889,13.07,G,IC
IC 990,IC 990,213.954958,39.797917,15.27,G,IC
IC 991,IC 991,214.452417,-13.872944,13.75,G,IC
IC 992,IC 992,214.562125,0.891083,14.82,G,IC
IC 993,IC 993,214.577583,11.216389,15.44,G,IC
IC 994,IC 994,214.594292,11.195167,14.62,G,IC
IC 995,IC 995,214.129625,57.810111,14.50,G,IC
IC 996,IC 996,214.341958,57.629861,14.62,G,IC
IC 997,IC 997,214.996875,-4.451250,0.00,GPair,IC
IC 998,IC 998,215.080375,-4.416444,15.67,G,IC
IC 999,IC 999,214.886125,17.875306,14.55,G,IC
IC 1000,IC 1000,214.917958,17.854694,14.47,G,IC
IC 1001,IC 1001,215.165292,5.427361,15.01,G,IC
IC 1002,IC 1002,215.176167,5.485778,15.43,G,IC
IC 1003,IC 1003,215.374000,5.073194,15.33,G,IC
IC 1004,IC 1004,215.259500,17.700583,15.82,G,IC
IC 1005,IC 1005,214.861250,71.588222,0.00,Dup,IC
IC 1006,IC 1006,215.746250,23.794333,15.12,G,IC
IC 1007,IC 1007,216.152458,4.559167,15.04,G,IC
IC 1008,IC 1008,215.927458,28.347861,0.00,GPair,IC
IC 1009,IC 1009,216.573333,12.352917,15.16,G,IC
IC 1010,IC 1010,216.834833,1.025861,14.56,G,IC
IC 1011,IC 1011,217.018875,1.006306,14.69,G,IC
IC 1012,IC 1012,216.789583,30.948222,14.73,G,IC
IC 1013,IC 1013,216.995250,25.866333,16.62,G,IC
IC 1014,IC 1014,217.076792,13.780222,13.90,G,IC
IC 1015,IC 1015,217.079792,15.420111,0.00,GTrpl,IC
IC 1016,IC 1016,216.884875,4.821611,0.00,Dup,IC
IC 1017,IC 1017,217.030125,25.868778,14.64,G,IC
IC 1018,IC 1018,217.053333,25.830528,16.08,G,IC
IC 1019,IC 1019,217.056167,25.947417,15.05,G,IC
IC 1020,IC 1020,217.206208,26.032278,14.95,G,IC
IC 1021,IC 1021,217.321375,20.654528,15.04,G,IC
IC 1022,IC 1022,217.507667,3.772861,15.16,G,IC
IC 1023,IC 1023,218.104750,-35.803583,0.00,OCl,IC
IC 1024,IC 1024,217.863333,3.009083,13.98,G,IC
IC 1025,IC 1025,217.867833,7.063917,15.35,G,IC
IC 1026,IC 1026,217.543417,31.215500,0.00,Dup,IC
IC 1027,IC 1027,217.452083,53.965028,15.24,G,IC
IC 1028,IC 1028,218.318458,41.650389,14.74,G,IC
IC 1029,IC 1029,218.113583,49.904611,11.29,G,IC
IC 1030,IC 1030,218.159750,31.670167,0.00,Dup,IC
IC 1031,IC 1031,218.599917,48.037444,15.43,G,IC
IC 1032,IC 1032,218.664500,47.967972,15.68,G,IC
IC 1033,IC 1033,218.673958,47.937806,15.02,G,IC
IC 1034,IC 1034,219.307208,14.665139,15.55,G,IC
IC 1035,IC 1035,219.542542,9.336028,14.95,G,IC
IC 1036,IC 1036,219.594958,18.111222,15.66,G,IC
IC 1037,IC 1037,219.605708,18.184028,14.82,G,IC
IC 1038,IC 1038,219.864292,11.928639,15.43,G,IC
IC 1039,IC 1039,220.122500,3.432750,15.72,G,IC
IC 1040,IC 1040,220.094708,9.476139,15.44,G,IC
IC 1041,IC 1041,220.157917,3.377028,14.90,G,IC
IC 1042,IC 1042,220.162583,3.469722,14.70,G,IC
IC 1043,IC 1043,220.180625,3.374028,15.76,G,IC
IC 1044,IC 1044,220.370917,9.430917,14.77,G,IC
IC 1045,IC 1045,220.038375,42.779556,0.00,Dup,IC
IC 1046,IC 1046,219.472583,69.014472,14.65,G,IC
IC 1047,IC 1047,220.583208,19.191833,15.53,G,IC
IC 1048,IC 1048,220.741667,4.889472,13.89,G,IC
IC 1049,IC 1049,219.888000,62.002944,14.70,G,IC
IC 1050,IC 1050,221.029667,18.012639,15.24,G,IC
IC 1051,IC 1051,221.048292,19.020222,15.36,G,IC
IC 1052,IC 1052,221.058792,20.614000,15.38,G,IC
IC 1053,IC 1053,221.430125,16.946917,15.17,G,IC
IC 1054,IC 1054,221.630167,1.274750,14.79,G,IC
IC 1055,IC 1055,221.857042,-13.716139,13.12,G,IC
IC 1056,IC 1056,221.454375,50.394056,14.32,G,IC
IC 1057,IC 1057,221.454375,50.394056,0.00,Dup,IC
IC 1058,IC 1058,222.301625,17.020944,14.87,G,IC
IC 1059,IC 1059,222.677333,-0.875806,15.23,G,IC
IC 1060,IC 1060,222.947292,-7.232639,15.13,G,IC
IC 1061,IC 1061,222.809333,18.757556,16.00,G,IC
IC 1062,IC 1062,222.823583,18.686972,15.28,G,IC
IC 1063,IC 1063,223.045917,4.682056,14.87,G,IC
IC 1065,IC 1065,222.339875,63.270556,13.71,G,IC
IC 1066,IC 1066,223.261917,3.296028,14.13,G,IC
IC 1067,IC 1067,223.271875,3.331778,13.52,G,IC
IC 1068,IC 1068,223.387167,3.077306,14.64,G,IC
IC 1069,IC 1069,222.693833,54.411167,14.88,G,IC
IC 1070,IC 1070,223.463667,3.484667,15.88,G,IC
IC 1071,IC 1071,223.552083,4.750028,14.46,G,IC
IC 1072,IC 1072,223.554750,4.841556,15.28,G,IC
IC 1073,IC 1073,223.559792,4.794389,15.49,G,IC
IC 1074,IC 1074,222.988833,51.264889,15.05,G,IC
IC 1075,IC 1075,223.705208,18.105972,14.87,G,IC
IC 1076,IC 1076,223.748417,18.037333,13.69,G,IC
IC 1077,IC 1077,224.340500,-19.213694,13.46,G,IC
IC 1078,IC 1078,224.120917,9.354528,14.72,G,IC
IC 1079,IC 1079,224.150667,9.369750,14.65,G,IC
IC 1080,IC 1080,224.499250,-6.723306,14.98,G,IC
IC 1081,IC 1081,224.729417,-19.239083,14.75,G,IC
IC 1082,IC 1082,224.718708,7.007306,15.28,G,IC
IC 1083,IC 1083,223.889208,68.408583,15.16,G,IC
IC 1084,IC 1084,225.312000,-7.474917,14.23,G,IC
IC 1085,IC 1085,225.680708,17.252528,14.91,G,IC
IC 1086,IC 1086,225.871542,17.114417,15.32,G,IC
IC 1087,IC 1087,226.682875,3.776833,15.47,G,IC
IC 1088,IC 1088,226.697583,3.791861,0.00,*,IC
IC 1089,IC 1089,226.858292,7.116750,15.24,G,IC
IC 1090,IC 1090,226.429792,42.682361,0.00,Other,IC
IC 1091,IC 1091,227.056292,-11.140917,14.34,G,IC
IC 1092,IC 1092,226.900500,9.358222,15.04,G,IC
IC 1093,IC 1093,226.898500,14.548000,14.99,G,IC
IC 1094,IC 1094,226.925833,14.625000,0.00,GTrpl,IC
IC 1095,IC 1095,227.146042,13.670611,15.30,G,IC
IC 1096,IC 1096,227.089875,19.192111,15.69,G,IC
IC 1097,IC 1097,227.130417,19.184333,14.83,G,IC
IC 1098,IC 1098,226.605167,55.601667,0.00,*,IC
IC 1099,IC 1099,226.727708,56.509000,14.78,G,IC
IC 1100,IC 1100,226.586750,62.980972,0.00,Dup,IC
IC 1101,IC 1101,227.733750,5.744778,15.34,G,IC
IC 1102,IC 1102,227.770625,4.293861,15.50,G,IC
IC 1103,IC 1103,227.899458,19.207778,15.81,G,IC
IC 1104,IC 1104,228.207833,-5.055611,0.00,*,IC
IC 1105,IC 1105,228.307958,4.287556,14.94,G,IC
IC 1106,IC 1106,228.484500,4.710972,15.13,G,IC
IC 1107,IC 1107,228.537333,4.714417,15.91,G,IC
IC 1108,IC 1108,229.208333,-45.649306,0.00,Dup,IC
IC 1109,IC 1109,229.266583,5.256111,15.37,G,IC
IC 1110,IC 1110,228.021125,67.362583,14.83,G,IC
IC 1111,IC 1111,227.381500,54.506500,0.00,Dup,IC
IC 1112,IC 1112,229.447292,7.218278,15.07,G,IC
IC 1113,IC 1113,229.562958,12.488667,15.28,G,IC
IC 1114,IC 1114,227.857042,75.426694,0.00,*,IC
IC 1115,IC 1115,230.579250,-4.473861,0.00,**,IC
IC 1116,IC 1116,230.480292,8.423778,14.53,G,IC
IC 1117,IC 1117,231.095417,15.488583,15.68,G,IC
IC 1118,IC 1118,231.248042,13.445083,14.91,G,IC
IC 1119,IC 1119,231.434500,-3.656306,0.00,GPair,IC
IC 1120,IC 1120,231.546000,18.872333,16.23,G,IC
IC 1121,IC 1121,231.933583,6.803889,15.42,G,IC
IC 1122,IC 1122,232.346125,7.617417,15.58,G,IC
IC 1123,IC 1123,232.225458,42.898528,0.00,*,IC
IC 1124,IC 1124,232.503625,23.638417,14.45,G,IC
IC 1125,IC 1125,233.273375,-1.628250,14.32,G,IC
IC 1126,IC 1126,233.753417,4.990417,0.00,*,IC
IC 1127,IC 1127,233.738542,23.503139,0.00,Dup,IC
IC 1128,IC 1128,233.273375,-1.628250,0.00,Dup,IC
IC 1129,IC 1129,233.003417,68.246333,13.50,G,IC
IC 1130,IC 1130,234.433458,17.244417,15.56,G,IC
IC 1131,IC 1131,234.715417,12.080639,14.73,G,IC
IC 1132,IC 1132,235.028167,20.680611,14.37,G,IC
IC 1133,IC 1133,235.299958,15.573417,14.73,G,IC
IC 1134,IC 1134,236.243750,16.962111,15.41,G,IC
IC 1135,IC 1135,236.394625,17.700083,15.14,G,IC
IC 1136,IC 1136,236.893292,-1.545278,15.21,G,IC
IC 1137,IC 1137,237.135833,8.587917,14.71,G,IC
IC 1138,IC 1138,237.065708,26.206222,15.27,G,IC
IC 1139,IC 1139,232.358750,82.583861,15.62,G,IC
IC 1140,IC 1140,237.355250,19.113444,0.00,Other,IC
IC 1141,IC 1141,237.445583,12.399333,14.52,G,IC
IC 1142,IC 1142,237.608000,18.139583,14.96,G,IC
IC 1143,IC 1143,232.733167,82.455778,14.62,G,IC
IC 1144,IC 1144,237.840375,43.417667,14.69,G,IC
IC 1145,IC 1145,236.035625,72.431167,15.12,G,IC
IC 1146,IC 1146,237.092000,69.385583,14.65,G,IC
IC 1147,IC 1147,237.548375,69.560056,15.52,G,IC
IC 1148,IC 1148,239.283917,22.404583,0.00,Dup,IC
IC 1149,IC 1149,239.533250,12.070278,14.05,G,IC
IC 1150,IC 1150,239.577333,15.874528,0.00,Other,IC
IC 1151,IC 1151,239.634750,17.441472,12.92,G,IC
IC 1152,IC 1152,239.180500,48.095000,14.21,G,IC
IC 1153,IC 1153,239.262542,48.168389,13.57,G,IC
IC 1154,IC 1154,238.119208,70.375083,14.67,G,IC
IC 1155,IC 1155,240.149000,15.685639,14.35,G,IC
IC 1156,IC 1156,240.155667,19.723222,13.44,G,IC
IC 1157,IC 1157,240.234417,15.526444,15.56,G,IC
IC 1158,IC 1158,240.392000,1.707833,13.09,G,IC
IC 1159,IC 1159,240.256083,15.419972,15.66,G,IC
IC 1160,IC 1160,240.260458,15.494694,15.59,G,IC
IC 1161,IC 1161,240.320083,15.645417,15.15,G,IC
IC 1162,IC 1162,240.318042,17.677833,14.68,G,IC
IC 1163,IC 1163,240.377292,15.503917,14.93,G,IC
IC 1164,IC 1164,238.761292,70.586972,0.00,*,IC
IC 1165,IC 1165,240.534167,15.693889,0.00,GPair,IC
IC 1166,IC 1166,240.537083,26.327222,0.00,GPair,IC
IC 1167,IC 1167,240.970250,14.946444,15.50,G,IC
IC 1168,IC 1168,240.982042,14.902417,15.62,G,IC
IC 1169,IC 1169,241.055958,13.744028,14.06,G,IC
IC 1170,IC 1170,241.132042,17.721472,17.41,G,IC
IC 1171,IC 1171,241.216000,17.978222,0.00,*,IC
IC 1172,IC 1172,241.248667,17.870361,0.00,Dup,IC
IC 1173,IC 1173,241.302333,17.422861,14.57,G,IC
IC 1174,IC 1174,241.361750,15.025333,14.37,G,IC
IC 1175,IC 1175,241.344250,18.163111,0.00,**,IC
IC 1176,IC 1176,241.380333,17.963639,0.00,Dup,IC
IC 1177,IC 1177,241.332458,18.315361,16.23,G,IC
IC 1178,IC 1178,241.388000,17.601444,13.92,G,IC
IC 1179,IC 1179,241.342583,17.754194,0.00,Dup,IC
IC 1180,IC 1180,241.375458,18.149667,0.00,*,IC
IC 1181,IC 1181,241.391042,17.593694,14.79,G,IC
IC 1182,IC 1182,241.403333,17.802139,14.65,G,IC
IC 1183,IC 1183,241.408958,17.767889,0.00,Dup,IC
IC 1184,IC 1184,241.428333,17.790000,0.00,Other,IC
IC 1185,IC 1185,241.436208,17.717028,13.84,G,IC
IC 1186,IC 1186,241.434250,17.362167,14.69,G,IC
IC 1187,IC 1187,239.792417,70.556972,15.43,G,IC
IC 1188,IC 1188,241.532000,17.460000,0.00,GPair,IC
IC 1188A,IC 1188A,241.530417,17.460806,15.65,G,IC
IC 1188B,IC 1188B,241.534500,17.461639,17.42,G,IC
IC 1189,IC 1189,241.561792,18.182889,14.43,G,IC
IC 1190,IC 1190,241.468375,18.220528,14.68,G,IC
IC 1191,IC 1191,241.619792,18.267889,0.00,GPair,IC
IC 1192,IC 1192,241.638042,17.775639,14.89,G,IC
IC 1193,IC 1193,241.634167,17.713861,14.38,G,IC
IC 1194,IC 1194,241.663958,17.761194,14.30,G,IC
IC 1195,IC 1195,241.670333,17.191806,14.83,G,IC
IC 1196,IC 1196,241.993208,10.779639,14.69,G,IC
IC 1197,IC 1197,242.071958,7.538500,14.36,G,IC
IC 1198,IC 1198,242.151542,12.330944,14.94,G,IC
IC 1199,IC 1199,242.643125,10.040361,14.54,G,IC
IC 1200,IC 1200,241.121708,69.665778,0.00,Dup,IC
IC 1201,IC 1201,241.423542,69.593806,15.58,G,IC
IC 1202,IC 1202,243.236917,9.867111,0.00,Dup,IC
IC 1203,IC 1203,243.816667,-22.370583,0.00,*Ass,IC
IC 1204,IC 1204,241.814500,69.931472,15.30,G,IC
IC 1205,IC 1205,243.566333,9.537194,14.55,G,IC
IC 1206,IC 1206,243.804458,11.297389,14.81,G,IC
IC 1207,IC 1207,244.861333,-29.651111,0.00,*Ass,IC
IC 1208,IC 1208,243.949542,36.527333,15.03,G,IC
IC 1209,IC 1209,244.665083,15.558361,14.88,G,IC
IC 1210,IC 1210,243.625625,62.536694,14.56,G,IC
IC 1211,IC 1211,244.216583,53.006028,13.76,G,IC
IC 1212,IC 1212,243.878125,64.224806,15.32,G,IC
IC 1213,IC 1213,245.542917,-1.514861,0.00,Dup,IC
IC 1214,IC 1214,244.048750,65.968778,14.95,G,IC
IC 1215,IC 1215,243.896375,68.397667,13.70,G,IC
IC 1216,IC 1216,243.980750,68.349889,14.87,G,IC
IC 1217,IC 1217,244.017083,69.676500,0.00,Other,IC
IC 1218,IC 1218,244.154583,68.202639,15.30,G,IC
IC 1219,IC 1219,246.114375,19.482583,15.13,G,IC
IC 1220,IC 1220,247.409583,8.450722,14.73,G,IC
IC 1221,IC 1221,248.673458,46.392056,14.59,G,IC
IC 1222,IC 1222,248.788333,46.213917,13.37,G,IC
IC 1223,IC 1223,248.926917,49.220528,15.30,G,IC
IC 1224,IC 1224,250.734542,19.254361,15.37,G,IC
IC 1225,IC 1225,249.218833,67.629417,15.42,G,IC
IC 1226,IC 1226,250.277375,46.004056,15.30,G,IC
IC 1227,IC 1227,250.032917,58.617361,0.00,Dup,IC
IC 1228,IC 1228,250.527000,65.585500,14.43,G,IC
IC 1229,IC 1229,251.245083,51.308083,15.96,G,IC
IC 1230,IC 1230,251.256167,51.259583,0.00,GPair,IC
IC 1231,IC 1231,251.745917,58.423167,13.20,G,IC
IC 1232,IC 1232,250.277375,46.004056,0.00,Dup,IC
IC 1233,IC 1233,252.084333,62.976417,0.00,Dup,IC
IC 1234,IC 1234,253.212125,56.877778,0.00,*,IC
IC 1235,IC 1235,253.015125,63.115806,15.04,G,IC
IC 1236,IC 1236,254.623333,20.041472,13.64,G,IC
IC 1237,IC 1237,254.066875,55.026472,14.60,G,IC
IC 1238,IC 1238,255.125625,23.076750,0.00,**,IC
IC 1239,IC 1239,255.187875,23.044000,0.00,Dup,IC
IC 1240,IC 1240,255.245292,61.050444,0.00,Other,IC
IC 1241,IC 1241,255.367583,63.691111,13.72,G,IC
IC 1242,IC 1242,257.178667,4.049889,14.86,G,IC
IC 1243,IC 1243,257.602292,10.766611,0.00,Other,IC
IC 1244,IC 1244,257.640458,36.303306,14.52,G,IC
IC 1245,IC 1245,258.152500,38.020444,14.90,G,IC
IC 1246,IC 1246,258.551167,20.237306,0.00,*,IC
IC 1247,IC 1247,259.092250,-12.780889,0.00,*,IC
IC 1248,IC 1248,257.917417,59.995611,14.59,G,IC
IC 1249,IC 1249,258.729667,35.520111,14.83,G,IC
IC 1250,IC 1250,258.621542,57.416778,15.95,G,IC
IC 1251,IC 1251,257.553750,72.410500,14.33,G,IC
IC 1252,IC 1252,258.959917,57.366806,15.64,G,IC
IC 1253,IC 1253,259.977792,16.660694,0.00,Dup,IC
IC 1254,IC 1254,257.889208,72.402000,13.95,G,IC
IC 1255,IC 1255,260.772458,12.695444,14.15,G,IC
IC 1256,IC 1256,260.947125,26.486528,13.55,G,IC
IC 1257,IC 1257,261.784917,-7.093083,0.00,GCl,IC
IC 1258,IC 1258,261.822417,58.485472,14.43,G,IC
IC 1259,IC 1259,261.857500,58.516667,0.00,GPair,IC
IC 1260,IC 1260,261.882167,58.475861,15.70,G,IC
IC 1261,IC 1261,260.847333,71.263639,0.00,GPair,IC
IC 1262,IC 1262,263.258417,43.759611,13.65,G,IC
IC 1263,IC 1263,263.280000,43.822083,14.71,G,IC
IC 1264,IC 1264,263.320167,43.629222,15.52,G,IC
IC 1265,IC 1265,264.164292,42.088417,14.04,G,IC
IC 1266,IC 1266,266.397083,-46.089861,11.20,PN,IC
IC 1267,IC 1267,264.691208,59.373139,13.42,G,IC
IC 1268,IC 1268,267.663708,17.209444,15.21,G,IC
IC 1269,IC 1269,268.025000,21.569639,12.82,G,IC
IC 1270,IC 1270,266.987500,62.223444,0.00,*,IC
IC 1271,IC 1271,271.304625,-24.410528,0.00,Neb,IC
IC 1272,IC 1272,271.232292,25.129194,0.00,Other,IC
IC 1273,IC 1273,271.261458,25.132111,0.00,**,IC
IC 1274,IC 1274,272.462625,-23.648222,0.00,HII,IC
IC 1275,IC 1275,272.529958,-23.761222,0.00,Neb,IC
IC 1276,IC 1276,272.684458,-7.207583,0.00,GCl,IC
IC 1277,IC 1277,272.613708,31.003167,14.95,G,IC
IC 1278,IC 1278,272.673542,31.149917,0.00,Other,IC
IC 1279,IC 1279,272.814083,36.007778,14.38,G,IC
IC 1280,IC 1280,273.076750,25.662361,0.00,Dup,IC
IC 1281,IC 1281,272.908750,35.992222,0.00,GPair,IC
IC 1282,IC 1282,273.521875,21.102194,0.00,Other,IC
IC 1283,IC 1283,274.320208,-19.762222,0.00,HII,IC
IC 1284,IC 1284,274.415125,-19.672028,7.70,Neb,IC
IC 1285,IC 1285,274.042375,25.100333,0.00,Other,IC
IC 1286,IC 1286,274.059458,55.591000,14.72,G,IC
IC 1287,IC 1287,277.857042,-10.795806,6.10,RfN,IC
IC 1288,IC 1288,277.343583,39.713361,14.24,G,IC
IC 1289,IC 1289,277.509542,39.964028,15.27,G,IC
IC 1290,IC 1290,279.647125,-24.096833,0.00,*Ass,IC
IC 1291,IC 1291,278.469042,49.278611,13.03,G,IC
IC 1292,IC 1292,281.168542,-27.816278,0.00,Other,IC
IC 1293,IC 1293,280.402708,56.317778,0.00,Other,IC
IC 1294,IC 1294,282.460208,40.209389,0.00,Other,IC
IC 1295,IC 1295,283.654708,-8.827028,12.50,PN,IC
IC 1296,IC 1296,283.328458,33.066583,15.35,G,IC
IC 1297,IC 1297,289.347500,-39.613056,10.70,PN,IC
IC 1298,IC 1298,289.648708,-1.596194,0.00,Other,IC
IC 1299,IC 1299,290.675125,20.739556,14.00,OCl,IC
IC 1300,IC 1300,291.013208,53.624778,0.00,Dup,IC
IC 1301,IC 1301,291.633250,50.125278,14.25,G,IC
IC 1302,IC 1302,292.720375,35.785250,13.35,G,IC
IC 1303,IC 1303,292.875250,35.876611,14.83,G,IC
IC 1304,IC 1304,293.893708,41.111833,0.00,*Ass,IC
IC 1305,IC 1305,294.821250,20.194278,0.00,Other,IC
IC 1306,IC 1306,295.421625,37.685194,0.00,*Ass,IC
IC 1307,IC 1307,295.633750,27.752639,0.00,*Ass,IC
IC 1308,IC 1308,296.271833,-14.720250,0.00,HII,IC
IC 1309,IC 1309,300.756333,-17.232083,15.06,G,IC
IC 1310,IC 1310,302.504083,34.968889,0.00,Cl+N,IC
IC 1311,IC 1311,302.699250,41.173944,13.10,OCl,IC
IC 1312,IC 1312,304.214583,18.045972,0.00,Other,IC
IC 1313,IC 1313,304.681917,-16.945972,15.00,G,IC
IC 1314,IC 1314,304.458333,25.089778,0.00,*Ass,IC
IC 1315,IC 1315,304.341458,30.689083,0.00,Other,IC
IC 1316,IC 1316,305.607667,6.501694,0.00,Other,IC
IC 1317,IC 1317,305.814958,0.664722,13.73,G,IC
IC 1318,gam Cyg,305.557042,40.256694,2.23,*,IC
IC 1319,IC 1319,306.508042,-18.504083,14.84,G,IC
IC 1320,IC 1320,306.606917,2.909722,14.44,G,IC
IC 1321,IC 1321,307.046042,-18.291500,15.24,G,IC
IC 1322,IC 1322,307.535333,-15.227833,15.47,G,IC
IC 1323,IC 1323,307.620833,-15.181944,0.00,**,IC
IC 1324,IC 1324,308.051292,-9.056111,14.29,G,IC
IC 1325,IC 1325,308.209250,9.926417,0.00,Dup,IC
IC 1327,IC 1327,308.921958,-0.005778,14.92,G,IC
IC 1328,IC 1328,310.487667,-19.633056,14.88,G,IC
IC 1329,IC 1329,310.925458,15.597417,0.00,Other,IC
IC 1330,IC 1330,311.562250,-14.023222,0.00,G,IC
IC 1331,IC 1331,311.953208,-9.995944,14.69,G,IC
IC 1332,IC 1332,312.964125,-13.711528,15.88,G,IC
IC 1333,IC 1333,313.071667,-16.285750,15.46,G,IC
IC 1334,IC 1334,313.071667,-16.285750,0.00,Dup,IC
IC 1335,IC 1335,313.275500,-16.335444,15.96,G,IC
IC 1336,IC 1336,313.770500,-18.038722,15.29,G,IC
IC 1337,IC 1337,314.219583,-16.585833,14.68,G,IC
IC 1338,IC 1338,314.241000,-16.492611,15.59,G,IC
IC 1339,IC 1339,314.481333,-17.942833,14.17,G,IC
IC 1340,IC 1340,314.034375,31.047861,0.00,SNR,IC
IC 1341,IC 1341,315.069500,-13.976333,15.24,G,IC
IC 1342,IC 1342,315.106000,-14.495861,0.00,G,IC
IC 1343,IC 1343,315.252750,-15.403694,15.16,G,IC
IC 1344,IC 1344,315.318542,-13.380278,14.57,G,IC
IC 1345,IC 1345,315.342500,-13.397611,15.58,G,IC
IC 1346,IC 1346,315.404250,-13.960694,14.92,G,IC
IC 1347,IC 1347,315.434958,-13.313306,15.62,G,IC
IC 1348,IC 1348,315.433792,-13.358000,15.58,G,IC
IC 1349,IC 1349,315.460208,-13.265500,15.47,G,IC
IC 1350,IC 1350,315.467875,-13.852667,14.79,G,IC
IC 1351,IC 1351,315.468500,-13.201861,15.65,G,IC
IC 1352,IC 1352,315.478750,-13.384083,16.38,G,IC
IC 1353,IC 1353,315.484667,-13.272833,16.38,G,IC
IC 1354,IC 1354,315.467875,-13.852667,0.00,Dup,IC
IC 1355,IC 1355,315.493292,-13.173000,15.66,G,IC
IC 1356,IC 1356,315.720833,-15.811583,15.20,G,IC
IC 1357,IC 1357,316.488792,-10.716250,15.85,G,IC
IC 1358,IC 1358,316.622542,-16.204444,15.65,G,IC
IC 1359,IC 1359,317.179250,12.484278,14.74,G,IC
IC 1360,IC 1360,317.709667,5.071361,15.40,G,IC
IC 1361,IC 1361,317.871417,5.054333,15.39,G,IC
IC 1362,IC 1362,317.969375,2.328972,15.88,G,IC
IC 1363,IC 1363,317.668417,46.870056,0.00,OCl,IC
IC 1364,IC 1364,318.352833,2.769722,13.41,G,IC
IC 1365,IC 1365,318.482958,2.565389,0.00,GGroup,IC
IC 1366,IC 1366,318.533417,1.776111,15.79,G,IC
IC 1367,IC 1367,318.540417,2.993806,15.52,G,IC
IC 1368,IC 1368,318.552458,2.178000,14.30,G,IC
IC 1369,IC 1369,318.037667,47.768500,0.00,OCl,IC
IC 1370,IC 1370,318.809458,2.192028,15.07,G,IC
IC 1371,IC 1371,320.065208,-4.876528,14.98,G,IC
IC 1372,IC 1372,320.071208,-5.604583,15.04,G,IC
IC 1373,IC 1373,320.155208,1.092417,15.34,G,IC
IC 1374,IC 1374,320.261042,1.712972,15.78,G,IC
IC 1375,IC 1375,320.249125,3.985417,15.17,G,IC
IC 1376,IC 1376,321.171250,-5.742444,0.00,Other,IC
IC 1377,IC 1377,321.360958,4.314222,14.77,G,IC
IC 1378,IC 1378,320.715458,55.464306,0.00,Other,IC
IC 1379,IC 1379,321.505250,3.097389,15.68,G,IC
IC 1380,IC 1380,321.795875,2.717667,15.65,G,IC
IC 1381,IC 1381,321.890417,-1.188611,15.49,G,IC
IC 1382,IC 1382,320.531500,18.665667,0.00,Dup,IC
IC 1383,IC 1383,321.915167,-1.102167,15.94,G,IC
IC 1384,IC 1384,321.971125,-1.368556,15.36,G,IC
IC 1385,IC 1385,322.213292,-1.070111,18.25,G,IC
IC 1386,IC 1386,322.405958,-21.195694,13.12,G,IC
IC 1387,IC 1387,322.393625,-1.350917,15.04,G,IC
IC 1388,IC 1388,322.467417,-0.631278,15.02,G,IC
IC 1389,IC 1389,323.032667,-18.018361,15.46,G,IC
IC 1390,IC 1390,323.103250,-1.862528,15.07,G,IC
IC 1391,IC 1391,323.751667,-0.511444,15.85,G,IC
IC 1392,IC 1392,323.886208,35.398333,12.95,G,IC
IC 1393,IC 1393,325.059375,-22.411389,15.60,G,IC
IC 1394,IC 1394,325.054292,14.633028,14.84,G,IC
IC 1395,IC 1395,325.422542,4.104528,15.44,G,IC
IC 1396,IC 1396,324.740083,57.489056,0.00,Cl+N,IC
IC 1397,IC 1397,326.009625,-4.884806,15.29,G,IC
IC 1398,IC 1398,326.464292,9.475333,15.35,G,IC
IC 1399,IC 1399,326.537125,4.402222,15.62,G,IC
IC 1400,IC 1400,326.067833,52.967028,0.00,*Ass,IC
IC 1401,IC 1401,326.747875,1.712750,13.72,G,IC
IC 1402,IC 1402,326.245708,53.262500,0.00,*Ass,IC
IC 1403,IC 1403,327.621167,-2.716167,16.42,G,IC
IC 1404,IC 1404,327.734917,-9.266583,14.63,G,IC
IC 1405,IC 1405,327.707667,2.020806,15.12,G,IC
IC 1406,IC 1406,327.770292,1.987056,15.57,G,IC
IC 1407,IC 1407,328.097667,3.427167,15.05,G,IC
IC 1408,IC 1408,328.287583,-13.346778,14.92,G,IC
IC 1409,IC 1409,328.331667,-7.499861,15.62,G,IC
IC 1410,IC 1410,329.008917,-2.900278,15.50,G,IC
IC 1411,IC 1411,329.002458,-1.517056,14.38,G,IC
IC 1412,IC 1412,329.576917,-17.176167,14.55,G,IC
IC 1413,IC 1413,329.610875,-3.102417,15.72,G,IC
IC 1414,IC 1414,329.575208,8.423806,15.20,G,IC
IC 1415,IC 1415,329.677667,1.350361,0.00,Other,IC
IC 1416,IC 1416,329.706167,1.451556,0.00,Other,IC
IC 1417,IC 1417,330.090042,-13.147361,14.00,G,IC
IC 1418,IC 1418,330.499667,4.384333,15.23,G,IC
IC 1419,IC 1419,330.745167,-9.920972,16.06,G,IC
IC 1420,IC 1420,330.633208,19.750111,0.00,GPair,IC
IC 1421,IC 1421,330.766792,-9.978167,15.45,G,IC
IC 1422,IC 1422,330.750250,2.598889,15.85,G,IC
IC 1423,IC 1423,330.802875,4.297583,14.76,G,IC
IC 1424,IC 1424,330.789125,11.197139,0.00,*,IC
IC 1425,IC 1425,330.852125,2.594917,15.10,G,IC
IC 1426,IC 1426,330.963667,-9.919306,0.00,**,IC
IC 1427,IC 1427,330.896500,15.106778,15.19,G,IC
IC 1428,IC 1428,331.115292,2.630861,15.56,G,IC
IC 1429,IC 1429,331.760208,10.109222,0.00,*,IC
IC 1430,IC 1430,331.874250,-13.581194,15.63,G,IC
IC 1431,IC 1431,331.915000,-13.513389,15.27,G,IC
IC 1432,IC 1432,332.516542,3.689583,16.75,G,IC
IC 1433,IC 1433,333.042500,-12.765278,0.00,GTrpl,IC
IC 1434,IC 1434,332.675667,52.850083,0.00,OCl,IC
IC 1435,IC 1435,333.359542,-22.096694,13.89,G,IC
IC 1436,IC 1436,333.464333,-10.191778,16.06,G,IC
IC 1437,IC 1437,333.937458,2.065944,14.84,G,IC
IC 1438,IC 1438,334.121208,-21.430694,12.75,G,IC
IC 1439,IC 1439,334.167250,-21.485944,14.75,G,IC
IC 1440,IC 1440,334.138417,-16.016444,14.91,G,IC
IC 1441,IC 1441,333.829750,37.301500,15.37,G,IC
IC 1442,IC 1442,334.005542,53.991333,9.10,OCl,IC
IC 1443,IC 1443,334.765250,-20.939917,13.53,G,IC
IC 1444,IC 1444,335.599667,5.139167,15.81,G,IC
IC 1445,IC 1445,336.376375,-17.243306,12.74,G,IC
IC 1446,IC 1446,337.269583,-1.184917,15.50,G,IC
IC 1447,IC 1447,337.499167,-5.119889,13.71,G,IC
IC 1448,IC 1448,338.633917,-12.933861,0.00,Dup,IC
IC 1449,IC 1449,338.779167,-8.765333,15.23,G,IC
IC 1450,IC 1450,339.491375,34.535500,0.00,**,IC
IC 1451,IC 1451,341.531083,-10.369417,15.00,G,IC
IC 1452,IC 1452,341.496625,10.867500,0.00,Dup,IC
IC 1453,IC 1453,341.725958,-13.449611,15.10,G,IC
IC 1454,IC 1454,340.604208,80.442222,14.00,PN,IC
IC 1455,IC 1455,343.441917,1.371972,14.62,G,IC
IC 1456,IC 1456,343.825792,-12.732000,15.91,G,IC
IC 1457,IC 1457,343.849000,-5.562750,0.00,Other,IC
IC 1458,IC 1458,344.172417,-7.379056,0.00,Dup,IC
IC 1459,IC 1459,344.294208,-36.462222,10.54,G,IC
IC 1460,IC 1460,344.267000,4.677028,14.30,G,IC
IC 1461,IC 1461,344.642917,15.172778,15.01,G,IC
IC 1462,IC 1462,344.654792,8.441306,0.00,*,IC
IC 1463,IC 1463,344.837208,-10.530861,0.00,**,IC
IC 1464,IC 1464,345.798333,-8.990833,0.00,GPair,IC
IC 1464A,IC 1464A,345.800333,-8.992972,15.32,G,IC
IC 1464B,IC 1464B,345.796000,-8.989167,15.50,G,IC
IC 1465,IC 1465,345.721667,16.582472,0.00,Other,IC
IC 1466,IC 1466,345.912708,-2.775444,14.55,G,IC
IC 1467,IC 1467,346.207125,-3.229944,14.75,G,IC
IC 1468,IC 1468,346.281542,-3.204500,15.25,G,IC
IC 1469,IC 1469,346.619458,-13.536583,0.00,G,IC
IC 1470,IC 1470,346.292542,60.244083,11.50,HII,IC
IC 1471,IC 1471,347.186875,-12.639444,14.63,G,IC
IC 1472,IC 1472,347.277833,17.259139,15.21,G,IC
IC 1473,IC 1473,347.772542,29.643444,14.16,G,IC
IC 1474,IC 1474,348.213625,5.806361,13.94,G,IC
IC 1475,IC 1475,348.509250,-28.422444,0.00,Other,IC
IC 1476,IC 1476,348.568125,30.551472,15.53,G,IC
IC 1477,IC 1477,349.300000,-6.912000,0.00,Dup,IC
IC 1478,IC 1478,349.558000,10.298306,0.00,Dup,IC
IC 1479,IC 1479,349.693375,-10.399250,14.60,G,IC
IC 1480,IC 1480,349.746833,11.341722,0.00,Dup,IC
IC 1481,IC 1481,349.854667,5.906167,14.40,G,IC
IC 1482,IC 1482,350.206333,1.739028,15.08,G,IC
IC 1483,IC 1483,350.638000,11.328806,0.00,Dup,IC
IC 1484,IC 1484,350.666417,11.384472,17.78,G,IC
IC 1485,IC 1485,350.700958,11.372861,0.00,Dup,IC
IC 1486,IC 1486,350.975083,9.667472,0.00,Dup,IC
IC 1487,IC 1487,351.083708,14.647139,0.00,Dup,IC
IC 1488,IC 1488,351.410625,15.354417,15.73,G,IC
IC 1489,IC 1489,351.633875,-12.516500,15.11,G,IC
IC 1490,IC 1490,359.794667,-4.127000,14.50,G,IC
IC 1491,IC 1491,352.352875,-16.316611,15.03,G,IC
IC 1492,IC 1492,352.650417,-3.039917,14.37,G,IC
IC 1493,IC 1493,352.614625,14.458861,16.55,G,IC
IC 1494,IC 1494,352.692250,-12.724528,15.83,G,IC
IC 1495,IC 1495,352.698917,-13.485444,13.00,G,IC
IC 1496,IC 1496,352.722958,-2.934306,14.41,G,IC
IC 1497,IC 1497,352.208708,11.987000,0.00,Other,IC
IC 1498,IC 1498,352.973542,-5.006972,14.03,G,IC
IC 1499,IC 1499,352.987625,-13.439694,0.00,**,IC
IC 1500,IC 1500,353.289000,4.552528,15.20,G,IC
IC 1501,IC 1501,353.666917,-3.152833,14.60,G,IC
IC 1502,IC 1502,354.085500,75.648139,14.66,G,IC
IC 1503,IC 1503,354.612958,4.801417,14.26,G,IC
IC 1504,IC 1504,355.331208,4.017472,14.41,G,IC
IC 1505,IC 1505,355.404625,-3.565083,14.67,G,IC
IC 1506,IC 1506,356.201708,4.735667,15.52,G,IC
IC 1507,IC 1507,356.388208,1.688750,14.73,G,IC
IC 1508,IC 1508,356.479458,12.061750,13.40,G,IC
IC 1509,IC 1509,356.819500,-15.306417,15.21,G,IC
IC 1510,IC 1510,357.636667,2.073333,0.00,GGroup,IC
IC 1511,IC 1511,357.751875,27.060861,0.00,*,IC
IC 1512,IC 1512,357.755958,27.027139,0.00,*,IC
IC 1513,IC 1513,358.372417,11.317611,15.04,G,IC
IC 1514,IC 1514,358.569000,-13.586444,0.00,Dup,IC
IC 1515,IC 1515,359.016292,-0.988528,14.40,G,IC
IC 1516,IC 1516,359.029542,-0.916528,14.08,G,IC
IC 1517,IC 1517,359.078375,-0.305611,14.62,G,IC
IC 1518,IC 1518,359.275500,12.464972,15.93,G,IC
IC 1519,IC 1519,359.284875,12.457556,15.95,G,IC
IC 1520,IC 1520,359.476917,-14.039333,14.69,G,IC
IC 1521,IC 1521,359.748583,-7.146778,15.04,G,IC
IC 1522,IC 1522,359.764375,1.719889,15.25,G,IC
IC 1523,IC 1523,359.777500,6.873056,16.28,G,IC
IC 1524,IC 1524,359.794667,-4.127000,0.00,Dup,IC
IC 1525,IC 1525,359.815625,46.889667,13.20,G,IC
IC 1526,IC 1526,0.381333,11.345889,15.07,G,IC
IC 1527,IC 1527,0.590000,4.089750,15.42,G,IC
IC 1528,IC 1528,1.272375,-7.093417,13.59,G,IC
IC 1529,IC 1529,1.304875,-11.502806,14.51,G,IC
IC 1530,IC 1530,1.831375,32.609250,0.00,Dup,IC
IC 1531,IC 1531,2.398250,-32.277000,13.52,G,IC
IC 1532,IC 1532,2.470000,-64.372083,14.84,G,IC
IC 1533,IC 1533,2.651708,-7.415139,0.00,Other,IC
IC 1534,IC 1534,3.439333,48.151361,15.06,G,IC
IC 1535,IC 1535,3.488917,48.157972,15.15,G,IC
IC 1536,IC 1536,3.579208,48.143278,15.53,G,IC
IC 1537,IC 1537,3.963625,-39.262083,16.04,Other,IC
IC 1538,IC 1538,4.506500,30.029278,0.00,Other,IC
IC 1539,IC 1539,4.593917,30.079583,0.00,Dup,IC
IC 1540,IC 1540,4.953125,23.772611,14.89,G,IC
IC 1541,IC 1541,5.008167,21.999750,15.59,G,IC
IC 1542,IC 1542,5.171625,22.592444,15.00,G,IC
IC 1543,IC 1543,5.231042,21.866028,14.17,G,IC
IC 1544,IC 1544,5.322917,23.090861,14.05,G,IC
IC 1545,IC 1545,5.337125,21.983444,16.67,G,IC
IC 1546,IC 1546,5.370958,22.505861,0.00,Dup,IC
IC 1547,IC 1547,5.398708,22.506444,0.00,Other,IC
IC 1548,IC 1548,5.479833,22.006306,15.63,G,IC
IC 1549,IC 1549,5.707625,6.964278,14.97,G,IC
IC 1550,IC 1550,6.115208,38.185639,15.03,G,IC
IC 1551,IC 1551,6.897875,8.877500,14.88,G,IC
IC 1552,IC 1552,7.432125,21.476833,15.35,G,IC
IC 1553,IC 1553,8.167167,-25.607528,14.44,G,IC
IC 1554,IC 1554,8.280625,-32.258361,13.81,G,IC
IC 1555,IC 1555,8.636000,-30.017861,14.35,G,IC
IC 1556,IC 1556,8.762125,-9.368417,15.21,G,IC
IC 1557,IC 1557,8.893833,-2.876417,15.54,G,IC
IC 1558,IC 1558,8.946125,-25.374417,12.46,G,IC
IC 1559,IC 1559,9.218042,23.984972,0.00,Dup,IC
IC 1560,IC 1560,9.413458,2.671556,0.00,Other,IC
IC 1561,IC 1561,9.635375,-24.339944,15.16,G,IC
IC 1562,IC 1562,9.641500,-24.274056,13.60,G,IC
IC 1563,IC 1563,9.751000,-9.014583,0.00,Dup,IC
IC 1564,IC 1564,9.771375,6.021056,14.75,G,IC
IC 1565,IC 1565,9.859458,6.734250,14.50,G,IC
IC 1566,IC 1566,9.889000,6.815139,15.45,G,IC
IC 1567,IC 1567,9.859458,6.734250,0.00,Dup,IC
IC 1568,IC 1568,9.983167,6.848583,15.72,G,IC
IC 1569,IC 1569,10.116750,6.719694,15.69,G,IC
IC 1570,IC 1570,10.142083,6.752667,16.45,G,IC
IC 1571,IC 1571,10.157708,-0.330667,14.58,G,IC
IC 1572,IC 1572,10.300417,16.237500,0.00,Other,IC
IC 1573,IC 1573,10.543583,-23.591583,16.69,G,IC
IC 1574,IC 1574,10.765917,-22.246889,13.86,G,IC
IC 1575,IC 1575,10.889000,-4.117833,14.85,G,IC
IC 1576,IC 1576,11.058958,-25.109278,15.56,G,IC
IC 1577,IC 1577,10.893625,-8.186500,0.00,Dup,IC
IC 1578,IC 1578,11.108042,-25.076833,15.28,G,IC
IC 1579,IC 1579,11.385208,-26.565444,14.78,G,IC
IC 1580,IC 1580,11.588875,29.936611,0.00,Other,IC
IC 1581,IC 1581,11.443000,-25.920167,16.23,G,IC
IC 1582,IC 1582,11.570083,-24.279333,15.80,G,IC
IC 1583,IC 1583,11.792917,23.073833,15.33,G,IC
IC 1584,IC 1584,11.827417,27.827667,15.02,G,IC
IC 1585,IC 1585,11.809583,23.053556,15.11,G,IC
IC 1586,IC 1586,11.984667,22.372889,14.70,G,IC
IC 1587,IC 1587,12.180417,-23.561667,15.55,G,IC
IC 1588,IC 1588,12.740458,-23.557944,16.37,G,IC
IC 1589,IC 1589,12.997333,-34.422056,0.00,**,IC
IC 1590,IC 1590,13.209167,56.643028,0.00,Cl+N,IC
IC 1591,IC 1591,13.027375,-22.680139,0.00,Dup,IC
IC 1592,IC 1592,13.362667,5.770389,15.36,G,IC
IC 1593,IC 1593,13.665125,32.519472,0.00,**,IC
IC 1594,IC 1594,13.438875,-47.647472,15.17,G,IC
IC 1595,IC 1595,13.446042,-45.186639,15.38,G,IC
IC 1596,IC 1596,13.678458,21.522639,15.00,G,IC
IC 1597,IC 1597,13.383708,-58.107139,15.02,G,IC
IC 1598,IC 1598,13.674042,5.773806,14.97,G,IC
IC 1599,IC 1599,13.636708,-23.494917,15.53,G,IC
IC 1600,IC 1600,13.767667,-23.524889,15.52,G,IC
IC 1601,IC 1601,13.895167,-24.153389,14.47,G,IC
IC 1602,IC 1602,13.966208,-9.985667,15.44,G,IC
IC 1603,IC 1603,14.248667,-45.412944,14.63,G,IC
IC 1604,IC 1604,14.495625,-16.230056,0.00,Other,IC
IC 1605,IC 1605,14.406833,-48.902667,12.94,G,IC
IC 1606,IC 1606,14.592375,-12.178500,0.00,Other,IC
IC 1607,IC 1607,14.703583,0.587250,14.41,G,IC
IC 1608,IC 1608,14.851542,-34.328944,13.71,G,IC
IC 1609,IC 1609,14.944250,-40.333556,13.73,G,IC
IC 1610,IC 1610,15.427417,-15.567778,13.86,G,IC
IC 1611,IC 1611,14.949583,-72.332333,11.96,OCl,IC
IC 1612,IC 1612,14.994208,-72.370722,12.31,OCl,IC
IC 1613,IC 1613,16.199125,2.117778,9.54,G,IC
IC 1614,IC 1614,16.279000,33.189806,17.62,G,IC
IC 1615,IC 1615,16.029333,-51.133056,14.30,G,IC
IC 1616,IC 1616,16.234083,-27.429361,12.89,G,IC
IC 1617,IC 1617,16.070000,-51.032806,14.60,G,IC
IC 1618,IC 1618,16.483250,32.412167,15.59,G,IC
IC 1619,IC 1619,16.843500,33.067278,15.18,G,IC
IC 1620,IC 1620,16.809375,13.955111,14.60,G,IC
IC 1621,IC 1621,16.594292,-46.725500,14.62,G,IC
IC 1622,IC 1622,16.902792,-17.538639,14.64,G,IC
IC 1623,IC 1623,16.946583,-17.507028,0.00,GPair,IC
IC 1623A,IC 1623A,16.944583,-17.507222,14.26,G,IC
IC 1623B,IC 1623B,16.948167,-17.506972,13.89,G,IC
IC 1624,IC 1624,16.341000,-72.042528,12.42,OCl,IC
IC 1625,IC 1625,16.927542,-46.907583,12.08,G,IC
IC 1626,IC 1626,16.555958,-73.296111,13.82,OCl,IC
IC 1627,IC 1627,17.045167,-46.094056,13.72,G,IC
IC 1628,IC 1628,17.198042,-28.582333,12.52,G,IC
IC 1629,IC 1629,17.325833,2.567472,15.97,G,IC
IC 1630,IC 1630,17.069875,-46.754028,15.19,G,IC
IC 1631,IC 1631,17.186958,-46.475806,14.23,G,IC
IC 1632,IC 1632,17.680750,17.683250,16.48,G,IC
IC 1633,IC 1633,17.481583,-45.931194,11.39,G,IC
IC 1634,IC 1634,17.765792,17.663056,15.66,G,IC
IC 1635,IC 1635,17.764708,17.652028,15.64,G,IC
IC 1636,IC 1636,17.895667,33.365389,15.00,G,IC
IC 1637,IC 1637,17.754750,-30.438528,12.88,G,IC
IC 1638,IC 1638,18.090875,33.364528,14.92,G,IC
IC 1639,IC 1639,17.943958,-0.664361,14.37,G,IC
IC 1640,IC 1640,17.963750,-0.630361,15.45,G,IC
IC 1641,IC 1641,17.413292,-71.768972,14.99,OCl,IC
IC 1643,IC 1643,18.035958,-0.410194,15.15,G,IC
IC 1644,IC 1644,17.304208,-73.194111,11.70,HII,IC
IC 1645,IC 1645,18.113917,15.750083,14.40,G,IC
IC 1646,IC 1646,18.182625,15.707806,15.10,G,IC
IC 1647,IC 1647,18.310875,38.885278,15.13,G,IC
IC 1648,IC 1648,18.425500,33.218222,15.14,G,IC
IC 1649,IC 1649,17.962250,-55.857333,14.72,G,IC
IC 1650,IC 1650,18.079542,-50.401722,13.64,G,IC
IC 1651,IC 1651,18.364833,2.069167,0.00,Other,IC
IC 1652,IC 1652,18.734417,31.948500,14.23,G,IC
IC 1653,IC 1653,18.781625,33.377333,0.00,Dup,IC
IC 1654,IC 1654,18.799500,30.194833,14.52,G,IC
IC 1655,IC 1655,17.975417,-71.330611,14.00,OCl,IC
IC 1656,IC 1656,18.906792,33.067722,0.00,Dup,IC
IC 1657,IC 1657,18.529250,-32.650889,13.14,G,IC
IC 1658,IC 1658,18.956667,31.080250,0.00,Dup,IC
IC 1659,IC 1659,19.025083,30.349083,14.56,G,IC
IC 1660,IC 1660,18.156958,-71.761750,13.51,OCl,IC
IC 1661,IC 1661,19.051667,33.064111,0.00,Dup,IC
IC 1662,IC 1662,18.136458,-73.456750,14.03,OCl,IC
IC 1663,IC 1663,18.529250,-32.650889,0.00,Dup,IC
IC 1664,IC 1664,18.577125,-69.811528,0.00,Other,IC
IC 1665,IC 1665,19.437125,34.701667,0.00,Other,IC
IC 1666,IC 1666,19.972458,32.467333,14.35,G,IC
IC 1667,IC 1667,19.676458,-17.050222,15.41,G,IC
IC 1668,IC 1668,19.721250,33.173056,15.75,G,IC
IC 1669,IC 1669,20.028500,33.184750,15.65,G,IC
IC 1670,IC 1670,19.711667,-16.802778,0.00,GPair,IC
IC 1670A,IC 1670A,19.703500,-16.803444,14.77,G,IC
IC 1670B,IC 1670B,19.720208,-16.803444,14.50,G,IC
IC 1671,IC 1671,19.759750,-17.060389,0.00,Dup,IC
IC 1672,IC 1672,20.159167,29.698833,13.92,G,IC
IC 1673,IC 1673,20.193125,33.044944,14.79,G,IC
IC 1674,IC 1674,19.826833,-50.963583,14.92,G,IC
IC 1675,IC 1675,20.249583,34.248611,14.27,G,IC
IC 1676,IC 1676,20.244125,30.259472,15.58,G,IC
IC 1677,IC 1677,20.279542,33.216139,15.17,G,IC
IC 1678,IC 1678,20.260542,5.560528,15.30,G,IC
IC 1679,IC 1679,20.435833,33.493611,15.48,G,IC
IC 1680,IC 1680,20.463333,33.282500,14.86,G,IC
IC 1681,IC 1681,20.338833,0.090389,14.89,G,IC
IC 1682,IC 1682,20.555417,33.260278,14.26,G,IC
IC 1683,IC 1683,20.662500,34.436944,14.13,G,IC
IC 1684,IC 1684,20.721667,33.413611,15.77,G,IC
IC 1685,IC 1685,20.777500,33.189444,0.00,G,IC
IC 1686,IC 1686,20.797917,33.460556,0.00,Dup,IC
IC 1687,IC 1687,20.829583,33.275278,14.77,G,IC
IC 1688,IC 1688,20.867083,33.083056,16.42,G,IC
IC 1689,IC 1689,20.949417,33.055333,14.78,G,IC
IC 1690,IC 1690,20.956417,33.156278,14.98,G,IC
IC 1691,IC 1691,21.107500,33.406944,16.26,G,IC
IC 1692,IC 1692,21.164833,33.235806,15.60,G,IC
IC 1693,IC 1693,21.010000,-1.657028,15.99,G,IC
IC 1694,IC 1694,21.199167,1.607167,14.80,G,IC
IC 1695,IC 1695,21.281792,8.699500,15.30,G,IC
IC 1696,IC 1696,21.218167,-1.617056,13.61,G,IC
IC 1697,IC 1697,21.262250,0.444361,15.02,G,IC
IC 1698,IC 1698,21.342250,14.838722,14.82,G,IC
IC 1699,IC 1699,21.342250,14.838722,0.00,Dup,IC
IC 1700,IC 1700,21.352750,14.864611,0.00,Dup,IC
IC 1701,IC 1701,21.460000,18.184472,15.31,G,IC
IC 1702,IC 1702,21.484542,16.601806,14.44,G,IC
IC 1703,IC 1703,21.604792,-1.638722,0.00,Dup,IC
IC 1704,IC 1704,21.789708,14.776278,14.26,G,IC
IC 1705,IC 1705,21.686833,-3.501472,14.38,G,IC
IC 1706,IC 1706,21.879250,14.819556,15.56,G,IC
IC 1707,IC 1707,22.001333,37.117056,0.00,Other,IC
IC 1708,IC 1708,21.233667,-71.184444,14.30,OCl,IC
IC 1709,IC 1709,21.987542,-35.717694,0.00,Dup,IC
IC 1710,IC 1710,22.694333,21.440417,0.00,Dup,IC
IC 1711,IC 1711,22.730250,17.188556,14.68,G,IC
IC 1712,IC 1712,22.836458,-6.868056,0.00,Dup,IC
IC 1713,IC 1713,23.182500,35.324472,0.00,*,IC
IC 1714,IC 1714,23.221542,-13.024972,16.57,G,IC
IC 1715,IC 1715,23.392250,12.585444,14.48,G,IC
IC 1716,IC 1716,23.361875,-12.307944,0.00,*,IC
IC 1717,IC 1717,23.126375,-67.536833,0.00,Other,IC
IC 1718,IC 1718,24.611458,33.366528,14.96,G,IC
IC 1719,IC 1719,24.399667,-33.924083,13.96,G,IC
IC 1720,IC 1720,25.089958,-28.912750,13.81,G,IC
IC 1721,IC 1721,25.351833,8.525528,14.59,G,IC
IC 1722,IC 1722,25.761292,-34.187722,14.81,G,IC
IC 1723,IC 1723,25.809083,8.889361,14.08,G,IC
IC 1724,IC 1724,25.790333,-34.241889,14.22,G,IC
IC 1725,IC 1725,26.299292,21.776556,15.30,G,IC
IC 1726,IC 1726,26.331958,4.618528,14.62,G,IC
IC 1727,IC 1727,26.874542,27.333361,11.57,G,IC
IC 1728,IC 1728,26.935375,-33.601500,13.35,G,IC
IC 1729,IC 1729,26.980250,-26.892139,12.53,G,IC
IC 1730,IC 1730,27.491417,22.012111,15.64,G,IC
IC 1731,IC 1731,27.551417,27.196167,14.12,G,IC
IC 1732,IC 1732,27.699583,35.932750,14.82,G,IC
IC 1733,IC 1733,27.678708,33.082028,13.01,G,IC
IC 1734,IC 1734,27.321042,-32.742611,12.86,G,IC
IC 1735,IC 1735,27.715583,33.092333,15.07,G,IC
IC 1736,IC 1736,27.721667,18.302778,14.95,G,IC
IC 1737,IC 1737,27.928000,36.251194,0.00,Other,IC
IC 1738,IC 1738,27.782917,-9.792028,14.70,G,IC
IC 1739,IC 1739,27.623333,-34.055583,14.75,G,IC
IC 1740,IC 1740,27.214833,-30.085972,0.00,**,IC
IC 1741,IC 1741,27.986375,-16.788028,15.52,G,IC
IC 1742,IC 1742,28.309292,22.721389,15.16,G,IC
IC 1743,IC 1743,28.248667,12.708472,0.00,Dup,IC
IC 1744,IC 1744,28.411833,19.840417,0.00,Dup,IC
IC 1745,IC 1745,28.246208,-16.669000,16.07,G,IC
IC 1746,IC 1746,28.601292,4.803889,15.01,G,IC
IC 1747,IC 1747,29.398875,63.321778,12.00,PN,IC
IC 1748,IC 1748,29.036917,17.641278,14.68,G,IC
IC 1749,IC 1749,29.046250,6.744944,14.69,G,IC
IC 1750,IC 1750,29.077333,4.076278,15.35,G,IC
IC 1751,IC 1751,29.087625,5.628944,0.00,Dup,IC
IC 1752,IC 1752,29.314250,28.613500,16.29,G,IC
IC 1753,IC 1753,29.330458,28.589250,14.94,G,IC
IC 1754,IC 1754,29.207833,4.025611,15.36,G,IC
IC 1755,IC 1755,29.290792,14.549889,14.71,G,IC
IC 1756,IC 1756,29.272250,-0.468250,15.56,G,IC
IC 1757,IC 1757,29.297333,-0.473972,16.74,G,IC
IC 1758,IC 1758,29.218708,-16.542056,15.22,G,IC
IC 1759,IC 1759,29.480667,-32.987056,13.94,G,IC
IC 1760,IC 1760,29.352833,-31.988333,16.61,G,IC
IC 1761,IC 1761,29.717875,0.568306,15.54,G,IC
IC 1762,IC 1762,29.452667,-33.239806,14.30,G,IC
IC 1763,IC 1763,29.798958,-27.810694,14.64,G,IC
IC 1764,IC 1764,30.097375,24.580556,14.43,G,IC
IC 1765,IC 1765,30.277542,31.882472,0.00,Dup,IC
IC 1766,IC 1766,30.416667,31.826500,0.00,Dup,IC
IC 1767,IC 1767,29.997417,-11.078972,14.77,G,IC
IC 1768,IC 1768,30.207792,-25.026694,14.80,G,IC
IC 1769,IC 1769,30.228833,-31.919778,15.51,G,IC
IC 1770,IC 1770,30.559958,9.980944,15.32,G,IC
IC 1771,IC 1771,30.566083,9.968583,15.35,G,IC
IC 1772,IC 1772,30.678875,7.745528,0.00,G,IC
IC 1773,IC 1773,31.008792,30.832861,0.00,Dup,IC
IC 1774,IC 1774,30.995833,15.318056,13.61,G,IC
IC 1775,IC 1775,31.323083,13.505722,15.52,G,IC
IC 1776,IC 1776,31.313417,6.106833,14.33,G,IC
IC 1777,IC 1777,31.536250,15.209472,15.40,G,IC
IC 1778,IC 1778,31.580833,9.227417,0.00,Dup,IC
IC 1779,IC 1779,31.608042,3.705972,15.20,G,IC
IC 1780,IC 1780,31.713167,14.721917,15.53,G,IC
IC 1781,IC 1781,31.719958,-0.518083,15.95,G,IC
IC 1782,IC 1782,31.833542,-25.441889,0.00,Dup,IC
IC 1783,IC 1783,32.525542,-32.939861,12.48,G,IC
IC 1784,IC 1784,34.053292,32.649500,13.14,G,IC
IC 1785,IC 1785,34.087667,32.666528,15.59,G,IC
IC 1786,IC 1786,34.023458,5.145472,15.47,G,IC
IC 1787,IC 1787,34.043500,-11.926722,0.00,Dup,IC
IC 1788,IC 1788,33.958167,-31.201000,12.37,G,IC
IC 1789,IC 1789,34.463250,32.396028,14.70,G,IC
IC 1790,IC 1790,34.407458,12.508972,15.66,G,IC
IC 1791,IC 1791,34.422250,12.470611,14.54,G,IC
IC 1792,IC 1792,34.754542,34.462389,14.92,G,IC
IC 1793,IC 1793,35.385000,32.544500,14.79,G,IC
IC 1794,IC 1794,35.375708,15.761639,15.04,G,IC
IC 1795,IC 1795,36.633167,62.041639,0.00,HII,IC
IC 1796,IC 1796,35.697167,-41.371083,13.67,G,IC
IC 1797,IC 1797,36.366208,20.395333,15.25,G,IC
IC 1798,IC 1798,36.564625,13.430778,0.00,G,IC
IC 1799,IC 1799,37.191292,45.970639,14.89,G,IC
IC 1800,IC 1800,37.129833,31.409667,0.00,Other,IC
IC 1801,IC 1801,37.053125,19.583333,13.98,G,IC
IC 1802,IC 1802,37.308250,23.082694,13.37,G,IC
IC 1803,IC 1803,37.458083,23.108583,15.72,G,IC
IC 1804,IC 1804,37.476750,23.097083,15.81,G,IC
IC 1805,IC 1805,38.172958,61.456889,6.50,Cl+N,IC
IC 1806,IC 1806,37.395625,22.943222,15.69,G,IC
IC 1807,IC 1807,37.629167,22.949722,15.56,G,IC
IC 1808,IC 1808,37.630333,-4.215417,0.00,Dup,IC
IC 1809,IC 1809,37.918125,22.917194,14.96,G,IC
IC 1810,IC 1810,37.361792,-43.076333,14.15,G,IC
IC 1811,IC 1811,37.659125,-34.264167,14.42,G,IC
IC 1812,IC 1812,37.382417,-42.811361,12.21,G,IC
IC 1813,IC 1813,37.706208,-34.220889,14.30,G,IC
IC 1814,IC 1814,37.774125,-36.034667,0.00,Dup,IC
IC 1815,IC 1815,38.583333,32.429472,14.26,G,IC
IC 1816,IC 1816,37.962500,-36.672056,14.26,G,IC
IC 1817,IC 1817,38.459167,11.203333,0.00,GPair,IC
IC 1818,IC 1818,38.529750,-11.040750,15.27,G,IC
IC 1819,IC 1819,38.924292,4.051806,15.03,G,IC
IC 1820,IC 1820,38.969458,6.040611,15.20,G,IC
IC 1821,IC 1821,39.108875,13.779556,0.00,GPair,IC
IC 1822,IC 1822,38.926458,-8.562806,0.00,*,IC
IC 1823,IC 1823,39.654083,32.069694,13.28,G,IC
IC 1824,IC 1824,40.646083,61.594361,0.00,Dup,IC
IC 1825,IC 1825,39.731792,9.097361,14.84,G,IC
IC 1826,IC 1826,39.764792,-27.443139,12.76,G,IC
IC 1827,IC 1827,39.943583,1.558278,14.44,G,IC
IC 1828,IC 1828,40.120792,19.297111,0.00,Dup,IC
IC 1829,IC 1829,40.136625,14.297944,15.83,G,IC
IC 1830,IC 1830,39.764792,-27.443139,0.00,Dup,IC
IC 1831,IC 1831,40.985000,62.411639,0.00,Neb,IC
IC 1832,IC 1832,40.490250,19.030083,15.17,G,IC
IC 1833,IC 1833,40.411250,-28.171278,14.14,G,IC
IC 1834,IC 1834,40.700375,3.084167,15.18,G,IC
IC 1835,IC 1835,40.954792,14.889583,0.00,GGroup,IC
IC 1836,IC 1836,40.847750,3.105389,15.57,G,IC
IC 1837,IC 1837,40.880458,0.306806,0.00,Dup,IC
IC 1838,IC 1838,41.179125,19.455111,15.17,G,IC
IC 1839,IC 1839,41.178792,15.240083,15.25,G,IC
IC 1840,IC 1840,40.924917,-15.705583,0.00,Dup,IC
IC 1841,IC 1841,41.400958,18.928917,15.07,G,IC
IC 1842,IC 1842,41.347583,11.458111,15.61,G,IC
IC 1843,IC 1843,41.352583,2.880528,14.15,G,IC
IC 1844,IC 1844,41.455833,3.230306,14.99,G,IC
IC 1845,IC 1845,40.987083,-27.968917,10.17,**,IC
IC 1846,IC 1846,41.931583,13.255333,0.00,Dup,IC
IC 1847,IC 1847,41.973625,14.505111,15.98,G,IC
IC 1848,IC 1848,42.794125,60.402472,6.50,Cl+N,IC
IC 1849,IC 1849,41.935958,9.356806,15.44,G,IC
IC 1850,IC 1850,42.163958,13.259528,0.00,Dup,IC
IC 1851,IC 1851,42.941333,58.314306,6.44,*,IC
IC 1852,IC 1852,42.251542,13.223750,0.00,Dup,IC
IC 1853,IC 1853,42.017792,-13.993111,14.36,G,IC
IC 1854,IC 1854,42.336333,19.303917,14.81,G,IC
IC 1855,IC 1855,42.267958,13.442889,16.27,G,IC
IC 1856,IC 1856,42.211667,-0.767389,14.38,G,IC
IC 1857,IC 1857,42.412167,14.619806,15.07,G,IC
IC 1858,IC 1858,42.285042,-31.289583,14.20,G,IC
IC 1859,IC 1859,42.266333,-31.172500,14.30,G,IC
IC 1860,IC 1860,42.390458,-31.189111,12.59,G,IC
IC 1861,IC 1861,43.279083,25.490389,14.63,G,IC
IC 1862,IC 1862,42.995000,-33.340167,14.59,G,IC
IC 1863,IC 1863,43.711417,8.784389,15.70,G,IC
IC 1864,IC 1864,43.413792,-34.197639,12.72,G,IC
IC 1865,IC 1865,43.834083,8.828167,14.93,G,IC
IC 1866,IC 1866,43.720792,-15.652556,15.22,G,IC
IC 1867,IC 1867,43.967625,9.311833,14.60,G,IC
IC 1868,IC 1868,44.024375,9.378833,15.86,G,IC
IC 1869,IC 1869,44.548708,5.836583,15.56,G,IC
IC 1870,IC 1870,44.473042,-2.347083,13.50,G,IC
IC 1871,IC 1871,44.340792,60.672361,0.00,HII,IC
IC 1872,IC 1872,46.144208,42.810667,0.00,Other,IC
IC 1873,IC 1873,45.970333,9.613250,15.30,G,IC
IC 1874,IC 1874,46.591583,36.014528,14.69,G,IC
IC 1875,IC 1875,45.986000,-39.440417,12.55,G,IC
IC 1876,IC 1876,46.134542,-27.460500,14.12,G,IC
IC 1877,IC 1877,45.789917,-50.511917,16.32,G,IC
IC 1878,IC 1878,45.917500,-52.108028,15.18,G,IC
IC 1879,IC 1879,45.968542,-52.117750,15.96,G,IC
IC 1880,IC 1880,46.619250,-9.731472,14.86,G,IC
IC 1881,IC 1881,47.322125,38.649444,0.00,Dup,IC
IC 1882,IC 1882,46.955417,3.147889,15.04,G,IC
IC 1883,IC 1883,47.425958,40.893083,0.00,Dup,IC
IC 1884,IC 1884,47.428083,40.974222,0.00,Dup,IC
IC 1885,IC 1885,46.668458,-32.863639,14.88,G,IC
IC 1886,IC 1886,47.013500,-4.399833,14.81,G,IC
IC 1887,IC 1887,47.553833,40.765667,0.00,Dup,IC
IC 1888,IC 1888,47.734000,41.137111,0.00,Dup,IC
IC 1889,IC 1889,47.762958,40.622111,0.00,Dup,IC
IC 1890,IC 1890,47.493458,19.208056,15.63,G,IC
IC 1891,IC 1891,47.550083,19.606556,16.61,G,IC
IC 1892,IC 1892,47.113458,-23.055778,13.84,G,IC
IC 1893,IC 1893,47.569042,19.616861,17.13,G,IC
IC 1894,IC 1894,47.606125,19.606611,15.83,G,IC
IC 1895,IC 1895,47.400917,-25.253583,13.29,G,IC
IC 1896,IC 1896,46.968833,-54.214472,15.82,G,IC
IC 1897,IC 1897,47.691375,-10.796056,14.67,G,IC
IC 1898,IC 1898,47.582458,-22.404861,13.62,G,IC
IC 1899,IC 1899,48.054625,-25.304917,14.39,G,IC
IC 1900,IC 1900,48.980125,37.154111,13.86,G,IC
IC 1901,IC 1901,49.010875,37.112444,16.76,G,IC
IC 1902,IC 1902,49.051750,37.177444,15.60,G,IC
IC 1903,IC 1903,48.293125,-50.569833,0.00,GPair,IC
IC 1904,IC 1904,48.753208,-30.708028,14.42,G,IC
IC 1905,IC 1905,49.700000,41.365444,0.00,Other,IC
IC 1906,IC 1906,49.023542,-34.360639,14.46,G,IC
IC 1907,IC 1907,49.975625,41.563389,0.00,Dup,IC
IC 1908,IC 1908,48.772083,-54.819972,14.08,G,IC
IC 1909,IC 1909,49.333417,-33.690056,14.52,G,IC
IC 1910,IC 1910,49.490792,-21.434750,0.00,Other,IC
IC 1911,IC 1911,50.204917,35.321806,0.00,*,IC
IC 1912,IC 1912,49.180958,-50.654889,15.83,G,IC
IC 1913,IC 1913,49.893917,-32.465028,14.44,G,IC
IC 1914,IC 1914,49.855167,-49.599722,13.04,G,IC
IC 1915,IC 1915,49.966458,-50.691194,16.17,G,IC
IC 1916,IC 1916,50.068833,-49.041917,15.40,G,IC
IC 1917,IC 1917,50.551500,-53.185194,16.17,G,IC
IC 1918,IC 1918,51.574542,4.541028,15.57,G,IC
IC 1919,IC 1919,51.509333,-32.894556,13.79,G,IC
IC 1920,IC 1920,51.101667,-52.713583,16.00,G,IC
IC 1921,IC 1921,51.175458,-50.698000,0.00,Other,IC
IC 1922,IC 1922,51.179292,-50.740528,16.90,G,IC
IC 1923,IC 1923,51.219333,-50.555833,0.00,Other,IC
IC 1924,IC 1924,51.281958,-51.703444,16.69,G,IC
IC 1925,IC 1925,51.315375,-51.256889,0.00,Other,IC
IC 1926,IC 1926,51.329292,-51.701056,16.59,G,IC
IC 1927,IC 1927,51.332042,-51.719444,0.00,**,IC
IC 1928,IC 1928,51.871583,-21.560167,14.13,G,IC
IC 1929,IC 1929,51.357708,-51.267194,14.16,G,IC
IC 1930,IC 1930,52.192750,4.383556,15.81,G,IC
IC 1931,IC 1931,52.240500,1.750722,15.44,G,IC
IC 1932,IC 1932,51.475125,-51.343167,14.59,G,IC
IC 1933,IC 1933,51.416208,-52.785500,12.57,G,IC
IC 1934,IC 1934,52.808417,42.792278,16.00,G,IC
IC 1935,IC 1935,51.555417,-50.010444,14.26,G,IC
IC 1936,IC 1936,51.616833,-51.323194,16.04,G,IC
IC 1937,IC 1937,51.698500,-48.702556,14.89,G,IC
IC 1938,IC 1938,51.793500,-53.009889,15.51,G,IC
IC 1939,IC 1939,51.935708,-51.070917,0.00,Other,IC
IC 1940,IC 1940,51.926417,-52.139444,14.78,G,IC
IC 1941,IC 1941,53.062250,24.383722,0.00,Other,IC
IC 1942,IC 1942,51.972083,-52.676944,0.00,GPair,IC
IC 1943,IC 1943,54.686958,-44.100611,0.00,Dup,IC
IC 1944,IC 1944,52.416667,-47.996167,15.75,G,IC
IC 1945,IC 1945,52.319000,-52.627167,15.31,G,IC
IC 1946,IC 1946,52.342458,-52.619333,14.44,G,IC
IC 1947,IC 1947,52.636750,-50.338528,14.78,G,IC
IC 1948,IC 1948,52.708542,-47.964861,15.69,G,IC
IC 1949,IC 1949,52.720083,-47.979250,13.15,G,IC
IC 1950,IC 1950,52.768833,-50.433417,14.47,G,IC
IC 1951,IC 1951,52.734708,-53.126194,17.13,G,IC
IC 1952,IC 1952,53.361125,-23.712778,13.52,G,IC
IC 1953,IC 1953,53.424458,-21.478639,11.96,G,IC
IC 1954,IC 1954,52.880792,-51.904833,11.58,G,IC
IC 1955,IC 1955,52.852833,-57.241861,15.77,G,IC
IC 1956,IC 1956,53.888208,5.067000,15.53,G,IC
IC 1957,IC 1957,53.056167,-52.456639,16.54,G,IC
IC 1958,IC 1958,53.193375,-51.441694,16.03,G,IC
IC 1959,IC 1959,53.302458,-50.414250,12.83,G,IC
IC 1960,IC 1960,53.137375,-57.206611,15.21,G,IC
IC 1961,IC 1961,53.388958,-48.950639,15.48,G,IC
IC 1962,IC 1962,53.906208,-21.294056,14.76,G,IC
IC 1963,IC 1963,53.879333,-34.447056,0.00,Dup,IC
IC 1964,IC 1964,53.375333,-53.173139,16.61,G,IC
IC 1965,IC 1965,53.296000,-56.554083,15.09,G,IC
IC 1966,IC 1966,53.514125,-51.322250,15.61,G,IC
IC 1967,IC 1967,54.448833,3.271028,14.94,G,IC
IC 1968,IC 1968,53.657458,-50.651278,16.20,G,IC
IC 1969,IC 1969,54.057750,-45.179611,14.88,G,IC
IC 1970,IC 1970,54.131333,-43.956833,12.44,G,IC
IC 1971,IC 1971,53.989125,-52.651250,15.90,G,IC
IC 1972,IC 1972,54.088833,-51.968139,16.41,G,IC
IC 1973,IC 1973,54.087583,-51.994167,16.71,G,IC
IC 1974,IC 1974,54.176000,-49.550278,15.91,G,IC
IC 1975,IC 1975,54.764792,-15.500139,15.57,G,IC
IC 1976,IC 1976,54.286500,-47.437917,15.78,G,IC
IC 1977,IC 1977,55.188000,17.741167,14.56,G,IC
IC 1978,IC 1978,54.273292,-50.150833,15.70,G,IC
IC 1979,IC 1979,54.192792,-57.944556,0.00,**,IC
IC 1980,IC 1980,54.245792,-57.973861,14.94,G,IC
IC 1981,IC 1981,55.122375,-26.862250,0.00,Dup,IC
IC 1982,IC 1982,54.426958,-57.776278,15.66,G,IC
IC 1983,IC 1983,55.236917,-22.564472,0.00,Dup,IC
IC 1984,IC 1984,54.959292,-47.075833,16.39,G,IC
IC 1985,IC 1985,56.142458,32.162833,0.00,Dup,IC
IC 1986,IC 1986,55.146458,-45.355806,14.63,G,IC
IC 1987,IC 1987,55.046958,-55.054806,0.00,GGroup,IC
IC 1988,IC 1988,55.690042,-39.887111,0.00,Other,IC
IC 1989,IC 1989,55.477792,-50.957806,14.61,G,IC
IC 1990,IC 1990,56.807625,24.333889,0.00,Neb,IC
IC 1991,IC 1991,56.194958,-51.523417,16.18,G,IC
IC 1992,IC 1992,56.283500,-51.004694,0.00,Other,IC
IC 1993,IC 1993,56.770042,-33.709861,11.90,G,IC
IC 1994,IC 1994,56.479375,-51.643333,16.02,G,IC
IC 1995,IC 1995,57.577250,25.580778,0.00,Neb,IC
IC 1996,IC 1996,56.282042,-57.324806,16.32,G,IC
IC 1997,IC 1997,56.216250,-59.137667,13.47,G,IC
IC 1998,IC 1998,57.880500,1.189806,15.69,G,IC
IC 1999,IC 1999,56.928500,-56.952083,15.08,G,IC
IC 2000,IC 2000,57.282250,-48.858194,12.38,G,IC
IC 2001,IC 2001,57.715500,-48.599639,0.00,**,IC
IC 2002,IC 2002,58.626458,10.707000,0.00,Dup,IC
IC 2003,IC 2003,59.091792,33.874861,11.40,PN,IC
IC 2004,IC 2004,57.940542,-49.419611,14.99,G,IC
IC 2005,IC 2005,59.414750,36.787472,15.76,G,IC
IC 2006,IC 2006,58.618542,-35.967139,11.34,G,IC
IC 2007,IC 2007,58.844833,-28.158333,13.73,G,IC
IC 2008,IC 2008,58.844833,-28.158333,0.00,Dup,IC
IC 2009,IC 2009,58.395208,-48.989472,14.90,G,IC
IC 2010,IC 2010,57.991792,-59.929361,13.71,G,IC
IC 2011,IC 2011,58.113125,-57.468417,0.00,**,IC
IC 2012,IC 2012,58.230500,-58.651000,0.00,GPair,IC
IC 2013,IC 2013,59.183583,-17.109500,0.00,Other,IC
IC 2014,IC 2014,58.840333,-56.746306,15.67,G,IC
IC 2015,IC 2015,59.547583,-40.389139,15.66,G,IC
IC 2016,IC 2016,60.499458,20.240444,15.70,G,IC
IC 2017,IC 2017,59.164042,-59.394750,15.00,G,IC
IC 2018,IC 2018,59.477208,-52.781111,14.78,G,IC
IC 2019,IC 2019,60.473542,5.639444,15.24,G,IC
IC 2020,IC 2020,59.721417,-54.057611,15.62,G,IC
IC 2021,IC 2021,59.849708,-52.656722,15.76,G,IC
IC 2022,IC 2022,59.666708,-59.043667,16.14,G,IC
IC 2023,IC 2023,59.919292,-52.681139,15.86,G,IC
IC 2024,IC 2024,60.017250,-53.371000,15.55,G,IC
IC 2025,IC 2025,60.096583,-53.065611,15.30,G,IC
IC 2026,IC 2026,60.980000,-11.179028,0.00,Dup,IC
IC 2027,IC 2027,61.664958,37.115750,16.00,G,IC
IC 2028,IC 2028,60.325958,-52.707444,14.22,G,IC
IC 2029,IC 2029,60.324792,-52.800778,15.74,G,IC
IC 2030,IC 2030,61.234542,-19.231472,0.00,Other,IC
IC 2031,IC 2031,61.561333,-5.651889,15.80,G,IC
IC 2032,IC 2032,61.762667,-55.323833,14.73,G,IC
IC 2033,IC 2033,61.810083,-53.680917,14.99,G,IC
IC 2034,IC 2034,61.653458,-57.961389,15.90,G,IC
IC 2035,IC 2035,62.257792,-45.517528,11.75,G,IC
IC 2036,IC 2036,62.479583,-39.688694,14.45,G,IC
IC 2037,IC 2037,62.079167,-58.751167,14.78,G,IC
IC 2038,IC 2038,62.223958,-55.989556,14.68,G,IC
IC 2039,IC 2039,62.259875,-56.011694,14.26,G,IC
IC 2040,IC 2040,63.249042,-32.553278,13.68,G,IC
IC 2041,IC 2041,63.145417,-32.817361,14.68,G,IC
IC 2042,IC 2042,62.930250,-47.270083,10.94,*,IC
IC 2043,IC 2043,62.789375,-53.686639,14.51,G,IC
IC 2044,IC 2044,62.808208,-54.532556,16.51,G,IC
IC 2045,IC 2045,63.650042,-13.174917,15.49,G,IC
IC 2046,IC 2046,62.852250,-54.673194,15.15,G,IC
IC 2047,IC 2047,63.733667,-13.191722,0.00,Dup,IC
IC 2048,IC 2048,63.145417,-32.817361,0.00,Dup,IC
IC 2049,IC 2049,63.017833,-58.557000,14.74,G,IC
IC 2050,IC 2050,63.483875,-53.475361,13.80,G,IC
IC 2051,IC 2051,58.003458,-83.830694,11.23,G,IC
IC 2052,IC 2052,63.743833,-54.336194,15.37,G,IC
IC 2053,IC 2053,63.981750,-49.358333,15.27,G,IC
IC 2054,IC 2054,61.859750,-78.253306,16.38,G,IC
IC 2055,IC 2055,64.452167,-48.924111,0.00,Other,IC
IC 2056,IC 2056,64.102250,-60.206806,11.87,G,IC
IC 2057,IC 2057,65.483708,4.048639,15.18,G,IC
IC 2058,IC 2058,64.476458,-55.932889,13.76,G,IC
IC 2059,IC 2059,65.109583,-31.724583,13.98,G,IC
IC 2060,IC 2060,64.472333,-56.616250,13.91,G,IC
IC 2061,IC 2061,66.000542,21.083194,0.00,Other,IC
IC 2062,IC 2062,68.007750,71.919861,0.00,*,IC
IC 2063,IC 2063,65.668000,-15.660500,14.83,G,IC
IC 2064,IC 2064,65.861417,-15.685167,15.75,G,IC
IC 2065,IC 2065,65.366583,-55.933306,14.61,G,IC
IC 2066,IC 2066,65.884708,-54.733389,15.27,G,IC
IC 2067,IC 2067,67.712625,35.446167,11.49,Neb,IC
IC 2068,IC 2068,66.653667,-42.093722,14.27,G,IC
IC 2069,IC 2069,66.483917,-48.208056,0.00,Other,IC
IC 2070,IC 2070,66.148708,-57.980889,14.50,G,IC
IC 2071,IC 2071,66.554958,-53.152111,0.00,GGroup,IC
IC 2072,IC 2072,66.727500,-48.377500,0.00,Other,IC
IC 2073,IC 2073,66.641000,-53.187333,13.72,G,IC
IC 2074,IC 2074,67.845958,7.702611,0.00,Other,IC
IC 2075,IC 2075,67.714958,-5.798278,0.00,Dup,IC
IC 2076,IC 2076,67.032542,-48.228861,0.00,Other,IC
IC 2077,IC 2077,68.025500,0.567361,0.00,Dup,IC
IC 2078,IC 2078,67.967583,-4.698694,14.40,*,IC
IC 2079,IC 2079,67.128417,-53.737917,14.00,G,IC
IC 2080,IC 2080,67.967292,-5.756833,15.84,G,IC
IC 2081,IC 2081,67.253750,-53.613694,13.27,G,IC
IC 2082,IC 2082,67.281667,-53.827222,0.00,GPair,IC
IC 2083,IC 2083,67.684458,-53.980833,14.93,G,IC
IC 2084,IC 2084,68.025708,-48.288306,0.00,Other,IC
IC 2085,IC 2085,67.851000,-54.416833,13.18,G,IC
IC 2086,IC 2086,67.884042,-53.647639,15.71,G,IC
IC 2087,IC 2087,69.999875,25.742222,0.00,Neb,IC
IC 2088,IC 2088,67.769000,26.607028,0.00,Neb,IC
IC 2089,IC 2089,68.210167,-75.539444,15.13,G,IC
IC 2090,IC 2090,71.183625,-33.994083,0.00,Other,IC
IC 2091,IC 2091,71.663417,-4.671806,0.00,Other,IC
IC 2092,IC 2092,71.698417,-4.943361,0.00,Other,IC
IC 2093,IC 2093,71.884500,-2.709028,0.00,*,IC
IC 2094,IC 2094,72.103458,-5.352639,15.82,G,IC
IC 2095,IC 2095,72.190125,-5.124806,16.13,G,IC
IC 2096,IC 2096,72.420250,-4.978639,0.00,Other,IC
IC 2097,IC 2097,72.600917,-5.081222,15.33,G,IC
IC 2098,IC 2098,72.684625,-5.418667,14.66,G,IC
IC 2099,IC 2099,72.716958,-4.892722,0.00,Dup,IC
IC 2100,IC 2100,72.812250,-4.830917,0.00,**,IC
IC 2101,IC 2101,72.926000,-6.231444,14.42,G,IC
IC 2102,IC 2102,72.980500,-4.951611,14.52,G,IC
IC 2103,IC 2103,69.950208,-76.836806,14.67,G,IC
IC 2104,IC 2104,74.079000,-15.797889,13.79,G,IC
IC 2105,IC 2105,72.361083,-69.200917,11.30,Cl+N,IC
IC 2106,IC 2106,74.141208,-28.503917,13.79,G,IC
IC 2107,IC 2107,74.585875,8.238361,0.00,Dup,IC
IC 2108,IC 2108,74.321125,-15.289000,0.00,Dup,IC
IC 2109,IC 2109,74.746583,-0.305306,0.00,*,IC
IC 2110,IC 2110,74.757500,-0.302639,0.00,*,IC
IC 2111,IC 2111,72.967167,-69.392167,0.00,Cl+N,IC
IC 2112,IC 2112,75.125625,4.386528,15.36,G,IC
IC 2113,IC 2113,74.882625,-15.823639,0.00,Dup,IC
IC 2114,IC 2114,73.608208,-69.184111,0.00,Dup,IC
IC 2115,IC 2115,74.286333,-66.390194,11.27,*,IC
IC 2116,IC 2116,74.317750,-66.389028,14.21,HII,IC
IC 2117,IC 2117,74.313375,-68.441472,0.00,Cl+N,IC
IC 2118,IC 2118,76.231000,-7.265639,0.00,Dup,IC
IC 2119,IC 2119,76.712292,-20.345194,14.69,G,IC
IC 2120,IC 2120,79.792917,38.185000,0.00,Other,IC
IC 2121,IC 2121,79.936917,-25.064333,0.00,Dup,IC
IC 2122,IC 2122,79.755833,-37.089389,13.93,G,IC
IC 2123,IC 2123,80.486250,3.486389,0.00,Dup,IC
IC 2124,IC 2124,80.494917,3.482167,0.00,Dup,IC
IC 2125,IC 2125,81.117167,-27.016056,14.50,G,IC
IC 2126,IC 2126,80.494625,-67.957389,0.00,Dup,IC
IC 2127,IC 2127,80.558167,-67.978306,0.00,Dup,IC
IC 2128,IC 2128,80.684042,-68.061083,11.10,Cl+N,IC
IC 2129,IC 2129,82.960292,-23.145056,13.85,G,IC
IC 2130,IC 2130,82.960292,-23.145056,0.00,Dup,IC
IC 2131,IC 2131,83.077292,-17.223861,0.00,Dup,IC
IC 2132,IC 2132,83.119458,-13.927111,14.15,G,IC
IC 2133,IC 2133,85.519375,69.378444,0.00,Dup,IC
IC 2134,IC 2134,80.774333,-75.446833,13.94,GCl,IC
IC 2135,IC 2135,83.303750,-36.398833,13.28,G,IC
IC 2136,IC 2136,83.303750,-36.398833,0.00,Dup,IC
IC 2137,IC 2137,83.590333,-23.533333,13.94,G,IC
IC 2138,IC 2138,83.590333,-23.533333,0.00,Dup,IC
IC 2139,IC 2139,83.817625,-17.933667,0.00,*Ass,IC
IC 2140,IC 2140,83.341292,-75.375361,13.48,GCl,IC
IC 2141,IC 2141,85.593083,-51.032861,0.00,*Ass,IC
IC 2142,IC 2142,83.288167,-78.019417,15.53,G,IC
IC 2143,IC 2143,86.719208,-18.726389,13.42,G,IC
IC 2144,IC 2144,87.557875,23.872417,0.00,HII,IC
IC 2145,IC 2145,85.103125,-69.670306,12.00,Neb,IC
IC 2146,IC 2146,84.445542,-74.783194,12.41,GCl,IC
IC 2147,IC 2147,85.866917,-30.495028,13.62,G,IC
IC 2148,IC 2148,84.799417,-75.562444,14.23,GCl,IC
IC 2149,IC 2149,89.099542,46.104778,10.78,PN,IC
IC 2150,IC 2150,87.827333,-38.320472,12.94,G,IC
IC 2151,IC 2151,88.151792,-17.787278,14.17,G,IC
IC 2152,IC 2152,89.472542,-23.180778,13.49,G,IC
IC 2153,IC 2153,90.021583,-33.919750,0.00,GPair,IC
IC 2154,IC 2154,90.282542,-23.672639,0.00,Dup,IC
IC 2155,IC 2155,90.160125,-33.997333,16.54,G,IC
IC 2156,IC 2156,91.218375,24.158444,0.00,OCl,IC
IC 2157,IC 2157,91.198250,24.071028,8.40,OCl,IC
IC 2158,IC 2158,91.324833,-27.856972,12.91,G,IC
IC 2159,IC 2159,92.490083,20.431389,0.00,Neb,IC
IC 2160,IC 2160,88.869000,-76.920250,13.11,G,IC
IC 2161,IC 2161,89.353583,-75.139472,14.24,GCl,IC
IC 2162,IC 2162,93.269583,17.980083,0.00,HII,IC
IC 2163,IC 2163,94.116583,-21.375861,11.11,G,IC
IC 2164,IC 2164,91.717750,-75.364694,14.57,G,IC
IC 2165,IC 2165,95.427917,-12.987222,10.50,PN,IC
IC 2166,IC 2166,96.731833,59.080083,12.45,G,IC
IC 2167,IC 2167,97.775750,10.459278,0.00,Dup,IC
IC 2168,IC 2168,98.448833,44.685472,0.00,**,IC
IC 2169,IC 2169,97.751333,9.897444,0.00,Dup,IC
IC 2170,IC 2170,98.520458,44.688444,0.00,Other,IC
IC 2171,IC 2171,101.115375,-17.932472,15.19,G,IC
IC 2172,IC 2172,101.714875,1.316000,0.00,Dup,IC
IC 2173,IC 2173,102.696500,33.458056,0.00,*,IC
IC 2174,IC 2174,107.273375,75.353028,13.55,G,IC
IC 2175,IC 2175,107.165250,35.288250,0.00,**,IC
IC 2176,IC 2176,106.882625,32.469750,15.12,G,IC
IC 2177,IC 2177,106.153792,-10.471056,0.00,RfN,IC
IC 2178,IC 2178,106.906917,32.512389,16.01,G,IC
IC 2179,IC 2179,108.884625,64.926194,12.51,G,IC
IC 2180,IC 2180,107.831583,26.371528,14.96,G,IC
IC 2181,IC 2181,108.293125,18.995833,14.78,G,IC
IC 2182,IC 2182,108.545958,18.945028,14.89,G,IC
IC 2183,IC 2183,109.234500,-20.410472,0.00,Other,IC
IC 2184,IC 2184,112.355833,72.128889,0.00,GGroup,IC
IC 2185,IC 2185,110.816833,32.495333,14.88,G,IC
IC 2186,IC 2186,110.699083,21.529250,16.09,G,IC
IC 2187,IC 2187,110.680458,21.483361,15.10,G,IC
IC 2188,IC 2188,110.679917,21.513028,15.05,G,IC
IC 2189,IC 2189,111.239958,8.920694,0.00,Other,IC
IC 2190,IC 2190,112.476250,37.451750,14.68,G,IC
IC 2191,IC 2191,112.572750,24.327722,15.18,G,IC
IC 2192,IC 2192,113.334625,31.361389,15.56,G,IC
IC 2193,IC 2193,113.348792,31.483556,14.62,G,IC
IC 2194,IC 2194,113.417458,31.334417,14.96,G,IC
IC 2195,IC 2195,112.115125,-51.257417,0.00,Other,IC
IC 2196,IC 2196,113.540583,31.405667,13.92,G,IC
IC 2197,IC 2197,113.605458,31.422000,17.07,G,IC
IC 2198,IC 2198,113.546375,23.966333,15.27,G,IC
IC 2199,IC 2199,113.732250,31.276250,13.55,G,IC
IC 2200,IC 2200,112.072958,-62.352917,13.16,G,IC
IC 2201,IC 2201,114.070042,33.122722,14.91,G,IC
IC 2202,IC 2202,111.978083,-67.574222,13.60,G,IC
IC 2203,IC 2203,115.140042,34.230056,14.58,G,IC
IC 2204,IC 2204,115.325417,34.232167,16.26,G,IC
IC 2205,IC 2205,116.727375,26.872333,14.98,G,IC
IC 2206,IC 2206,116.459958,-34.330167,10.50,*,IC
IC 2207,IC 2207,117.462042,33.962278,15.15,G,IC
IC 2208,IC 2208,118.032667,27.483917,15.18,G,IC
IC 2209,IC 2209,119.059208,60.304083,13.80,G,IC
IC 2210,IC 2210,119.235375,56.682333,0.00,**,IC
IC 2211,IC 2211,119.440250,32.558111,14.56,G,IC
IC 2212,IC 2212,119.738333,32.612250,15.70,G,IC
IC 2213,IC 2213,119.777292,27.464000,15.44,G,IC
IC 2214,IC 2214,119.974208,33.290528,14.45,G,IC
IC 2215,IC 2215,119.888125,24.928972,0.00,Other,IC
IC 2216,IC 2216,119.864792,5.614500,0.00,**,IC
IC 2217,IC 2217,120.207208,27.500306,14.30,G,IC
IC 2218,IC 2218,120.410375,24.432444,15.57,G,IC
IC 2219,IC 2219,120.652208,27.437500,14.41,G,IC
IC 2220,Toby Jug Nebula,119.212292,-59.125778,0.00,RfN,IC
IC 2221,IC 2221,121.283125,37.450639,16.22,G,IC
IC 2222,IC 2222,121.311542,37.472583,15.43,G,IC
IC 2223,IC 2223,121.459625,37.460056,16.31,G,IC
IC 2224,IC 2224,121.459625,37.460056,0.00,Dup,IC
IC 2225,IC 2225,121.367167,35.946694,14.76,G,IC
IC 2226,IC 2226,121.546750,12.543500,13.43,G,IC
IC 2227,IC 2227,121.779917,36.233472,14.19,G,IC
IC 2228,IC 2228,121.773542,8.025361,0.00,*,IC
IC 2229,IC 2229,122.434000,25.881611,0.00,Dup,IC
IC 2230,IC 2230,122.735625,25.684694,15.67,G,IC
IC 2231,IC 2231,122.756667,5.087333,14.91,G,IC
IC 2232,IC 2232,123.241333,36.254639,0.00,Dup,IC
IC 2233,IC 2233,123.495458,45.742139,12.61,G,IC
IC 2234,IC 2234,123.465083,35.492917,15.98,G,IC
IC 2235,IC 2235,123.390958,24.076778,0.00,**,IC
IC 2236,IC 2236,123.406333,24.048806,0.00,**,IC
IC 2237,IC 2237,123.533708,24.679306,0.00,*,IC
IC 2238,IC 2238,123.535875,24.661889,0.00,*,IC
IC 2239,IC 2239,123.528292,23.866361,15.24,G,IC
IC 2240,IC 2240,123.697833,24.467556,0.00,*,IC
IC 2241,IC 2241,123.786000,24.129389,0.00,**,IC
IC 2242,IC 2242,123.797750,24.132944,0.00,*,IC
IC 2243,IC 2243,123.826792,23.962278,0.00,*,IC
IC 2244,IC 2244,123.842792,24.545833,0.00,*,IC
IC 2245,IC 2245,123.868417,24.536056,0.00,*,IC
IC 2246,IC 2246,124.003292,23.849750,0.00,*,IC
IC 2247,IC 2247,123.996250,23.199611,14.04,G,IC
IC 2248,IC 2248,124.020042,23.134028,15.03,G,IC
IC 2249,IC 2249,124.143458,24.493722,16.54,G,IC
IC 2250,IC 2250,124.134000,23.632972,16.58,G,IC
IC 2251,IC 2251,124.161625,23.949639,0.00,**,IC
IC 2252,IC 2252,124.174792,24.693889,0.00,*,IC
IC 2253,IC 2253,124.141167,21.409889,14.70,G,IC
IC 2254,IC 2254,124.189625,24.780222,15.28,G,IC
IC 2255,IC 2255,124.179917,23.457111,0.00,**,IC
IC 2256,IC 2256,124.226792,24.176833,15.13,G,IC
IC 2257,IC 2257,124.295042,23.649917,0.00,**,IC
IC 2258,IC 2258,124.318500,23.577528,0.00,*,IC
IC 2259,IC 2259,124.325625,23.565639,0.00,*,IC
IC 2260,IC 2260,124.364917,24.673250,0.00,*,IC
IC 2261,IC 2261,124.386750,23.512333,0.00,**,IC
IC 2262,IC 2262,124.344000,18.454500,0.00,*,IC
IC 2263,IC 2263,124.420500,23.580111,0.00,*,IC
IC 2264,IC 2264,124.437208,23.714750,0.00,*,IC
IC 2265,IC 2265,124.459292,24.193528,0.00,*,IC
IC 2266,IC 2266,124.410208,18.410361,0.00,*,IC
IC 2267,IC 2267,124.506708,24.735333,15.20,G,IC
IC 2268,IC 2268,124.527333,24.796444,15.47,G,IC
IC 2269,IC 2269,124.536500,23.047583,15.60,G,IC
IC 2270,IC 2270,124.501542,19.097667,0.00,**,IC
IC 2271,IC 2271,124.582083,24.526917,15.42,G,IC
IC 2272,IC 2272,124.529875,18.735889,0.00,**,IC
IC 2273,IC 2273,124.553417,18.401667,0.00,*,IC
IC 2274,IC 2274,124.558375,18.665833,0.00,Other,IC
IC 2275,IC 2275,124.557167,18.411444,0.00,*,IC
IC 2276,IC 2276,124.622375,18.477722,0.00,Other,IC
IC 2277,IC 2277,124.635167,18.650056,0.00,*,IC
IC 2278,IC 2278,124.643542,18.461528,0.00,Other,IC
IC 2279,IC 2279,124.648000,18.567944,0.00,*,IC
IC 2280,IC 2280,124.660500,18.449750,0.00,*,IC
IC 2281,IC 2281,124.725625,18.909111,12.29,*,IC
IC 2282,IC 2282,124.814708,24.792639,13.93,G,IC
IC 2283,IC 2283,124.823042,24.786417,0.00,*,IC
IC 2284,IC 2284,124.744500,18.605583,0.00,*,IC
IC 2285,IC 2285,124.761708,18.914667,0.00,**,IC
IC 2286,IC 2286,124.767042,18.956111,0.00,*,IC
IC 2287,IC 2287,124.781792,19.400472,0.00,*,IC
IC 2288,IC 2288,124.843250,23.747306,15.62,G,IC
IC 2289,IC 2289,124.781833,18.498278,0.00,*,IC
IC 2290,IC 2290,124.816083,19.313250,15.34,G,IC
IC 2291,IC 2291,124.825625,18.508389,0.00,*,IC
IC 2292,IC 2292,124.841625,19.563583,0.00,*,IC
IC 2293,IC 2293,124.883792,21.394306,14.37,G,IC
IC 2294,IC 2294,124.858500,18.984694,0.00,*,IC
IC 2295,IC 2295,124.862458,18.414222,0.00,**,IC
IC 2296,IC 2296,124.868958,18.898750,0.00,*,IC
IC 2297,IC 2297,125.019250,18.381972,0.00,*,IC
IC 2298,IC 2298,125.029500,18.403111,0.00,*,IC
IC 2299,IC 2299,125.039208,19.337444,0.00,**,IC
IC 2300,IC 2300,125.052500,18.420056,0.00,*,IC
IC 2301,IC 2301,125.058042,18.433750,0.00,*,IC
IC 2302,IC 2302,125.072000,19.357222,0.00,*,IC
IC 2303,IC 2303,125.080292,19.419000,0.00,*,IC
IC 2304,IC 2304,125.148708,19.439528,0.00,**,IC
IC 2305,IC 2305,125.167000,19.452917,0.00,*,IC
IC 2306,IC 2306,125.164167,19.110278,0.00,*,IC
IC 2307,IC 2307,125.178417,19.440667,15.40,G,IC
IC 2308,IC 2308,125.188542,19.362278,0.00,GTrpl,IC
IC 2309,IC 2309,125.181708,18.397833,15.97,G,IC
IC 2310,IC 2310,125.193000,18.463500,0.00,*,IC
IC 2311,IC 2311,124.691583,-25.369750,11.52,G,IC
IC 2312,IC 2312,125.222417,18.510889,0.00,GPair,IC
IC 2313,IC 2313,125.227417,18.514194,0.00,*,IC
IC 2314,IC 2314,125.265167,18.762667,0.00,**,IC
IC 2315,IC 2315,125.294542,18.915250,0.00,*,IC
IC 2316,IC 2316,125.313333,19.759417,0.00,**,IC
IC 2317,IC 2317,125.339417,18.844333,0.00,*,IC
IC 2318,IC 2318,125.386500,18.622889,0.00,*,IC
IC 2319,IC 2319,125.387750,18.476722,0.00,*,IC
IC 2320,IC 2320,125.397500,18.670250,0.00,*,IC
IC 2321,IC 2321,125.413208,18.469139,0.00,*,IC
IC 2322,IC 2322,125.412417,18.484111,0.00,*,IC
IC 2323,IC 2323,125.421750,18.613250,0.00,*,IC
IC 2324,IC 2324,125.494708,19.194028,0.00,*,IC
IC 2325,IC 2325,125.536375,18.912139,0.00,Other,IC
IC 2326,IC 2326,125.550583,19.012083,0.00,Other,IC
IC 2327,IC 2327,125.366542,3.169278,13.95,G,IC
IC 2328,IC 2328,125.572417,19.616444,0.00,Other,IC
IC 2329,IC 2329,125.581167,19.415972,14.89,G,IC
IC 2330,IC 2330,125.596417,18.853611,0.00,*,IC
IC 2331,IC 2331,125.646458,19.679667,0.00,**,IC
IC 2332,IC 2332,125.665125,19.923056,0.00,*,IC
IC 2333,IC 2333,125.753542,19.081861,0.00,*,IC
IC 2334,IC 2334,125.749875,18.613778,0.00,*,IC
IC 2335,IC 2335,125.779333,19.408028,16.77,G,IC
IC 2336,IC 2336,125.829333,18.537444,0.00,*,IC
IC 2337,IC 2337,125.834542,18.535222,16.06,G,IC
IC 2338,IC 2338,125.886125,21.338083,14.75,G,IC
IC 2339,IC 2339,125.892542,21.347639,14.01,G,IC
IC 2340,IC 2340,125.875208,18.749444,14.44,G,IC
IC 2341,IC 2341,125.922667,21.434889,14.64,G,IC
IC 2342,IC 2342,125.883750,18.579611,0.00,*,IC
IC 2343,IC 2343,125.974708,19.025639,0.00,*,IC
IC 2344,IC 2344,125.978083,18.659722,0.00,*,IC
IC 2345,IC 2345,126.035167,19.952167,0.00,*,IC
IC 2346,IC 2346,126.045417,19.706222,0.00,*,IC
IC 2347,IC 2347,126.058667,18.773861,0.00,*,IC
IC 2348,IC 2348,126.084375,20.533250,14.98,G,IC
IC 2349,IC 2349,126.069625,19.008056,0.00,*,IC
IC 2350,IC 2350,126.118250,19.552056,0.00,Other,IC
IC 2351,IC 2351,126.125833,18.588778,0.00,*,IC
IC 2352,IC 2352,126.166583,19.602778,0.00,*,IC
IC 2353,IC 2353,126.157083,18.656556,0.00,*,IC
IC 2354,IC 2354,126.169833,18.666444,0.00,**,IC
IC 2355,IC 2355,126.215875,20.463472,0.00,**,IC
IC 2356,IC 2356,126.253583,19.497556,0.00,*,IC
IC 2357,IC 2357,126.269000,19.508861,0.00,*,IC
IC 2358,IC 2358,126.271250,19.495194,0.00,*,IC
IC 2359,IC 2359,126.300292,20.334750,0.00,Dup,IC
IC 2360,IC 2360,126.312875,19.516444,0.00,*,IC
IC 2361,IC 2361,126.435417,27.874583,14.76,G,IC
IC 2362,IC 2362,126.422583,19.942222,0.00,**,IC
IC 2363,IC 2363,126.439250,19.449278,14.87,G,IC
IC 2364,IC 2364,126.464542,19.759722,0.00,**,IC
IC 2365,IC 2365,126.575250,27.840139,14.53,G,IC
IC 2366,IC 2366,126.575250,27.840139,0.00,Dup,IC
IC 2367,IC 2367,126.042000,-18.775556,12.05,G,IC
IC 2368,IC 2368,126.505375,19.883000,0.00,*,IC
IC 2369,IC 2369,126.566917,20.232250,0.00,*,IC
IC 2370,IC 2370,126.595083,19.638056,0.00,*,IC
IC 2371,IC 2371,126.654083,19.798583,0.00,*,IC
IC 2372,IC 2372,126.669250,19.883083,0.00,*,IC
IC 2373,IC 2373,126.704083,20.364833,14.88,G,IC
IC 2374,IC 2374,127.092250,30.443194,15.26,G,IC
IC 2375,IC 2375,126.581958,-13.303139,0.00,G,IC
IC 2376,IC 2376,127.108875,30.407694,14.58,G,IC
IC 2377,IC 2377,126.608667,-13.306167,14.76,G,IC
IC 2378,IC 2378,127.131875,30.431333,13.23,G,IC
IC 2379,IC 2379,126.615833,-13.292861,0.00,G,IC
IC 2380,IC 2380,127.182875,30.404528,14.15,G,IC
IC 2381,IC 2381,127.090583,19.791639,0.00,**,IC
IC 2382,IC 2382,127.192167,22.053472,14.59,G,IC
IC 2383,IC 2383,127.422292,30.687972,14.45,G,IC
IC 2384,IC 2384,128.597833,32.434778,15.38,G,IC
IC 2385,IC 2385,128.793167,37.265972,15.07,G,IC
IC 2386,IC 2386,128.682667,25.806694,0.00,*,IC
IC 2387,IC 2387,129.641667,30.798694,14.73,G,IC
IC 2388,IC 2388,129.985500,19.645306,15.81,G,IC
IC 2389,IC 2389,131.990708,73.539194,13.32,G,IC
IC 2390,IC 2390,130.465583,19.702528,0.00,Dup,IC
IC 2391,omi Vel Cluster,130.132833,-53.035472,2.50,OCl,IC
IC 2392,IC 2392,131.128333,18.286139,14.58,G,IC
IC 2393,IC 2393,131.704958,28.171306,14.33,G,IC
IC 2394,IC 2394,131.778792,28.236556,15.07,G,IC
IC 2395,IC 2395,130.625458,-48.150556,4.60,OCl,IC
IC 2396,IC 2396,131.669125,17.649194,0.00,*,IC
IC 2397,IC 2397,131.674417,17.659778,0.00,**,IC
IC 2398,IC 2398,131.685708,17.754917,15.30,G,IC
IC 2399,IC 2399,131.957208,18.911889,15.73,G,IC
IC 2400,IC 2400,131.996458,38.069806,15.09,G,IC
IC 2401,IC 2401,132.042917,37.755361,14.90,G,IC
IC 2402,IC 2402,131.996000,31.785639,15.40,G,IC
IC 2403,IC 2403,131.538875,-15.357000,15.42,G,IC
IC 2404,IC 2404,132.043542,29.491361,14.75,G,IC
IC 2405,IC 2405,132.178167,37.218639,14.86,G,IC
IC 2406,IC 2406,132.019208,17.702389,14.21,G,IC
IC 2407,IC 2407,132.038125,17.611472,15.12,G,IC
IC 2408,IC 2408,132.084333,19.037417,16.50,*,IC
IC 2409,IC 2409,132.102750,18.331139,14.30,G,IC
IC 2410,IC 2410,132.113542,19.019500,0.00,Dup,IC
IC 2411,IC 2411,132.125708,19.043889,0.00,Dup,IC
IC 2412,IC 2412,132.348792,18.543167,0.00,*,IC
IC 2413,IC 2413,132.381542,18.744750,0.00,**,IC
IC 2414,IC 2414,132.458833,18.792417,15.67,G,IC
IC 2415,IC 2415,132.507958,18.651611,16.30,*,IC
IC 2416,IC 2416,132.633958,18.559611,0.00,*,IC
IC 2417,IC 2417,132.784000,18.624917,14.50,*,IC
IC 2418,IC 2418,132.854500,17.945250,16.42,G,IC
IC 2419,IC 2419,133.039167,18.101361,0.00,**,IC
IC 2420,IC 2420,132.890667,3.100694,14.85,G,IC
IC 2421,IC 2421,133.590000,32.680861,13.31,G,IC
IC 2422,IC 2422,133.601292,20.224806,15.66,G,IC
IC 2423,IC 2423,133.696167,20.220278,14.57,G,IC
IC 2424,IC 2424,134.198708,39.382194,0.00,Dup,IC
IC 2425,IC 2425,133.958875,-3.423139,0.00,*,IC
IC 2426,IC 2426,134.627000,2.925500,15.17,G,IC
IC 2427,IC 2427,135.257083,37.875444,15.56,G,IC
IC 2428,IC 2428,135.811250,30.591333,14.60,G,IC
IC 2429,IC 2429,135.927208,29.296000,14.61,G,IC
IC 2430,IC 2430,136.095125,27.953000,14.38,G,IC
IC 2431,IC 2431,136.147292,14.594083,0.00,GGroup,IC
IC 2432,IC 2432,136.164750,5.512056,15.59,G,IC
IC 2433,IC 2433,136.369708,22.602222,15.22,G,IC
IC 2434,IC 2434,136.816917,37.215278,14.49,G,IC
IC 2435,IC 2435,136.707458,26.275444,14.96,G,IC
IC 2436,IC 2436,136.348833,-19.165472,0.00,**,IC
IC 2437,IC 2437,136.387958,-19.207111,12.92,G,IC
IC 2438,IC 2438,138.536792,73.417361,0.00,Other,IC
IC 2439,IC 2439,137.160250,32.592944,16.06,G,IC
IC 2440,IC 2440,138.959000,73.459056,0.00,*,IC
IC 2441,IC 2441,137.509583,22.853333,0.00,GPair,IC
IC 2442,IC 2442,137.521542,22.838333,15.33,G,IC
IC 2443,IC 2443,137.878708,28.826583,14.21,G,IC
IC 2444,IC 2444,138.211917,30.212278,15.23,G,IC
IC 2445,IC 2445,138.302500,31.807861,15.25,G,IC
IC 2446,IC 2446,138.380750,28.951750,13.64,G,IC
IC 2447,IC 2447,138.380750,28.951750,0.00,Dup,IC
IC 2448,IC 2448,136.776083,-69.941833,10.40,PN,IC
IC 2449,IC 2449,138.388125,30.000139,0.00,Dup,IC
IC 2450,IC 2450,139.272000,25.429167,13.93,G,IC
IC 2451,IC 2451,138.949083,23.496417,15.77,G,IC
IC 2452,IC 2452,138.989917,23.472250,15.68,G,IC
IC 2453,IC 2453,138.977208,20.928889,15.37,G,IC
IC 2454,IC 2454,139.007375,17.820694,14.44,G,IC
IC 2455,IC 2455,139.208375,20.198500,0.00,Dup,IC
IC 2456,IC 2456,139.351000,34.674389,15.65,G,IC
IC 2457,IC 2457,139.267250,20.093500,16.21,G,IC
IC 2458,IC 2458,140.375292,64.238694,0.00,Dup,IC
IC 2459,IC 2459,139.747792,34.862194,15.78,G,IC
IC 2460,IC 2460,139.829208,33.880806,0.00,Dup,IC
IC 2461,IC 2461,139.991792,37.191250,14.77,G,IC
IC 2462,IC 2462,140.734375,22.686361,16.06,G,IC
IC 2463,IC 2463,140.751042,22.618556,15.79,G,IC
IC 2464,IC 2464,140.842792,22.630250,15.25,G,IC
IC 2465,IC 2465,140.881292,24.445694,15.09,G,IC
IC 2466,IC 2466,140.937625,24.518444,15.44,G,IC
IC 2467,IC 2467,141.219667,38.351750,14.77,G,IC
IC 2468,IC 2468,141.256208,38.344028,16.09,G,IC
IC 2469,IC 2469,140.754417,-32.449750,11.09,G,IC
IC 2470,IC 2470,141.422167,23.361611,15.21,G,IC
IC 2471,IC 2471,141.300708,-6.829917,14.40,G,IC
IC 2472,IC 2472,141.640500,21.385028,15.49,G,IC
IC 2473,IC 2473,141.847917,30.440806,14.69,G,IC
IC 2474,IC 2474,141.797542,23.034278,15.75,G,IC
IC 2475,IC 2475,141.976375,29.791861,15.61,G,IC
IC 2476,IC 2476,141.970125,29.985750,14.24,G,IC
IC 2477,IC 2477,142.074292,29.706056,14.65,G,IC
IC 2478,IC 2478,142.003875,30.036972,15.56,G,IC
IC 2479,IC 2479,142.017042,29.991444,15.50,G,IC
IC 2480,IC 2480,142.074292,29.706056,0.00,Dup,IC
IC 2481,IC 2481,141.870042,3.929611,14.48,G,IC
IC 2482,IC 2482,141.746750,-12.108917,13.92,G,IC
IC 2483,IC 2483,142.357458,30.994722,15.64,G,IC
IC 2484,IC 2484,141.709500,-42.842806,0.00,Other,IC
IC 2485,IC 2485,141.799500,-39.284722,0.00,Other,IC
IC 2486,IC 2486,142.572375,26.641278,14.98,G,IC
IC 2487,IC 2487,142.538208,20.090861,14.13,G,IC
IC 2488,IC 2488,141.909292,-57.006944,7.40,OCl,IC
IC 2489,IC 2489,142.798458,-5.884167,0.00,Other,IC
IC 2490,IC 2490,143.265208,29.928361,14.60,G,IC
IC 2491,IC 2491,143.809250,34.731667,14.90,G,IC
IC 2492,IC 2492,143.311958,-37.866333,15.72,G,IC
IC 2493,IC 2493,144.073083,37.364000,14.75,G,IC
IC 2494,IC 2494,144.024125,-12.436722,0.00,Dup,IC
IC 2495,IC 2495,144.530792,28.057667,14.74,G,IC
IC 2496,IC 2496,144.685417,34.726778,15.44,G,IC
IC 2497,IC 2497,145.267042,34.732722,15.78,G,IC
IC 2498,IC 2498,145.341417,28.114472,15.30,G,IC
IC 2499,IC 2499,145.352625,27.895250,16.21,G,IC
IC 2500,IC 2500,145.597375,36.349694,14.94,G,IC
IC 2501,IC 2501,144.696583,-60.091861,10.40,PN,IC
IC 2502,IC 2502,145.814167,35.160528,15.57,G,IC
IC 2503,IC 2503,145.816000,35.206222,16.49,G,IC
IC 2504,IC 2504,144.640917,-69.085111,0.00,Other,IC
IC 2505,IC 2505,146.278958,27.268583,15.82,G,IC
IC 2506,IC 2506,146.303208,27.252000,15.71,G,IC
IC 2507,IC 2507,146.141250,-31.790000,13.34,G,IC
IC 2508,IC 2508,146.779500,33.508056,15.78,G,IC
IC 2509,IC 2509,146.733000,5.701944,0.00,*,IC
IC 2510,IC 2510,146.931167,-32.837444,15.50,G,IC
IC 2511,IC 2511,147.352292,-32.839194,13.09,G,IC
IC 2512,IC 2512,147.352292,-32.839194,0.00,Dup,IC
IC 2513,IC 2513,147.503292,-32.882833,13.30,G,IC
IC 2514,IC 2514,147.503292,-32.882833,0.00,Dup,IC
IC 2515,IC 2515,148.664250,37.408583,14.95,G,IC
IC 2516,IC 2516,148.701500,37.686944,14.89,G,IC
IC 2517,IC 2517,148.211125,-33.741944,15.45,G,IC
IC 2518,IC 2518,148.993875,37.155528,15.77,G,IC
IC 2519,IC 2519,148.995042,34.036583,15.48,G,IC
IC 2520,IC 2520,149.083833,27.227583,14.31,G,IC
IC 2521,IC 2521,149.315625,33.976306,15.63,G,IC
IC 2522,IC 2522,148.787333,-33.137139,12.00,G,IC
IC 2523,IC 2523,148.789667,-33.210222,13.63,G,IC
IC 2524,IC 2524,149.386917,33.619722,14.76,G,IC
IC 2525,IC 2525,149.604000,37.101861,15.81,G,IC
IC 2526,IC 2526,149.262625,-32.256861,13.66,G,IC
IC 2527,IC 2527,150.027042,38.172194,15.55,G,IC
IC 2528,IC 2528,149.776750,-27.128806,0.00,Dup,IC
IC 2529,IC 2529,149.873083,-22.826278,0.00,Dup,IC
IC 2530,IC 2530,150.379417,37.203944,14.96,G,IC
IC 2531,IC 2531,149.982375,-29.616972,12.22,G,IC
IC 2532,IC 2532,150.022500,-34.228278,14.04,G,IC
IC 2533,IC 2533,150.131958,-31.245000,11.97,G,IC
IC 2534,IC 2534,150.374417,-34.112417,13.41,G,IC
IC 2535,IC 2535,151.132625,38.006028,14.77,G,IC
IC 2536,IC 2536,150.875917,-33.949750,14.55,G,IC
IC 2537,IC 2537,150.966208,-27.570861,12.22,G,IC
IC 2538,IC 2538,150.985375,-34.807528,15.00,G,IC
IC 2539,IC 2539,151.067542,-31.362944,14.06,G,IC
IC 2540,IC 2540,151.694625,31.475722,15.20,G,IC
IC 2541,IC 2541,151.450042,-17.434556,13.88,G,IC
IC 2542,IC 2542,151.960583,34.315306,14.53,G,IC
IC 2543,IC 2543,152.099167,37.842778,0.00,GPair,IC
IC 2544,IC 2544,152.123875,33.346389,15.32,G,IC
IC 2545,IC 2545,151.646083,-33.858278,0.00,**,IC
IC 2546,IC 2546,151.774667,-33.261361,15.60,G,IC
IC 2547,IC 2547,152.518708,36.502444,15.62,G,IC
IC 2548,IC 2548,151.978958,-35.229611,14.04,G,IC
IC 2549,IC 2549,152.542333,36.464861,15.88,G,IC
IC 2550,IC 2550,152.616333,27.956111,14.48,G,IC
IC 2551,IC 2551,152.668000,24.414139,14.53,G,IC
IC 2552,IC 2552,152.692250,-34.844694,12.06,G,IC
IC 2553,IC 2553,152.336958,-62.613694,10.30,PN,IC
IC 2554,IC 2554,152.210667,-67.030861,11.70,G,IC
IC 2555,IC 2555,152.926792,-31.642861,0.00,Dup,IC
IC 2556,IC 2556,153.156792,-34.728861,14.26,G,IC
IC 2557,IC 2557,154.024458,38.109222,15.60,G,IC
IC 2558,IC 2558,153.683917,-34.338722,13.74,G,IC
IC 2559,IC 2559,153.689125,-34.058806,14.42,G,IC
IC 2560,IC 2560,154.078000,-33.563806,12.06,G,IC
IC 2561,IC 2561,154.785875,34.675028,14.81,G,IC
IC 2562,IC 2562,154.727083,16.155528,14.97,G,IC
IC 2563,IC 2563,154.716375,-32.596556,15.56,G,IC
IC 2564,IC 2564,155.365417,36.452056,15.83,G,IC
IC 2565,IC 2565,155.324458,27.930083,15.14,G,IC
IC 2566,IC 2566,155.580792,36.583028,14.72,G,IC
IC 2567,IC 2567,155.490833,24.655222,15.36,G,IC
IC 2568,IC 2568,155.625042,36.599306,14.93,G,IC
IC 2569,IC 2569,155.723292,24.606417,15.46,G,IC
IC 2570,IC 2570,155.392917,-33.623222,16.05,G,IC
IC 2571,IC 2571,155.396167,-34.266806,0.00,Dup,IC
IC 2572,IC 2572,156.280333,28.094806,15.47,G,IC
IC 2573,IC 2573,155.875750,-35.455583,15.38,G,IC
IC 2574,Coddington's Nebula,157.097833,68.412139,10.46,G,IC
IC 2575,IC 2575,156.350000,-32.636250,15.95,G,IC
IC 2576,IC 2576,156.495750,-32.903472,14.86,G,IC
IC 2577,IC 2577,157.006042,32.763889,15.35,G,IC
IC 2578,IC 2578,156.844542,-33.877333,15.06,G,IC
IC 2579,IC 2579,157.320167,26.099250,0.00,Dup,IC
IC 2580,IC 2580,157.074917,-31.518028,12.72,G,IC
IC 2581,IC 2581,156.871458,-57.617306,4.30,OCl,IC
IC 2582,IC 2582,157.295833,-30.342500,12.91,G,IC
IC 2583,IC 2583,157.793500,26.055056,14.92,G,IC
IC 2584,IC 2584,157.464542,-34.911639,12.67,G,IC
IC 2585,IC 2585,157.610375,-35.359500,0.00,Dup,IC
IC 2586,IC 2586,157.760000,-28.716639,12.52,G,IC
IC 2587,IC 2587,157.748333,-34.562944,12.35,G,IC
IC 2588,IC 2588,157.958917,-30.384528,12.53,G,IC
IC 2589,IC 2589,158.086750,-24.037556,14.31,G,IC
IC 2590,IC 2590,159.069083,26.962472,14.73,G,IC
IC 2591,IC 2591,159.161125,35.052917,14.45,G,IC
IC 2592,IC 2592,158.784500,-43.691806,0.00,Dup,IC
IC 2593,IC 2593,159.066458,-12.725806,15.54,G,IC
IC 2594,IC 2594,159.017375,-24.323083,13.48,G,IC
IC 2595,IC 2595,159.388000,-11.116722,0.00,Other,IC
IC 2596,IC 2596,158.551917,-73.240139,13.87,G,IC
IC 2597,IC 2597,159.447708,-27.081694,11.68,G,IC
IC 2598,IC 2598,159.926375,26.727556,15.29,G,IC
IC 2599,IC 2599,159.362875,-58.733389,0.00,HII,IC
IC 2600,IC 2600,161.661667,72.320444,15.58,G,IC
IC 2601,IC 2601,161.805500,72.323028,15.46,G,IC
IC 2602,tet Car Cluster,160.739458,-64.394194,0.00,OCl,IC
IC 2603,IC 2603,162.105667,32.927306,0.00,Other,IC
IC 2604,IC 2604,162.354458,32.772722,14.86,G,IC
IC 2605,IC 2605,162.448083,32.973194,15.39,Other,IC
IC 2606,IC 2606,162.573542,37.956222,14.58,G,IC
IC 2607,IC 2607,162.578917,37.993944,15.27,G,IC
IC 2608,IC 2608,162.564667,32.768167,15.45,G,IC
IC 2609,IC 2609,162.574917,-12.108722,0.00,Dup,IC
IC 2610,IC 2610,163.033625,33.083167,0.00,Other,IC
IC 2611,IC 2611,163.162208,10.136361,0.00,*,IC
IC 2612,IC 2612,163.404833,32.767639,15.78,G,IC
IC 2613,IC 2613,162.458792,32.982861,0.00,Dup,IC
IC 2614,IC 2614,165.390833,38.803667,16.50,G,IC
IC 2615,IC 2615,165.509500,37.945250,15.45,G,IC
IC 2616,IC 2616,165.524000,38.787250,15.35,G,IC
IC 2617,IC 2617,165.531792,38.664250,14.80,G,IC
IC 2618,IC 2618,165.495083,27.789250,0.00,**,IC
IC 2619,IC 2619,165.563583,37.966083,15.66,G,IC
IC 2620,IC 2620,165.599792,38.505028,14.22,G,IC
IC 2621,IC 2621,165.083292,-65.249361,11.20,PN,IC
IC 2622,IC 2622,165.748625,-16.289444,0.00,Dup,IC
IC 2623,IC 2623,165.962333,-20.093056,13.50,G,IC
IC 2624,IC 2624,166.825292,-19.471556,0.00,Dup,IC
IC 2625,IC 2625,166.829667,-19.555639,0.00,Dup,IC
IC 2626,IC 2626,167.266125,26.904167,15.80,G,IC
IC 2627,IC 2627,167.472458,-23.725944,12.00,G,IC
IC 2628,IC 2628,167.907792,12.121972,15.72,G,IC
IC 2629,IC 2629,168.153917,12.104944,16.20,G,IC
IC 2630,IC 2630,168.179958,12.318944,0.00,*,IC
IC 2631,IC 2631,167.469958,-76.614306,0.00,Neb,IC
IC 2632,IC 2632,168.274750,11.673278,17.07,G,IC
IC 2633,IC 2633,168.291833,11.601000,16.53,G,IC
IC 2634,IC 2634,168.367708,10.485972,15.00,G,IC
IC 2635,IC 2635,168.374208,11.463889,0.00,**,IC
IC 2636,IC 2636,168.391833,11.456167,16.60,G,IC
IC 2637,IC 2637,168.457292,9.586306,14.17,G,IC
IC 2638,IC 2638,168.466292,10.563389,15.04,G,IC
IC 2639,IC 2639,168.481417,9.642806,16.43,G,IC
IC 2640,IC 2640,168.522875,10.997667,16.65,G,IC
IC 2641,IC 2641,168.543958,9.399333,0.00,*,IC
IC 2642,IC 2642,168.565833,12.265667,0.00,Other,IC
IC 2643,IC 2643,168.610667,10.126222,0.00,*,IC
IC 2644,IC 2644,168.624208,10.768472,16.52,G,IC
IC 2645,IC 2645,168.628417,11.886778,15.71,G,IC
IC 2646,IC 2646,168.656667,12.528500,16.91,G,IC
IC 2647,IC 2647,168.660917,12.142000,0.00,*,IC
IC 2648,IC 2648,168.690125,10.224833,16.14,G,IC
IC 2649,IC 2649,168.693542,11.127694,15.35,G,IC
IC 2650,IC 2650,168.719417,13.852472,16.74,G,IC
IC 2651,IC 2651,168.717833,12.239778,16.27,G,IC
IC 2652,IC 2652,168.718000,12.448056,16.32,G,IC
IC 2653,IC 2653,168.724292,10.548361,0.00,**,IC
IC 2654,IC 2654,168.761917,12.499472,16.85,G,IC
IC 2655,IC 2655,168.771500,12.164389,17.44,G,IC
IC 2656,IC 2656,168.772417,12.379139,16.88,G,IC
IC 2657,IC 2657,168.786292,13.694722,17.27,G,IC
IC 2658,IC 2658,168.786458,12.996611,0.00,*,IC
IC 2659,IC 2659,168.866000,12.887667,0.00,*,IC
IC 2660,IC 2660,168.868500,12.437194,16.78,G,IC
IC 2661,IC 2661,168.871542,13.608667,15.79,G,IC
IC 2662,IC 2662,168.878292,12.771056,0.00,Other,IC
IC 2663,IC 2663,168.884917,12.603917,0.00,*,IC
IC 2664,IC 2664,168.910167,12.562694,0.00,**,IC
IC 2665,IC 2665,168.919917,11.724139,17.51,G,IC
IC 2666,IC 2666,168.932375,13.782250,14.26,G,IC
IC 2667,IC 2667,168.933500,12.116833,16.68,G,IC
IC 2668,IC 2668,168.884500,-14.171083,14.59,G,IC
IC 2669,IC 2669,168.971750,13.429556,0.00,**,IC
IC 2670,IC 2670,168.998167,11.783361,16.57,G,IC
IC 2671,IC 2671,169.013833,13.124250,0.00,*,IC
IC 2672,IC 2672,169.015917,10.157278,0.00,*,IC
IC 2673,IC 2673,169.017208,10.162556,15.35,G,IC
IC 2674,IC 2674,169.034375,11.048639,15.40,G,IC
IC 2675,IC 2675,169.045042,12.249306,0.00,*,IC
IC 2676,IC 2676,169.077125,9.821833,17.69,G,IC
IC 2677,IC 2677,169.080417,12.215861,18.16,G,IC
IC 2678,IC 2678,169.090167,11.949111,16.39,G,IC
IC 2679,IC 2679,169.096667,12.015389,15.67,G,IC
IC 2680,IC 2680,169.106375,9.807139,15.87,G,IC
IC 2681,IC 2681,169.138542,11.207194,0.00,Other,IC
IC 2682,IC 2682,169.150500,9.410778,0.00,**,IC
IC 2683,IC 2683,169.226250,12.099278,17.01,G,IC
IC 2684,IC 2684,169.254375,13.099639,17.03,G,IC
IC 2685,IC 2685,169.250375,10.094083,0.00,*,IC
IC 2686,IC 2686,169.260458,12.951667,0.00,*,IC
IC 2687,IC 2687,169.299917,10.158111,0.00,**,IC
IC 2689,IC 2689,169.331250,12.959944,16.94,G,IC
IC 2690,IC 2690,169.339958,12.975417,18.03,G,IC
IC 2691,IC 2691,169.352417,12.031083,0.00,*,IC
IC 2692,IC 2692,169.388417,10.768056,16.62,G,IC
IC 2693,IC 2693,169.401292,13.548833,0.00,*,IC
IC 2694,IC 2694,169.410833,13.376111,15.62,G,IC
IC 2695,IC 2695,169.452375,13.727667,16.53,G,IC
IC 2696,IC 2696,169.453875,12.755750,0.00,*,IC
IC 2697,IC 2697,169.463042,13.399972,0.00,*,IC
IC 2698,IC 2698,169.462583,11.885778,15.81,G,IC
IC 2699,IC 2699,169.469375,11.909222,0.00,*,IC
IC 2700,IC 2700,169.475750,12.054194,17.03,G,IC
IC 2701,IC 2701,169.487583,11.118056,17.20,G,IC
IC 2702,IC 2702,169.488458,9.412472,17.00,G,IC
IC 2703,IC 2703,169.521375,17.649528,15.81,G,IC
IC 2704,IC 2704,169.516708,12.454194,15.71,G,IC
IC 2705,IC 2705,169.515333,11.904083,0.00,*,IC
IC 2706,IC 2706,169.621667,12.548444,0.00,*,IC
IC 2707,IC 2707,169.628500,9.474861,16.51,G,IC
IC 2708,IC 2708,169.644208,12.711111,15.06,G,IC
IC 2709,IC 2709,169.675667,12.561694,17.47,G,IC
IC 2710,IC 2710,169.684667,13.566583,0.00,**,IC
IC 2711,IC 2711,169.693708,13.738444,0.00,*,IC
IC 2712,IC 2712,169.719917,9.626889,16.55,G,IC
IC 2713,IC 2713,169.792583,12.164806,16.29,G,IC
IC 2714,IC 2714,169.363958,-62.725111,8.20,OCl,IC
IC 2715,IC 2715,169.809958,11.952167,21.01,G,IC
IC 2716,IC 2716,169.818083,11.698556,17.70,G,IC
IC 2717,IC 2717,169.828208,12.048556,0.00,*,IC
IC 2718,IC 2718,169.837083,12.022278,15.84,G,IC
IC 2719,IC 2719,169.884167,12.059778,17.87,G,IC
IC 2720,IC 2720,169.898542,12.076583,15.64,G,IC
IC 2721,IC 2721,169.928375,12.310639,0.00,Other,IC
IC 2722,IC 2722,169.934833,13.962917,0.00,GTrpl,IC
IC 2723,IC 2723,169.949583,12.033444,17.38,G,IC
IC 2724,IC 2724,169.951833,10.716556,16.84,G,IC
IC 2725,IC 2725,169.989333,13.429278,17.20,G,IC
IC 2726,IC 2726,169.993500,13.415583,0.00,Other,IC
IC 2727,IC 2727,170.000292,12.033333,16.70,G,IC
IC 2728,IC 2728,170.021375,13.427000,0.00,*,IC
IC 2729,IC 2729,170.028208,13.409306,17.65,G,IC
IC 2730,IC 2730,170.030792,12.366528,0.00,*,IC
IC 2731,IC 2731,170.042792,13.558278,0.00,*,IC
IC 2732,IC 2732,170.051583,12.404028,17.17,G,IC
IC 2733,IC 2733,170.072125,13.835250,0.00,**,IC
IC 2734,IC 2734,170.099250,12.443028,16.51,G,IC
IC 2735,IC 2735,170.266250,34.343944,15.10,G,IC
IC 2736,IC 2736,170.227583,12.408667,0.00,*,IC
IC 2737,IC 2737,170.284375,14.293194,0.00,*,IC
IC 2738,IC 2738,170.346083,34.356667,15.06,G,IC
IC 2739,IC 2739,170.301792,11.914750,16.86,G,IC
IC 2740,IC 2740,170.321083,8.752306,17.39,G,IC
IC 2741,IC 2741,170.322792,9.152361,16.65,G,IC
IC 2742,IC 2742,170.328042,10.446722,17.46,G,IC
IC 2743,IC 2743,170.354125,8.693111,0.00,*,IC
IC 2744,IC 2744,170.427125,34.362806,14.77,G,IC
IC 2745,IC 2745,170.382333,13.426611,15.21,G,IC
IC 2746,IC 2746,170.401750,11.737083,16.72,G,IC
IC 2747,IC 2747,170.417333,8.803250,0.00,**,IC
IC 2748,IC 2748,170.433500,8.804972,16.63,G,IC
IC 2749,IC 2749,170.438333,8.574778,15.80,G,IC
IC 2750,IC 2750,170.461625,9.658444,17.37,G,IC
IC 2751,IC 2751,170.530792,34.366361,15.40,G,IC
IC 2752,IC 2752,170.508083,14.124500,16.73,G,IC
IC 2753,IC 2753,170.498792,9.878056,16.66,G,IC
IC 2754,IC 2754,170.509917,14.144056,16.97,G,IC
IC 2755,IC 2755,170.510042,13.793111,0.00,*,IC
IC 2756,IC 2756,170.503792,9.960167,17.10,G,IC
IC 2757,IC 2757,170.508750,8.393833,15.25,G,IC
IC 2758,IC 2758,170.513875,7.813528,15.45,G,IC
IC 2759,IC 2759,170.555333,24.317167,15.10,G,IC
IC 2760,IC 2760,170.553333,12.665417,17.39,G,IC
IC 2761,IC 2761,170.571542,14.177583,16.79,G,IC
IC 2762,IC 2762,170.574667,12.722528,15.82,G,IC
IC 2763,IC 2763,170.577333,13.065056,14.89,G,IC
IC 2764,IC 2764,171.770958,-28.980222,12.26,G,IC
IC 2765,IC 2765,170.596333,14.199056,17.17,G,IC
IC 2766,IC 2766,170.596083,12.903472,17.12,G,IC
IC 2767,IC 2767,170.596625,13.077806,17.03,G,IC
IC 2768,IC 2768,170.598167,12.528917,17.32,G,IC
IC 2769,IC 2769,170.606875,14.195889,15.95,G,IC
IC 2770,IC 2770,170.603167,9.220667,16.64,G,IC
IC 2771,IC 2771,170.616875,12.519167,18.11,G,IC
IC 2772,IC 2772,170.626667,13.599139,0.00,*,IC
IC 2773,IC 2773,170.647125,13.574528,0.00,*,IC
IC 2774,IC 2774,170.654792,12.514944,0.00,*,IC
IC 2775,IC 2775,170.664833,12.512000,17.73,G,IC
IC 2776,IC 2776,170.666625,13.330528,15.15,G,IC
IC 2777,IC 2777,170.668958,12.025583,15.33,G,IC
IC 2778,IC 2778,170.674708,12.526306,0.00,Other,IC
IC 2779,IC 2779,170.685458,13.345306,17.47,G,IC
IC 2780,IC 2780,170.700542,10.149556,16.53,G,IC
IC 2781,IC 2781,170.711125,12.344889,17.19,G,IC
IC 2782,IC 2782,170.730667,13.441278,15.20,G,IC
IC 2783,IC 2783,170.723458,8.884056,16.36,G,IC
IC 2784,IC 2784,170.798458,13.117722,16.36,G,IC
IC 2785,IC 2785,170.814000,13.391250,15.54,G,IC
IC 2786,IC 2786,170.822917,13.392000,16.55,G,IC
IC 2787,IC 2787,170.829500,13.629778,15.53,G,IC
IC 2788,IC 2788,170.862375,12.698028,18.15,G,IC
IC 2789,IC 2789,170.886083,14.188028,18.04,G,IC
IC 2790,IC 2790,170.891917,9.555361,16.91,G,IC
IC 2791,IC 2791,170.906750,12.895778,17.08,G,IC
IC 2792,IC 2792,170.922958,11.404833,17.06,G,IC
IC 2793,IC 2793,170.947458,9.449778,0.00,GPair,IC
IC 2794,IC 2794,171.015208,12.790972,0.00,*,IC
IC 2795,IC 2795,171.016958,12.135111,17.36,G,IC
IC 2796,IC 2796,171.034792,9.344139,0.00,GPair,IC
IC 2797,IC 2797,171.087750,11.705944,16.41,G,IC
IC 2798,IC 2798,171.099958,12.415611,16.93,G,IC
IC 2799,IC 2799,171.111125,13.849111,17.18,G,IC
IC 2800,IC 2800,171.112833,12.208806,17.35,G,IC
IC 2801,IC 2801,171.120958,10.183833,16.34,G,IC
IC 2802,IC 2802,171.126500,12.208750,17.80,G,IC
IC 2803,IC 2803,171.147542,9.850028,17.30,G,IC
IC 2804,IC 2804,171.232208,13.222056,15.11,G,IC
IC 2805,IC 2805,171.249542,14.014472,0.00,*,IC
IC 2806,IC 2806,171.313750,9.652222,0.00,*,IC
IC 2807,IC 2807,171.321042,11.530056,17.47,G,IC
IC 2808,IC 2808,171.362000,9.132056,0.00,*,IC
IC 2809,IC 2809,171.407375,8.526278,0.00,*,IC
IC 2810,IC 2810,171.437708,14.676583,15.24,G,IC
IC 2811,IC 2811,171.436042,9.170528,16.70,G,IC
IC 2812,IC 2812,171.482583,11.529917,16.94,G,IC
IC 2813,IC 2813,171.527083,11.255750,16.75,G,IC
IC 2814,IC 2814,171.535458,9.661806,16.70,G,IC
IC 2815,IC 2815,171.568958,12.803833,17.09,G,IC
IC 2816,IC 2816,171.576167,10.636500,16.58,G,IC
IC 2817,IC 2817,171.578375,9.149000,0.00,*,IC
IC 2818,IC 2818,171.611958,12.920944,17.31,G,IC
IC 2819,IC 2819,171.614333,13.844889,16.05,G,IC
IC 2820,IC 2820,171.611875,10.238472,16.55,G,IC
IC 2821,IC 2821,171.645333,13.962917,16.82,G,IC
IC 2822,IC 2822,171.641875,11.440083,15.12,G,IC
IC 2823,IC 2823,171.686125,12.848417,15.80,G,IC
IC 2824,IC 2824,171.770292,14.085278,0.00,*,IC
IC 2825,IC 2825,171.764833,8.443917,0.00,*,IC
IC 2826,IC 2826,171.775333,13.238722,15.17,G,IC
IC 2827,IC 2827,171.790292,11.514389,0.00,*,IC
IC 2828,IC 2828,171.795583,8.731056,14.88,G,IC
IC 2829,IC 2829,171.812417,10.322361,15.66,G,IC
IC 2830,IC 2830,171.839917,7.814306,15.54,G,IC
IC 2831,IC 2831,171.844208,8.978917,0.00,*,IC
IC 2832,IC 2832,171.854667,13.989444,0.00,*,IC
IC 2833,IC 2833,171.858792,13.602806,0.00,*,IC
IC 2834,IC 2834,171.882583,13.570333,17.47,G,IC
IC 2835,IC 2835,171.881625,12.142889,16.86,G,IC
IC 2836,IC 2836,171.905042,9.084806,0.00,*,IC
IC 2837,IC 2837,171.924833,10.313056,16.48,G,IC
IC 2838,IC 2838,171.938500,14.011250,16.82,G,IC
IC 2839,IC 2839,171.939250,10.819750,17.15,G,IC
IC 2840,IC 2840,171.948333,13.425889,17.28,G,IC
IC 2841,IC 2841,171.953583,12.603111,0.00,*,IC
IC 2842,IC 2842,171.948708,9.651972,17.12,G,IC
IC 2843,IC 2843,171.992042,13.183917,15.54,G,IC
IC 2844,IC 2844,171.992083,11.453278,16.38,G,IC
IC 2845,IC 2845,172.001917,12.529750,16.75,G,IC
IC 2846,IC 2846,172.002042,11.158278,15.01,G,IC
IC 2847,IC 2847,172.014125,13.930389,17.20,G,IC
IC 2848,IC 2848,172.056958,13.030472,17.12,G,IC
IC 2849,IC 2849,172.048583,9.094000,0.00,*,IC
IC 2850,IC 2850,172.054000,9.062250,14.99,G,IC
IC 2851,IC 2851,172.060875,11.394389,17.27,G,IC
IC 2852,IC 2852,172.058542,9.800472,16.73,G,IC
IC 2853,IC 2853,172.061917,9.147028,14.48,G,IC
IC 2854,IC 2854,172.082792,8.968722,0.00,*,IC
IC 2855,IC 2855,172.104125,9.687750,18.49,G,IC
IC 2856,IC 2856,172.067958,-12.890694,14.60,G,IC
IC 2857,IC 2857,172.129333,9.104417,15.31,G,IC
IC 2858,IC 2858,172.149833,13.661500,16.95,G,IC
IC 2859,IC 2859,172.174000,9.108500,0.00,*,IC
IC 2860,IC 2860,172.185833,14.041889,16.64,G,IC
IC 2861,IC 2861,172.245708,38.851278,15.33,G,IC
IC 2862,IC 2862,172.180500,10.127278,16.91,G,IC
IC 2863,IC 2863,172.224917,9.095306,0.00,*,IC
IC 2864,IC 2864,172.248625,12.367722,16.80,G,IC
IC 2865,IC 2865,172.248958,9.115500,0.00,*,IC
IC 2866,IC 2866,172.250125,9.042194,0.00,*,IC
IC 2867,IC 2867,172.252250,9.089389,15.92,G,IC
IC 2868,IC 2868,172.274167,9.094306,0.00,*,IC
IC 2869,IC 2869,172.286333,9.017389,0.00,*,IC
IC 2870,IC 2870,172.301750,11.865500,18.00,G,IC
IC 2871,IC 2871,172.336208,8.602361,15.22,G,IC
IC 2872,IC 2872,172.033458,-62.988944,0.00,Neb,IC
IC 2873,IC 2873,172.364292,13.218306,0.00,GPair,IC
IC 2874,IC 2874,172.364792,10.629167,16.85,G,IC
IC 2875,IC 2875,172.395542,12.989889,0.00,*,IC
IC 2876,IC 2876,172.390000,9.016167,16.74,G,IC
IC 2877,IC 2877,172.407250,12.853278,16.05,G,IC
IC 2878,IC 2878,172.409208,9.967583,16.54,G,IC
IC 2879,IC 2879,172.434542,9.013861,16.84,G,IC
IC 2880,IC 2880,172.470917,13.198833,0.00,*,IC
IC 2881,IC 2881,172.476708,12.511222,18.52,G,IC
IC 2882,IC 2882,172.539333,11.989139,0.00,*,IC
IC 2883,IC 2883,172.565792,10.910917,17.23,G,IC
IC 2884,IC 2884,171.921042,-79.734389,0.00,*Ass,IC
IC 2885,IC 2885,172.594208,9.772056,0.00,*,IC
IC 2886,IC 2886,172.601833,11.562667,17.06,G,IC
IC 2887,IC 2887,172.623833,9.387944,0.00,Dup,IC
IC 2888,IC 2888,172.646292,9.908500,0.00,Other,IC
IC 2889,IC 2889,172.620792,-13.091000,14.70,G,IC
IC 2890,IC 2890,172.692292,13.181833,0.00,*,IC
IC 2891,IC 2891,172.700583,12.677722,16.65,G,IC
IC 2892,IC 2892,172.703792,10.588556,16.95,G,IC
IC 2893,IC 2893,172.722000,13.391028,0.00,GPair,IC
IC 2894,IC 2894,172.739583,13.235361,15.97,G,IC
IC 2895,IC 2895,172.738708,9.976861,0.00,*,IC
IC 2896,IC 2896,172.805958,12.350056,16.56,G,IC
IC 2897,IC 2897,172.830708,11.549056,0.00,*,IC
IC 2898,IC 2898,172.835042,13.336222,16.63,G,IC
IC 2899,IC 2899,172.834875,10.634722,0.00,**,IC
IC 2900,IC 2900,172.873708,13.167306,17.30,G,IC
IC 2901,IC 2901,172.883875,12.699722,16.97,G,IC
IC 2902,IC 2902,172.888167,14.222750,0.00,*,IC
IC 2903,IC 2903,172.919833,12.642583,16.81,G,IC
IC 2904,IC 2904,172.926542,13.184139,16.80,*,IC
IC 2905,IC 2905,172.945750,9.106972,0.00,*,IC
IC 2906,IC 2906,172.956708,13.132889,0.00,*,IC
IC 2907,IC 2907,172.953125,9.899444,0.00,*,IC
IC 2908,IC 2908,172.960333,12.937889,0.00,*,IC
IC 2909,IC 2909,172.962042,11.470222,17.77,G,IC
IC 2910,IC 2910,172.977958,-9.725361,14.63,G,IC
IC 2911,IC 2911,173.019292,12.977361,0.00,**,IC
IC 2912,IC 2912,173.029625,11.709750,17.11,G,IC
IC 2913,IC 2913,172.963958,-30.410778,13.83,G,IC
IC 2914,IC 2914,173.051792,13.492472,15.54,G,IC
IC 2916,IC 2916,173.067292,11.683722,0.00,*,IC
IC 2917,IC 2917,173.080542,10.945444,18.00,G,IC
IC 2918,IC 2918,173.109292,13.248500,0.00,*,IC
IC 2919,IC 2919,173.145417,14.189222,15.93,G,IC
IC 2920,IC 2920,173.202792,12.557111,0.00,*,IC
IC 2921,IC 2921,173.205333,10.296472,16.94,G,IC
IC 2922,IC 2922,173.213417,12.922833,0.00,*,IC
IC 2923,IC 2923,173.223125,13.163972,16.79,G,IC
IC 2924,IC 2924,173.217458,9.023278,0.00,*,IC
IC 2925,IC 2925,173.305125,34.265111,15.34,G,IC
IC 2926,IC 2926,173.266958,12.436444,0.00,*,IC
IC 2927,IC 2927,173.269875,13.085722,0.00,*,IC
IC 2928,IC 2928,173.374833,34.316250,14.67,G,IC
IC 2929,IC 2929,173.381125,12.137333,16.21,G,IC
IC 2930,IC 2930,173.433917,10.088667,15.75,G,IC
IC 2931,IC 2931,173.460375,12.467222,0.00,*,IC
IC 2932,IC 2932,173.473792,10.543389,0.00,**,IC
IC 2933,IC 2933,173.553125,34.312500,14.95,G,IC
IC 2934,IC 2934,173.581458,13.322000,15.24,G,IC
IC 2935,IC 2935,173.700875,10.250139,0.00,*,IC
IC 2936,IC 2936,173.736750,13.008806,16.48,G,IC
IC 2937,IC 2937,173.764042,10.103361,0.00,*,IC
IC 2938,IC 2938,173.901250,13.680722,15.26,G,IC
IC 2939,IC 2939,173.908250,10.697083,0.00,*,IC
IC 2940,IC 2940,174.011417,21.961667,0.00,Other,IC
IC 2941,IC 2941,174.041542,10.055583,14.96,G,IC
IC 2942,IC 2942,174.050875,11.815889,16.18,G,IC
IC 2943,IC 2943,174.176292,54.846028,15.14,G,IC
IC 2944,lam Cen Nebula,173.945542,-63.019833,4.50,Cl+N,IC
IC 2945,IC 2945,174.267875,12.926583,0.00,GPair,IC
IC 2946,IC 2946,174.373708,32.252472,15.03,G,IC
IC 2947,IC 2947,174.379042,31.362333,14.21,G,IC
IC 2948,IC 2948,174.774750,-63.443861,0.00,Cl+N,IC
IC 2949,IC 2949,175.226458,-46.454583,0.00,**,IC
IC 2950,IC 2950,175.408000,37.992111,14.88,G,IC
IC 2951,IC 2951,175.852333,19.749806,13.57,G,IC
IC 2952,IC 2952,176.071375,33.351361,15.78,G,IC
IC 2953,IC 2953,176.107417,33.355083,0.00,Dup,IC
IC 2954,IC 2954,176.263583,26.786500,0.00,*,IC
IC 2955,IC 2955,176.266292,19.620611,14.19,G,IC
IC 2956,IC 2956,176.323167,26.767389,14.83,G,IC
IC 2957,IC 2957,176.403917,31.299556,14.91,G,IC
IC 2958,IC 2958,176.426333,33.154444,15.70,G,IC
IC 2959,IC 2959,176.542250,33.108750,0.00,Dup,IC
IC 2960,IC 2960,176.582083,35.003750,15.37,G,IC
IC 2961,IC 2961,176.956542,31.344750,15.66,G,IC
IC 2962,IC 2962,177.274958,-12.311361,0.00,Other,IC
IC 2963,IC 2963,177.352208,-5.118444,0.00,Dup,IC
IC 2964,IC 2964,177.468625,12.050306,0.00,Other,IC
IC 2965,IC 2965,178.506292,-19.568889,0.00,Dup,IC
IC 2966,IC 2966,177.556458,-64.872944,0.00,RfN,IC
IC 2967,IC 2967,177.729708,30.850694,14.70,G,IC
IC 2968,IC 2968,178.127208,20.625472,15.59,G,IC
IC 2969,IC 2969,178.130292,-3.872250,13.78,G,IC
IC 2970,IC 2970,178.290625,-23.123278,0.00,Other,IC
IC 2971,IC 2971,178.364750,30.696917,15.73,G,IC
IC 2972,IC 2972,178.419292,-3.996528,0.00,Dup,IC
IC 2973,IC 2973,178.461500,33.365500,14.42,G,IC
IC 2974,IC 2974,178.453042,-5.167833,14.00,G,IC
IC 2975,IC 2975,178.453042,-5.167833,0.00,Dup,IC
IC 2976,IC 2976,179.004375,-2.720861,0.00,Dup,IC
IC 2977,IC 2977,178.811083,-37.696306,12.24,G,IC
IC 2978,IC 2978,179.096792,32.038722,15.36,G,IC
IC 2979,IC 2979,179.226000,32.158806,14.46,G,IC
IC 2980,IC 2980,179.375667,-73.684500,13.26,G,IC
IC 2981,IC 2981,178.927583,32.188889,14.95,G,IC
IC 2982,IC 2982,179.464083,27.868667,0.00,Dup,IC
IC 2983,IC 2983,179.569708,-2.110056,0.00,Other,IC
IC 2984,IC 2984,179.780125,30.696944,15.49,G,IC
IC 2985,IC 2985,179.803125,30.731222,15.10,G,IC
IC 2986,IC 2986,179.956708,30.844417,14.76,G,IC
IC 2987,IC 2987,180.852250,38.813306,15.32,G,IC
IC 2988,IC 2988,180.925833,3.429250,0.00,Other,IC
IC 2989,IC 2989,181.141792,1.801611,0.00,Dup,IC
IC 2990,IC 2990,181.160833,11.050056,15.09,G,IC
IC 2991,IC 2991,181.302125,10.640361,15.83,G,IC
IC 2992,IC 2992,181.315958,30.855639,14.83,G,IC
IC 2993,IC 2993,181.409708,32.822194,16.01,G,IC
IC 2994,IC 2994,181.366125,12.702889,15.65,G,IC
IC 2995,IC 2995,181.445458,-27.940139,12.57,G,IC
IC 2996,IC 2996,181.452625,-29.971917,14.37,G,IC
IC 2997,IC 2997,181.435292,20.280861,0.00,Other,IC
IC 2998,IC 2998,181.480167,20.753361,0.00,Other,IC
IC 2999,IC 2999,181.489750,31.348500,15.72,G,IC
IC 3000,IC 3000,181.535625,-29.673389,0.00,Other,IC
IC 3001,IC 3001,181.570042,33.525861,15.46,G,IC
IC 3002,IC 3002,181.767458,33.382833,15.59,G,IC
IC 3003,IC 3003,181.885917,32.813000,14.91,G,IC
IC 3004,IC 3004,181.792667,13.247528,15.77,G,IC
IC 3005,IC 3005,181.809042,-30.024639,13.83,G,IC
IC 3006,IC 3006,181.851417,12.993389,0.00,Other,IC
IC 3007,IC 3007,181.878250,31.348111,15.55,G,IC
IC 3008,IC 3008,181.965833,13.577306,14.74,G,IC
IC 3009,IC 3009,182.000458,12.646472,0.00,Other,IC
IC 3010,IC 3010,181.989208,-30.339472,12.22,G,IC
IC 3011,IC 3011,182.040083,10.378889,0.00,Dup,IC
IC 3012,IC 3012,182.099750,11.176611,15.89,G,IC
IC 3013,IC 3013,182.106583,10.016667,15.28,G,IC
IC 3014,IC 3014,182.154167,38.831778,14.46,G,IC
IC 3015,IC 3015,182.251167,-31.519889,13.15,G,IC
IC 3016,IC 3016,182.327250,11.430222,15.23,G,IC
IC 3017,IC 3017,182.345125,13.618167,16.43,G,IC
IC 3018,IC 3018,182.354000,13.574444,15.88,G,IC
IC 3019,IC 3019,182.342750,13.992417,13.98,G,IC
IC 3020,IC 3020,182.363417,14.224500,16.42,G,IC
IC 3021,IC 3021,182.477375,13.049972,15.53,G,IC
IC 3022,IC 3022,182.509917,38.739972,14.30,G,IC
IC 3023,IC 3023,182.507292,14.366861,15.92,G,IC
IC 3024,IC 3024,182.549708,12.325667,15.06,G,IC
IC 3025,IC 3025,182.596208,10.188556,14.94,G,IC
IC 3026,IC 3026,182.642917,-29.923222,0.00,Other,IC
IC 3027,IC 3027,182.625292,14.193528,0.00,Other,IC
IC 3028,IC 3028,182.648708,11.760806,15.72,G,IC
IC 3029,IC 3029,182.674417,13.331278,14.84,G,IC
IC 3030,IC 3030,182.775125,14.143556,0.00,Other,IC
IC 3031,IC 3031,182.767417,13.308444,16.98,G,IC
IC 3032,IC 3032,182.782333,14.274806,15.25,G,IC
IC 3033,IC 3033,182.791458,13.587500,15.09,G,IC
IC 3034,IC 3034,182.949167,14.201139,16.23,G,IC
IC 3035,IC 3035,183.049167,13.246528,0.00,Dup,IC
IC 3036,IC 3036,183.062958,12.488389,14.77,G,IC
IC 3037,IC 3037,183.085333,9.986444,15.26,G,IC
IC 3038,IC 3038,183.135875,11.352833,15.30,G,IC
IC 3039,IC 3039,183.135708,12.309889,15.06,G,IC
IC 3040,IC 3040,183.143875,11.075028,15.29,G,IC
IC 3041,IC 3041,183.177750,12.762833,16.96,G,IC
IC 3042,IC 3042,183.193542,10.865972,0.00,Dup,IC
IC 3043,IC 3043,183.196583,10.009667,16.60,G,IC
IC 3044,IC 3044,183.202167,13.976472,14.28,G,IC
IC 3045,IC 3045,183.248625,12.779500,0.00,Other,IC
IC 3046,IC 3046,183.282792,12.918222,15.31,G,IC
IC 3047,IC 3047,183.310958,12.997667,16.54,G,IC
IC 3048,IC 3048,183.339333,13.069028,0.00,*,IC
IC 3049,IC 3049,183.390417,14.480278,15.66,G,IC
IC 3050,IC 3050,183.446958,13.424806,0.00,Dup,IC
IC 3051,IC 3051,183.473292,13.172861,0.00,Dup,IC
IC 3052,IC 3052,183.451125,12.690556,17.15,G,IC
IC 3053,IC 3053,183.466375,14.222972,15.27,G,IC
IC 3054,IC 3054,183.560125,13.542944,16.33,G,IC
IC 3055,IC 3055,183.592917,12.091389,0.00,GTrpl,IC
IC 3056,IC 3056,183.653917,12.811861,14.84,G,IC
IC 3057,IC 3057,183.761125,-44.472972,0.00,Other,IC
IC 3058,IC 3058,183.697708,14.095500,16.29,G,IC
IC 3059,IC 3059,183.729250,13.460528,14.27,G,IC
IC 3060,IC 3060,183.758708,12.547111,14.82,G,IC
IC 3061,IC 3061,183.768500,14.028972,13.61,G,IC
IC 3062,IC 3062,183.772375,13.594750,14.60,G,IC
IC 3063,IC 3063,183.778042,12.016722,14.76,G,IC
IC 3064,IC 3064,183.820042,13.023972,0.00,Dup,IC
IC 3065,IC 3065,183.802333,14.432889,14.39,G,IC
IC 3066,IC 3066,183.819083,13.473139,15.72,G,IC
IC 3067,IC 3067,183.816208,23.958167,0.00,Dup,IC
IC 3068,IC 3068,183.846667,11.510889,16.52,G,IC
IC 3069,IC 3069,183.832792,10.160806,16.58,G,IC
IC 3070,IC 3070,183.852792,13.039472,0.00,*,IC
IC 3071,IC 3071,183.882750,9.545556,0.00,*,IC
IC 3072,IC 3072,183.908875,9.555639,0.00,*,IC
IC 3073,IC 3073,183.898333,13.619167,15.15,G,IC
IC 3074,IC 3074,183.942458,10.699194,14.81,G,IC
IC 3075,IC 3075,183.979542,23.595556,15.13,G,IC
IC 3076,IC 3076,184.016583,9.078944,0.00,*,IC
IC 3077,IC 3077,183.984750,14.433028,14.60,G,IC
IC 3078,IC 3078,184.000167,12.687306,15.70,G,IC
IC 3079,IC 3079,184.017208,11.534861,15.29,G,IC
IC 3080,IC 3080,184.011125,14.189389,15.00,G,IC
IC 3081,IC 3081,184.037750,12.691306,15.00,G,IC
IC 3082,IC 3082,184.050417,23.842083,15.91,G,IC
IC 3083,IC 3083,184.088500,12.527778,17.14,G,IC
IC 3084,IC 3084,184.097750,23.917889,15.65,G,IC
IC 3085,IC 3085,184.108375,9.469000,0.00,*,IC
IC 3086,IC 3086,184.115583,9.009167,0.00,**,IC
IC 3087,IC 3087,184.110417,13.287778,0.00,**,IC
IC 3088,IC 3088,184.118167,9.458806,0.00,*,IC
IC 3089,IC 3089,184.123750,23.827722,15.67,G,IC
IC 3090,IC 3090,184.131708,9.439444,0.00,**,IC
IC 3091,IC 3091,184.121542,14.012361,14.47,G,IC
IC 3092,IC 3092,184.134542,10.046417,16.38,G,IC
IC 3093,IC 3093,184.176500,14.277806,14.79,G,IC
IC 3094,IC 3094,184.233375,13.625417,14.53,G,IC
IC 3095,IC 3095,184.231417,23.957917,15.77,G,IC
IC 3096,IC 3096,184.218167,14.514583,15.18,G,IC
IC 3097,IC 3097,184.254625,9.407556,15.26,G,IC
IC 3098,IC 3098,184.291167,7.191583,0.00,Dup,IC
IC 3099,IC 3099,184.288625,12.454028,14.97,G,IC
IC 3100,IC 3100,184.273125,12.289833,15.09,G,IC
IC 3101,IC 3101,184.331875,11.943472,15.75,G,IC
IC 3102,IC 3102,184.357542,6.690083,0.00,Dup,IC
IC 3103,IC 3103,184.368542,9.360444,14.56,*,IC
IC 3104,IC 3104,184.691917,-79.726056,13.66,G,IC
IC 3105,IC 3105,184.390625,12.388111,14.81,G,IC
IC 3106,IC 3106,184.440875,9.613139,0.00,*,IC
IC 3107,IC 3107,184.445542,10.844639,14.30,G,IC
IC 3108,IC 3108,184.427917,13.379917,14.76,G,IC
IC 3109,IC 3109,184.433792,13.171028,14.86,G,IC
IC 3110,IC 3110,184.436833,37.399694,16.39,G,IC
IC 3111,IC 3111,184.461708,8.430278,14.99,G,IC
IC 3112,IC 3112,184.451500,26.030722,15.00,G,IC
IC 3113,IC 3113,184.492167,7.185917,0.00,Dup,IC
IC 3114,IC 3114,184.486458,9.135389,0.00,*,IC
IC 3115,IC 3115,184.499583,6.654194,0.00,Dup,IC
IC 3116,IC 3116,184.488208,25.076528,16.19,G,IC
IC 3117,IC 3117,184.519417,9.076528,0.00,**,IC
IC 3118,IC 3118,184.546042,9.499806,14.74,G,IC
IC 3119,IC 3119,184.535333,24.688306,15.40,G,IC
IC 3120,IC 3120,184.563958,13.749139,15.80,G,IC
IC 3121,IC 3121,184.572917,13.257222,0.00,GPair,IC
IC 3122,IC 3122,184.589250,25.216806,14.59,G,IC
IC 3123,IC 3123,184.614958,8.064917,7.26,*,IC
IC 3124,IC 3124,184.614708,9.588389,0.00,*,IC
IC 3125,IC 3125,184.606125,24.365111,0.00,*,IC
IC 3126,IC 3126,184.654833,13.815167,16.18,G,IC
IC 3127,IC 3127,184.646792,11.870417,15.30,G,IC
IC 3128,IC 3128,184.667500,11.733611,0.00,GTrpl,IC
IC 3128A,IC 3128A,184.674458,11.731833,15.00,G,IC
IC 3128B,IC 3128B,184.660667,11.735028,18.27,G,IC
IC 3129,IC 3129,184.687333,9.590667,0.00,*,IC
IC 3130,IC 3130,184.706667,8.232972,0.00,**,IC
IC 3131,IC 3131,184.712042,7.861889,14.09,G,IC
IC 3132,IC 3132,184.712042,7.861889,0.00,Dup,IC
IC 3133,IC 3133,184.727333,7.639667,0.00,Other,IC
IC 3134,IC 3134,184.733833,8.961611,14.73,G,IC
IC 3135,IC 3135,184.719083,27.491500,17.05,G,IC
IC 3136,IC 3136,184.739042,6.184389,14.89,G,IC
IC 3137,IC 3137,184.727792,12.470056,16.89,G,IC
IC 3138,IC 3138,184.734167,12.443889,0.00,GPair,IC
IC 3139,IC 3139,184.753167,9.126778,0.00,*,IC
IC 3140,IC 3140,184.741167,27.129472,0.00,*,IC
IC 3141,IC 3141,184.743500,24.186278,15.34,G,IC
IC 3142,IC 3142,184.764583,13.981389,0.00,GPair,IC
IC 3143,IC 3143,184.772458,27.298417,15.63,G,IC
IC 3144,IC 3144,184.790667,25.296972,16.77,G,IC
IC 3145,IC 3145,184.793708,24.294139,0.00,*,IC
IC 3146,IC 3146,184.802083,25.715028,16.77,G,IC
IC 3147,IC 3147,184.824583,12.017222,0.00,GPair,IC
IC 3148,IC 3148,184.840083,7.870333,15.61,G,IC
IC 3149,IC 3149,184.850875,12.301389,15.20,G,IC
IC 3150,IC 3150,184.868708,7.798222,15.44,G,IC
IC 3151,IC 3151,184.887000,9.414222,14.78,G,IC
IC 3152,IC 3152,184.899958,-26.145500,12.43,G,IC
IC 3153,IC 3153,184.903500,5.397806,15.00,G,IC
IC 3154,IC 3154,184.891625,25.585917,15.99,G,IC
IC 3155,IC 3155,184.938792,6.005750,14.42,G,IC
IC 3156,IC 3156,184.933917,9.148583,14.66,G,IC
IC 3157,IC 3157,184.949667,12.421944,15.09,G,IC
IC 3158,IC 3158,184.957750,9.289750,0.00,**,IC
IC 3159,IC 3159,184.971708,11.674472,16.60,G,IC
IC 3160,IC 3160,184.999375,9.101889,0.00,*,IC
IC 3161,IC 3161,185.005042,8.999056,0.00,*,IC
IC 3162,IC 3162,185.013042,8.996972,0.00,*,IC
IC 3163,IC 3163,185.023958,9.255611,0.00,**,IC
IC 3164,IC 3164,185.020375,24.955917,0.00,**,IC
IC 3165,IC 3165,185.019875,27.975333,14.75,G,IC
IC 3166,IC 3166,184.975000,60.694278,0.00,Other,IC
IC 3167,IC 3167,185.078250,9.545361,14.72,G,IC
IC 3168,IC 3168,185.077250,27.920389,15.66,G,IC
IC 3169,IC 3169,185.089125,25.599500,16.57,G,IC
IC 3170,IC 3170,185.110625,9.424250,14.63,G,IC
IC 3171,IC 3171,185.100250,25.560583,14.63,G,IC
IC 3172,IC 3172,185.102292,27.818778,16.29,G,IC
IC 3173,IC 3173,185.125750,11.340944,15.30,G,IC
IC 3174,IC 3174,185.123042,10.245167,15.25,G,IC
IC 3175,IC 3175,185.138958,9.853417,15.00,G,IC
IC 3176,IC 3176,185.125333,25.515417,16.33,G,IC
IC 3177,IC 3177,185.143042,14.127611,0.00,Other,IC
IC 3178,IC 3178,185.146083,26.169306,0.00,*,IC
IC 3179,IC 3179,185.157208,26.165389,16.62,G,IC
IC 3180,IC 3180,185.098917,60.694333,0.00,Other,IC
IC 3181,IC 3181,185.175375,29.345889,0.00,Dup,IC
IC 3182,IC 3182,185.199000,12.730139,0.00,**,IC
IC 3183,IC 3183,185.203625,6.686722,0.00,**,IC
IC 3184,IC 3184,185.195000,24.915583,15.64,G,IC
IC 3185,IC 3185,185.219500,25.429694,15.90,G,IC
IC 3186,IC 3186,185.232833,24.668583,14.44,G,IC
IC 3187,IC 3187,185.227833,11.161806,15.47,G,IC
IC 3188,IC 3188,185.229583,11.008889,14.81,G,IC
IC 3189,IC 3189,185.234667,25.426528,16.24,G,IC
IC 3190,IC 3190,185.260042,9.569778,0.00,*,IC
IC 3191,IC 3191,185.271458,7.704417,0.00,*,IC
IC 3192,IC 3192,185.270042,11.754611,16.11,G,IC
IC 3193,IC 3193,185.255333,27.898778,15.65,G,IC
IC 3194,IC 3194,185.287500,25.133500,16.37,G,IC
IC 3195,IC 3195,185.322625,25.808278,16.38,G,IC
IC 3196,IC 3196,185.360958,11.757778,16.43,G,IC
IC 3197,IC 3197,185.357917,25.443889,0.00,*,IC
IC 3198,IC 3198,185.379750,26.366306,0.00,*,IC
IC 3199,IC 3199,185.440000,10.595639,15.03,G,IC
IC 3200,IC 3200,185.404958,26.760778,16.46,G,IC
IC 3201,IC 3201,185.418208,25.726000,17.05,G,IC
IC 3202,IC 3202,185.434708,27.057111,16.69,G,IC
IC 3203,IC 3203,185.440125,25.884667,15.43,G,IC
IC 3204,IC 3204,185.460125,24.249111,16.79,G,IC
IC 3205,IC 3205,185.462250,26.341000,15.55,G,IC
IC 3206,IC 3206,185.463792,26.363583,15.79,G,IC
IC 3207,IC 3207,185.467625,24.354556,16.36,G,IC
IC 3208,IC 3208,185.481583,11.966833,15.96,G,IC
IC 3209,IC 3209,185.525625,11.754722,14.97,G,IC
IC 3210,IC 3210,185.504083,28.431083,15.38,G,IC
IC 3211,IC 3211,185.530500,8.990556,0.00,Dup,IC
IC 3212,IC 3212,185.514167,28.186000,15.53,G,IC
IC 3213,IC 3213,185.531958,23.869611,15.50,G,IC
IC 3214,IC 3214,185.537958,27.235083,0.00,*,IC
IC 3215,IC 3215,185.543250,26.051944,15.53,G,IC
IC 3216,IC 3216,185.549208,25.286694,16.52,G,IC
IC 3217,IC 3217,185.554458,26.388028,17.53,G,IC
IC 3218,IC 3218,185.581333,6.927917,15.66,G,IC
IC 3219,IC 3219,185.562625,25.951333,16.45,G,IC
IC 3220,IC 3220,185.589958,10.601972,15.95,G,IC
IC 3221,IC 3221,185.583958,25.283778,17.14,G,IC
IC 3222,IC 3222,185.581125,28.831583,15.10,G,IC
IC 3223,IC 3223,185.627542,9.487250,0.00,Other,IC
IC 3224,IC 3224,185.649625,12.158028,16.30,G,IC
IC 3225,IC 3225,185.662458,6.677056,14.38,G,IC
IC 3226,IC 3226,185.645625,26.067333,0.00,*,IC
IC 3227,IC 3227,185.648583,24.085139,16.52,G,IC
IC 3228,IC 3228,185.664083,24.330083,16.19,G,IC
IC 3229,IC 3229,185.720000,6.679861,15.25,G,IC
IC 3230,IC 3230,185.665333,27.746972,16.41,G,IC
IC 3231,IC 3231,185.682417,24.820472,0.00,G,IC
IC 3232,IC 3232,185.699125,24.424528,0.00,*,IC
IC 3233,IC 3233,185.728708,12.566778,16.56,G,IC
IC 3234,IC 3234,185.717333,28.112528,16.93,G,IC
IC 3235,IC 3235,185.741250,13.545778,16.55,G,IC
IC 3236,IC 3236,185.750958,10.101222,16.46,G,IC
IC 3237,IC 3237,185.741708,28.494167,15.89,G,IC
IC 3238,IC 3238,185.776583,14.458333,14.67,G,IC
IC 3239,IC 3239,185.789875,11.726000,16.16,G,IC
IC 3240,IC 3240,185.780500,10.362278,16.54,G,IC
IC 3241,IC 3241,185.785167,26.905278,16.33,G,IC
IC 3242,IC 3242,185.793500,26.248889,16.48,G,IC
IC 3243,IC 3243,185.797208,27.765694,15.66,G,IC
IC 3244,IC 3244,185.801083,14.388972,15.00,G,IC
IC 3245,IC 3245,185.823792,9.129556,0.00,Other,IC
IC 3246,IC 3246,185.821458,13.051833,16.32,G,IC
IC 3247,IC 3247,185.808292,28.893750,15.40,G,IC
IC 3248,IC 3248,185.820333,25.552028,0.00,*,IC
IC 3249,IC 3249,185.824708,25.444667,16.79,G,IC
IC 3250,IC 3250,185.824250,25.628806,0.00,*,IC
IC 3251,IC 3251,185.828708,25.653389,0.00,*,IC
IC 3252,IC 3252,185.853833,28.618222,0.00,**,IC
IC 3253,IC 3253,185.938417,-34.622194,12.12,G,IC
IC 3254,IC 3254,185.874292,19.426917,0.00,Dup,IC
IC 3255,IC 3255,185.894750,9.648611,14.73,G,IC
IC 3256,IC 3256,185.912500,7.054000,0.00,Dup,IC
IC 3257,IC 3257,185.936292,7.253778,0.00,Other,IC
IC 3258,IC 3258,185.935292,12.478333,13.30,G,IC
IC 3259,IC 3259,185.952167,7.186833,13.52,G,IC
IC 3260,IC 3260,185.973167,7.107111,0.00,Dup,IC
IC 3261,IC 3261,185.968750,11.481306,17.21,G,IC
IC 3262,IC 3262,185.950708,27.394278,15.23,G,IC
IC 3263,IC 3263,185.960792,28.199500,14.40,G,IC
IC 3264,IC 3264,185.966458,25.557389,16.72,G,IC
IC 3265,IC 3265,185.995125,7.803778,0.00,*,IC
IC 3266,IC 3266,186.001083,7.785194,0.00,Dup,IC
IC 3267,IC 3267,186.023042,7.041278,13.42,G,IC
IC 3268,IC 3268,186.031000,6.607472,13.77,G,IC
IC 3269,IC 3269,186.018333,27.434778,16.48,G,IC
IC 3270,IC 3270,186.024375,27.577889,16.34,G,IC
IC 3271,IC 3271,186.058042,7.952972,14.57,G,IC
IC 3272,IC 3272,186.038792,23.284639,16.81,G,IC
IC 3273,IC 3273,186.060542,8.535861,0.00,Dup,IC
IC 3274,IC 3274,186.061333,9.266861,0.00,Dup,IC
IC 3275,IC 3275,186.081167,10.446333,16.49,G,IC
IC 3276,IC 3276,186.058750,25.818778,16.48,G,IC
IC 3277,IC 3277,186.065458,25.564000,0.00,Other,IC
IC 3278,IC 3278,186.062333,27.420806,0.00,GTrpl,IC
IC 3279,IC 3279,186.100125,12.852444,0.00,**,IC
IC 3280,IC 3280,186.111417,13.233444,15.06,G,IC
IC 3281,IC 3281,186.116292,7.819139,0.00,Other,IC
IC 3282,IC 3282,186.116875,25.670639,0.00,*,IC
IC 3283,IC 3283,186.116750,27.211250,16.47,G,IC
IC 3284,IC 3284,186.156500,10.839028,15.25,G,IC
IC 3285,IC 3285,186.139542,24.859667,0.00,*,IC
IC 3286,IC 3286,186.143667,23.747889,16.11,G,IC
IC 3287,IC 3287,186.154000,24.594722,17.60,G,IC
IC 3288,IC 3288,186.164208,24.949861,16.31,G,IC
IC 3289,IC 3289,186.239375,-26.030722,14.17,G,IC
IC 3290,IC 3290,186.287333,-39.775500,13.57,G,IC
IC 3291,IC 3291,186.201708,12.018500,16.46,G,IC
IC 3292,IC 3292,186.201500,18.195111,15.03,G,IC
IC 3293,IC 3293,186.222958,17.432417,16.31,G,IC
IC 3294,IC 3294,186.207208,25.597472,17.28,G,IC
IC 3295,IC 3295,186.204083,28.707833,0.00,Other,IC
IC 3296,IC 3296,186.241000,24.382861,15.54,G,IC
IC 3297,IC 3297,186.242250,26.771194,0.00,*,IC
IC 3298,IC 3298,186.265833,17.015333,15.26,G,IC
IC 3299,IC 3299,186.263083,27.374472,17.20,G,IC
IC 3300,IC 3300,186.270750,25.957556,15.20,G,IC
IC 3301,IC 3301,186.323083,14.172556,16.12,G,IC
IC 3302,IC 3302,186.293458,25.879806,16.98,G,IC
IC 3303,IC 3303,186.313333,12.714611,14.37,G,IC
IC 3304,IC 3304,186.298833,25.424278,18.61,G,IC
IC 3305,IC 3305,186.310417,11.849611,14.90,G,IC
IC 3306,IC 3306,186.302000,27.402361,16.14,G,IC
IC 3307,IC 3307,186.323083,14.172556,0.00,Dup,IC
IC 3308,IC 3308,186.325875,26.715111,14.96,G,IC
IC 3309,IC 3309,186.333875,28.381000,15.65,G,IC
IC 3310,IC 3310,186.480417,15.680528,0.00,*,IC
IC 3311,IC 3311,186.387958,12.260333,14.68,G,IC
IC 3312,IC 3312,186.374583,23.581639,17.05,G,IC
IC 3313,IC 3313,186.401833,15.829833,14.22,G,IC
IC 3314,IC 3314,186.381208,23.591056,16.25,G,IC
IC 3315,IC 3315,186.412208,12.313750,15.90,G,IC
IC 3316,IC 3316,186.400625,26.163250,16.55,G,IC
IC 3317,IC 3317,186.412125,25.343917,17.16,G,IC
IC 3318,IC 3318,186.457708,9.762806,11.44,*,IC
IC 3319,IC 3319,186.462208,10.391000,0.00,Other,IC
IC 3320,IC 3320,186.461125,10.459056,0.00,Dup,IC
IC 3321,IC 3321,186.442417,26.082528,16.55,G,IC
IC 3322,IC 3322,186.475417,7.554778,14.08,G,IC
IC 3323,IC 3323,186.450333,27.542389,0.00,*,IC
IC 3324,IC 3324,186.454833,26.739889,17.06,G,IC
IC 3325,IC 3325,186.464458,23.895917,15.85,G,IC
IC 3326,IC 3326,186.469792,23.768444,16.66,G,IC
IC 3327,IC 3327,186.511583,14.880361,15.09,G,IC
IC 3328,IC 3328,186.491375,10.053778,14.38,G,IC
IC 3329,IC 3329,186.483000,27.564111,0.00,HII,IC
IC 3330,IC 3330,186.484625,30.843583,14.97,G,IC
IC 3331,IC 3331,186.522167,11.812222,15.04,G,IC
IC 3332,IC 3332,186.521625,25.279833,0.00,G,IC
IC 3333,IC 3333,186.536542,13.132944,14.80,*,IC
IC 3334,IC 3334,186.539708,28.465833,16.22,G,IC
IC 3335,IC 3335,186.579708,26.129306,17.25,G,IC
IC 3336,IC 3336,186.582875,26.838444,15.40,G,IC
IC 3337,IC 3337,186.589458,25.311528,16.93,G,IC
IC 3338,IC 3338,186.592833,25.886222,15.94,G,IC
IC 3339,IC 3339,186.625417,8.872222,0.00,Dup,IC
IC 3340,IC 3340,186.636292,16.844667,15.41,G,IC
IC 3341,IC 3341,186.596625,27.745528,16.69,G,IC
IC 3342,IC 3342,186.614042,27.138639,0.00,*,IC
IC 3343,IC 3343,186.646250,8.874278,0.00,*,IC
IC 3344,IC 3344,186.634958,13.578778,14.91,G,IC
IC 3345,IC 3345,186.638917,24.368861,17.19,G,IC
IC 3346,IC 3346,186.685125,11.379722,15.78,G,IC
IC 3347,IC 3347,186.685708,10.918583,16.31,G,IC
IC 3348,IC 3348,186.658792,25.624889,17.30,G,IC
IC 3349,IC 3349,186.696083,12.453972,14.08,G,IC
IC 3350,IC 3350,186.693458,9.442611,12.68,**,IC
IC 3351,IC 3351,186.670792,27.605583,0.00,*,IC
IC 3352,IC 3352,186.699167,8.757500,0.00,Other,IC
IC 3353,IC 3353,186.687833,27.912333,16.82,G,IC
IC 3354,IC 3354,186.714417,12.097139,0.00,*,IC
IC 3355,IC 3355,186.713083,13.175722,15.06,G,IC
IC 3356,IC 3356,186.710375,11.559028,15.45,G,IC
IC 3357,IC 3357,186.713958,9.777500,15.36,G,IC
IC 3358,IC 3358,186.726417,11.663972,13.61,G,IC
IC 3359,IC 3359,186.714167,23.498167,16.64,G,IC
IC 3360,IC 3360,186.711333,26.046639,0.00,*,IC
IC 3361,IC 3361,186.727292,10.665861,15.49,G,IC
IC 3362,IC 3362,186.726708,26.690083,16.15,G,IC
IC 3363,IC 3363,186.762792,12.560806,14.84,G,IC
IC 3364,IC 3364,186.770458,25.563250,16.54,G,IC
IC 3365,IC 3365,186.796583,15.896667,14.29,G,IC
IC 3366,IC 3366,186.800500,9.410194,16.56,G,IC
IC 3367,IC 3367,186.799583,26.956750,0.00,GPair,IC
IC 3368,IC 3368,186.834917,16.428583,15.45,G,IC
IC 3369,IC 3369,186.820583,16.024472,14.03,G,IC
IC 3370,IC 3370,186.905542,-39.337778,11.18,G,IC
IC 3371,IC 3371,186.842708,10.866778,15.27,G,IC
IC 3372,IC 3372,186.852250,25.287222,17.02,G,IC
IC 3373,IC 3373,186.865875,25.453917,16.37,G,IC
IC 3374,IC 3374,186.889500,10.003778,15.40,G,IC
IC 3375,IC 3375,186.918167,27.364750,0.00,*,IC
IC 3376,IC 3376,186.959750,26.993528,14.32,G,IC
IC 3377,IC 3377,186.966458,24.942167,16.18,G,IC
IC 3378,IC 3378,187.006292,17.296306,16.31,G,IC
IC 3379,IC 3379,187.017750,17.305750,16.05,G,IC
IC 3380,IC 3380,187.023042,26.672861,16.82,G,IC
IC 3381,IC 3381,187.062000,11.789833,13.48,G,IC
IC 3382,IC 3382,187.056417,13.570694,16.30,G,IC
IC 3383,IC 3383,187.051333,10.297667,15.18,G,IC
IC 3384,IC 3384,187.051083,25.091333,19.29,G,IC
IC 3385,IC 3385,187.062292,25.432611,16.47,G,IC
IC 3386,IC 3386,187.098667,13.195750,15.55,G,IC
IC 3387,IC 3387,187.078417,27.995722,16.61,G,IC
IC 3388,IC 3388,187.116917,12.823667,14.80,G,IC
IC 3389,IC 3389,187.098000,27.844944,18.11,G,IC
IC 3390,IC 3390,187.119042,24.809333,16.56,G,IC
IC 3391,IC 3391,187.113750,18.415028,13.66,G,IC
IC 3392,IC 3392,187.180250,14.999500,12.99,G,IC
IC 3393,IC 3393,187.173792,12.915917,14.32,G,IC
IC 3394,IC 3394,187.171708,26.798417,15.86,G,IC
IC 3395,IC 3395,187.185417,25.034750,16.43,G,IC
IC 3396,IC 3396,187.187417,25.050222,17.23,G,IC
IC 3397,IC 3397,187.194000,25.731917,15.99,G,IC
IC 3399,IC 3399,187.233250,25.696083,0.00,*,IC
IC 3400,IC 3400,187.262083,9.406167,11.50,*,IC
IC 3401,IC 3401,187.245167,26.460083,17.28,G,IC
IC 3402,IC 3402,187.247167,28.861944,15.16,G,IC
IC 3403,IC 3403,187.256083,24.632667,15.91,G,IC
IC 3404,IC 3404,187.294667,7.153944,0.00,Other,IC
IC 3405,IC 3405,187.248375,37.730111,16.30,G,IC
IC 3406,IC 3406,187.260958,27.640528,15.64,G,IC
IC 3407,IC 3407,187.266083,27.778861,14.58,G,IC
IC 3408,IC 3408,187.315792,11.875889,10.87,*,IC
IC 3409,IC 3409,187.338458,14.789306,15.96,G,IC
IC 3410,IC 3410,187.275708,19.004778,15.71,G,IC
IC 3411,IC 3411,187.301625,24.584194,17.22,G,IC
IC 3412,IC 3412,187.344375,9.989028,15.55,G,IC
IC 3413,IC 3413,187.343792,11.433889,14.36,G,IC
IC 3414,IC 3414,187.369917,6.771806,13.97,G,IC
IC 3415,IC 3415,187.340042,26.766222,0.00,*,IC
IC 3416,IC 3416,187.395667,10.793083,15.38,G,IC
IC 3417,IC 3417,187.413417,7.861278,0.00,*,IC
IC 3418,IC 3418,187.433000,11.404694,14.29,G,IC
IC 3419,IC 3419,187.435750,15.024750,16.30,G,IC
IC 3420,IC 3420,187.427333,13.446417,0.00,*,IC
IC 3421,IC 3421,187.410792,26.230611,15.48,G,IC
IC 3422,IC 3422,187.477542,14.688361,16.08,G,IC
IC 3423,IC 3423,187.443833,13.658778,15.60,*,IC
IC 3424,IC 3424,187.437667,24.408667,17.49,G,IC
IC 3425,IC 3425,187.484958,10.615333,14.57,G,IC
IC 3426,IC 3426,187.506083,13.598167,14.90,*,IC
IC 3427,IC 3427,187.543042,10.779472,0.00,Dup,IC
IC 3428,IC 3428,187.531292,23.675028,0.00,*,IC
IC 3429,IC 3429,187.533083,23.545139,16.95,G,IC
IC 3430,IC 3430,187.570333,9.085111,15.43,G,IC
IC 3431,IC 3431,187.600750,11.614472,16.85,G,IC
IC 3432,IC 3432,187.616000,14.160194,14.78,G,IC
IC 3433,IC 3433,187.617542,17.309722,16.24,G,IC
IC 3434,IC 3434,187.613583,18.809722,15.46,G,IC
IC 3435,IC 3435,187.666167,15.129694,15.20,G,IC
IC 3436,IC 3436,187.624708,19.673028,14.86,G,IC
IC 3437,IC 3437,187.691292,11.343194,15.02,G,IC
IC 3438,IC 3438,187.748792,8.077861,0.00,Dup,IC
IC 3439,IC 3439,187.747792,25.561806,16.29,G,IC
IC 3440,IC 3440,187.771500,12.029861,16.75,G,IC
IC 3441,IC 3441,187.768417,28.852694,15.11,G,IC
IC 3442,IC 3442,187.834125,14.115194,13.80,G,IC
IC 3443,IC 3443,187.815542,12.331778,15.03,G,IC
IC 3444,IC 3444,187.807875,27.549639,0.00,**,IC
IC 3445,IC 3445,187.830958,12.738000,15.95,G,IC
IC 3446,IC 3446,187.845583,11.492389,15.53,G,IC
IC 3447,IC 3447,187.824583,10.680167,16.69,G,IC
IC 3448,IC 3448,187.846625,17.206417,15.52,G,IC
IC 3449,IC 3449,187.845583,25.914000,17.02,G,IC
IC 3450,IC 3450,187.853417,26.796139,16.40,G,IC
IC 3451,IC 3451,187.850292,28.855194,14.65,G,IC
IC 3452,IC 3452,187.885542,11.624722,0.00,Dup,IC
IC 3453,IC 3453,187.907250,14.859806,14.80,G,IC
IC 3454,IC 3454,187.911042,27.495722,15.59,G,IC
IC 3455,IC 3455,187.935625,25.786083,16.71,G,IC
IC 3456,IC 3456,187.932292,28.357167,0.00,Other,IC
IC 3457,IC 3457,187.963917,12.657000,14.64,G,IC
IC 3458,IC 3458,187.933333,28.147361,15.73,G,IC
IC 3459,IC 3459,187.983000,12.174028,14.91,G,IC
IC 3460,IC 3460,187.959958,27.386889,16.22,G,IC
IC 3461,IC 3461,188.011417,11.890083,14.51,G,IC
IC 3462,IC 3462,188.039917,15.300944,16.09,G,IC
IC 3463,IC 3463,188.019083,12.319417,0.00,Other,IC
IC 3464,IC 3464,188.000833,26.004833,0.00,*,IC
IC 3465,IC 3465,188.051000,12.061556,16.16,G,IC
IC 3466,IC 3466,188.023667,11.817917,15.76,G,IC
IC 3467,IC 3467,188.102375,11.787583,15.40,G,IC
IC 3468,IC 3468,188.059208,10.251472,13.88,G,IC
IC 3469,IC 3469,188.045750,25.802778,17.64,G,IC
IC 3470,IC 3470,188.097458,11.262972,13.85,G,IC
IC 3471,IC 3471,188.095083,16.018833,15.49,G,IC
IC 3472,IC 3472,188.078250,24.728250,17.10,G,IC
IC 3473,IC 3473,188.079667,18.244139,14.40,G,IC
IC 3474,IC 3474,188.152125,2.661528,14.57,G,IC
IC 3475,IC 3475,188.171083,12.771000,13.38,G,IC
IC 3476,IC 3476,188.174500,14.050444,12.84,G,IC
IC 3477,IC 3477,188.159208,26.038444,0.00,*,IC
IC 3478,IC 3478,188.184167,14.196194,14.37,G,IC
IC 3479,IC 3479,188.170542,25.406111,17.13,G,IC
IC 3480,IC 3480,188.172875,26.828556,0.00,**,IC
IC 3481,IC 3481,188.217750,11.404389,13.67,G,IC
IC 3482,IC 3482,188.254167,27.830306,16.61,G,IC
IC 3483,IC 3483,188.291917,11.347333,14.18,G,IC
IC 3484,IC 3484,188.272083,17.403000,15.01,G,IC
IC 3485,IC 3485,188.296917,9.217278,0.00,*,IC
IC 3486,IC 3486,188.308375,12.857833,15.15,G,IC
IC 3487,IC 3487,188.306000,9.397361,15.04,G,IC
IC 3488,IC 3488,188.285208,26.349361,15.57,G,IC
IC 3489,IC 3489,188.307083,12.247000,14.79,G,IC
IC 3490,IC 3490,188.307917,10.928528,15.47,G,IC
IC 3491,IC 3491,188.287458,27.094389,16.05,G,IC
IC 3492,IC 3492,188.332417,12.853444,15.30,G,IC
IC 3493,IC 3493,188.328667,9.393194,0.00,*,IC
IC 3494,IC 3494,188.307125,27.584111,17.14,G,IC
IC 3495,IC 3495,188.317875,26.808806,0.00,**,IC
IC 3496,IC 3496,188.330458,26.755444,0.00,*,IC
IC 3497,IC 3497,188.368917,25.488750,0.00,*,IC
IC 3498,IC 3498,188.370708,26.738056,16.21,G,IC
IC 3499,IC 3499,188.437500,10.995722,13.27,G,IC
IC 3500,IC 3500,188.456958,13.962778,15.08,G,IC
IC 3501,IC 3501,188.465083,13.322444,14.69,G,IC
IC 3502,IC 3502,188.426375,26.617361,17.44,G,IC
IC 3503,IC 3503,188.451125,37.789306,0.00,*,IC
IC 3504,IC 3504,188.532708,6.886361,0.00,*,IC
IC 3505,IC 3505,188.542958,15.968222,15.05,G,IC
IC 3506,IC 3506,188.528083,12.741611,15.93,G,IC
IC 3507,IC 3507,188.518542,25.362833,17.26,G,IC
IC 3508,IC 3508,188.528958,26.670778,15.42,G,IC
IC 3509,IC 3509,188.548042,12.048972,14.25,G,IC
IC 3510,IC 3510,188.561708,11.071528,14.87,G,IC
IC 3511,IC 3511,188.539542,27.348639,0.00,*,IC
IC 3512,IC 3512,188.540250,27.361111,0.00,*,IC
IC 3513,IC 3513,188.548375,27.330556,0.00,*,IC
IC 3514,IC 3514,188.565792,26.700611,0.00,**,IC
IC 3515,IC 3515,188.567083,27.862250,15.61,G,IC
IC 3516,IC 3516,188.571417,27.452306,16.07,G,IC
IC 3517,IC 3517,188.628167,9.154750,15.30,G,IC
IC 3518,IC 3518,188.630375,9.623444,14.79,G,IC
IC 3519,IC 3519,188.660000,15.602694,15.88,G,IC
IC 3520,IC 3520,188.632542,13.503667,15.80,G,IC
IC 3521,IC 3521,188.664625,7.160194,13.74,G,IC
IC 3522,IC 3522,188.689917,15.220778,15.41,G,IC
IC 3523,IC 3523,188.664167,14.016778,17.08,G,IC
IC 3524,IC 3524,188.679583,14.244333,0.00,*,IC
IC 3525,IC 3525,188.693500,10.176694,16.49,G,IC
IC 3526,IC 3526,188.669208,25.684139,0.00,**,IC
IC 3527,IC 3527,188.676208,26.155111,0.00,**,IC
IC 3528,IC 3528,188.732917,15.565611,15.20,G,IC
IC 3529,IC 3529,188.707333,25.698778,0.00,*,IC
IC 3530,IC 3530,188.705500,17.814278,14.53,G,IC
IC 3531,IC 3531,188.735583,26.626583,16.55,G,IC
IC 3532,IC 3532,188.739667,25.880639,0.00,*,IC
IC 3533,IC 3533,188.755333,25.779722,16.01,G,IC
IC 3534,IC 3534,188.717208,14.978167,16.11,G,IC
IC 3535,IC 3535,188.795417,25.731972,0.00,*,IC
IC 3536,IC 3536,188.802042,26.533417,16.13,G,IC
IC 3537,IC 3537,188.843583,7.653000,0.00,*,IC
IC 3538,IC 3538,188.814833,26.235528,0.00,*,IC
IC 3539,IC 3539,188.833708,23.983139,0.00,*,IC
IC 3540,IC 3540,188.863458,12.750250,14.58,G,IC
IC 3541,IC 3541,188.840500,23.975250,0.00,*,IC
IC 3542,IC 3542,188.921625,11.667167,15.65,G,IC
IC 3543,IC 3543,188.922583,26.285833,0.00,Dup,IC
IC 3544,IC 3544,188.947500,14.300556,0.00,**,IC
IC 3545,IC 3545,188.921583,26.523111,0.00,Dup,IC
IC 3546,IC 3546,188.923708,26.222194,0.00,Dup,IC
IC 3547,IC 3547,188.953708,26.329111,0.00,*,IC
IC 3548,IC 3548,188.985958,10.936306,16.10,G,IC
IC 3549,IC 3549,188.961875,26.395222,0.00,*,IC
IC 3550,IC 3550,188.967167,27.932083,0.00,Dup,IC
IC 3551,IC 3551,188.973792,27.964167,0.00,HII,IC
IC 3552,IC 3552,188.974583,27.993889,0.00,HII,IC
IC 3553,IC 3553,188.983042,26.193056,0.00,*,IC
IC 3554,IC 3554,188.979958,27.927333,0.00,*,IC
IC 3555,IC 3555,188.983125,27.988889,0.00,HII,IC
IC 3556,IC 3556,188.993583,26.966056,15.54,G,IC
IC 3557,IC 3557,189.034042,16.640861,0.00,GPair,IC
IC 3558,IC 3558,189.011667,11.849806,17.39,G,IC
IC 3559,IC 3559,189.014000,26.987361,16.46,G,IC
IC 3560,IC 3560,189.016292,27.078194,16.38,G,IC
IC 3561,IC 3561,189.019958,26.899611,15.70,G,IC
IC 3562,IC 3562,189.044000,9.922611,16.19,G,IC
IC 3563,IC 3563,189.030083,27.927361,0.00,HII,IC
IC 3564,IC 3564,189.033708,27.928389,0.00,*Ass,IC
IC 3565,IC 3565,189.051083,26.756111,16.96,G,IC
IC 3566,IC 3566,189.090500,11.164889,0.00,Other,IC
IC 3567,IC 3567,189.094667,13.602861,15.16,G,IC
IC 3568,IC 3568,188.278250,82.563917,10.60,PN,IC
IC 3569,IC 3569,189.034167,19.322917,0.00,Dup,IC
IC 3570,IC 3570,189.076167,24.078472,0.00,*,IC
IC 3571,IC 3571,189.083292,26.083778,17.52,G,IC
IC 3572,IC 3572,189.116375,11.618500,0.00,**,IC
IC 3573,IC 3573,189.113417,11.759111,16.65,G,IC
IC 3574,IC 3574,189.115958,12.405167,15.34,G,IC
IC 3575,IC 3575,189.134917,13.748417,16.26,G,IC
IC 3576,IC 3576,189.157000,6.620889,14.97,G,IC
IC 3577,IC 3577,189.151125,11.897139,0.00,Other,IC
IC 3578,IC 3578,189.164208,11.101861,15.24,G,IC
IC 3579,IC 3579,189.136417,26.104139,0.00,*,IC
IC 3580,IC 3580,189.121792,18.300500,15.67,G,IC
IC 3581,IC 3581,189.158792,24.429028,14.06,G,IC
IC 3582,IC 3582,189.153792,26.234667,16.66,G,IC
IC 3583,IC 3583,189.181208,13.259333,13.00,G,IC
IC 3584,IC 3584,189.187917,12.233056,0.00,*,IC
IC 3585,IC 3585,189.166250,26.829944,15.01,G,IC
IC 3586,IC 3586,189.228542,12.520083,14.52,G,IC
IC 3587,IC 3587,189.201375,27.548528,15.87,G,IC
IC 3588,IC 3588,189.234917,14.217361,0.00,Dup,IC
IC 3589,IC 3589,189.255000,6.937000,15.60,*,IC
IC 3590,IC 3590,189.211292,27.278139,15.62,G,IC
IC 3591,IC 3591,189.262667,6.926639,14.40,G,IC
IC 3592,IC 3592,189.222667,27.862028,0.00,Dup,IC
IC 3593,IC 3593,189.224708,27.749111,0.00,Dup,IC
IC 3594,IC 3594,189.234958,26.115500,0.00,*,IC
IC 3595,IC 3595,189.276667,23.786889,16.80,G,IC
IC 3596,IC 3596,189.328750,26.520917,0.00,Other,IC
IC 3597,IC 3597,189.352667,23.864056,16.65,G,IC
IC 3598,IC 3598,189.337833,28.208167,15.01,G,IC
IC 3599,IC 3599,189.421667,26.707667,15.60,G,IC
IC 3600,IC 3600,189.421500,27.129556,15.67,G,IC
IC 3601,IC 3601,189.473500,15.224667,15.73,G,IC
IC 3602,IC 3602,189.576250,10.072833,16.35,G,IC
IC 3603,IC 3603,189.567292,15.569806,16.12,G,IC
IC 3604,IC 3604,189.586333,11.730722,15.98,G,IC
IC 3605,IC 3605,189.587292,19.541333,15.79,G,IC
IC 3606,IC 3606,189.604542,12.610611,16.49,G,IC
IC 3607,IC 3607,189.634042,10.376528,16.58,G,IC
IC 3608,IC 3608,189.655542,10.475889,14.71,G,IC
IC 3609,IC 3609,189.644667,14.352417,14.96,G,IC
IC 3610,IC 3610,189.696417,26.872861,17.43,G,IC
IC 3611,IC 3611,189.767250,13.363528,14.29,G,IC
IC 3612,IC 3612,189.769583,14.731139,15.03,G,IC
IC 3613,IC 3613,189.769958,13.759000,17.03,G,IC
IC 3614,IC 3614,189.754500,26.302833,17.73,G,IC
IC 3615,IC 3615,189.756708,18.200667,15.20,G,IC
IC 3616,IC 3616,189.769583,14.731139,0.00,Dup,IC
IC 3617,IC 3617,189.854167,7.965833,14.27,G,IC
IC 3618,IC 3618,189.821375,26.677778,15.58,G,IC
IC 3619,IC 3619,189.828250,24.142417,0.00,**,IC
IC 3620,IC 3620,189.825083,27.908639,15.62,G,IC
IC 3621,IC 3621,189.889917,15.502611,15.65,G,IC
IC 3622,IC 3622,189.885333,15.432056,16.03,G,IC
IC 3623,IC 3623,189.865083,27.102333,15.16,G,IC
IC 3624,IC 3624,189.893667,11.982194,16.52,G,IC
IC 3625,IC 3625,189.888208,10.967667,15.43,G,IC
IC 3626,IC 3626,189.881833,25.677389,15.87,G,IC
IC 3627,IC 3627,189.883333,27.497278,16.37,G,IC
IC 3628,IC 3628,189.911708,26.238889,0.00,*,IC
IC 3629,IC 3629,189.944417,13.533306,15.26,G,IC
IC 3630,IC 3630,189.944167,25.432528,0.00,*,IC
IC 3631,IC 3631,189.950042,12.973972,14.22,G,IC
IC 3632,IC 3632,190.000000,26.682222,16.75,G,IC
IC 3633,IC 3633,190.046875,9.896139,15.76,G,IC
IC 3634,IC 3634,190.047333,9.847778,15.75,G,IC
IC 3635,IC 3635,190.055750,12.874778,14.65,G,IC
IC 3636,IC 3636,190.064750,22.074556,0.00,**,IC
IC 3637,IC 3637,190.081542,14.715000,14.82,G,IC
IC 3638,IC 3638,190.069167,10.518528,14.37,G,IC
IC 3639,IC 3639,190.220208,-36.755861,13.32,G,IC
IC 3640,IC 3640,190.105000,26.524167,15.97,G,IC
IC 3641,IC 3641,190.112000,26.521583,17.90,G,IC
IC 3642,IC 3642,190.107208,26.731222,16.41,G,IC
IC 3643,IC 3643,190.170292,12.406583,16.61,G,IC
IC 3644,IC 3644,190.150958,26.504611,16.23,G,IC
IC 3645,IC 3645,190.156708,26.541361,0.00,*,IC
IC 3646,IC 3646,190.160417,26.526194,15.43,G,IC
IC 3647,IC 3647,190.221292,10.475361,15.13,G,IC
IC 3648,IC 3648,190.217458,12.985000,0.00,*,IC
IC 3649,IC 3649,190.207042,21.104750,16.93,G,IC
IC 3650,IC 3650,190.202125,26.472722,0.00,**,IC
IC 3651,IC 3651,190.220458,26.728139,14.51,G,IC
IC 3652,IC 3652,190.244000,11.184500,14.31,G,IC
IC 3653,IC 3653,190.315542,11.387250,13.71,G,IC
IC 3654,IC 3654,190.302083,22.589444,16.99,G,IC
IC 3655,IC 3655,190.310250,20.666194,16.75,G,IC
IC 3656,IC 3656,190.308042,22.594972,16.88,G,IC
IC 3657,IC 3657,190.329250,21.672500,17.82,G,IC
IC 3658,IC 3658,190.335958,14.700556,15.23,G,IC
IC 3659,IC 3659,190.365083,22.930806,16.09,G,IC
IC 3660,IC 3660,190.403500,21.093361,0.00,*,IC
IC 3661,IC 3661,190.398875,22.494861,17.25,G,IC
IC 3662,IC 3662,190.401125,23.425167,15.05,G,IC
IC 3663,IC 3663,190.414208,12.247389,15.47,G,IC
IC 3664,IC 3664,190.423125,19.944139,0.00,*,IC
IC 3665,IC 3665,190.444583,11.488250,15.09,G,IC
IC 3666,IC 3666,190.472375,7.845028,0.00,*,IC
IC 3667,IC 3667,190.386875,41.150778,0.00,Dup,IC
IC 3668,IC 3668,190.387042,41.124167,13.13,Other,IC
IC 3669,IC 3669,190.399625,41.136583,19.07,Other,IC
IC 3670,IC 3670,190.479250,11.774167,15.86,G,IC
IC 3671,IC 3671,190.464083,23.510667,15.39,G,IC
IC 3672,IC 3672,190.536083,11.754278,0.00,Dup,IC
IC 3673,IC 3673,190.518000,21.138333,0.00,*,IC
IC 3674,IC 3674,190.521333,22.510778,0.00,**,IC
IC 3675,IC 3675,190.469667,41.273972,0.00,Dup,IC
IC 3676,IC 3676,190.551167,13.559833,0.00,*,IC
IC 3677,IC 3677,190.549333,20.884861,16.78,G,IC
IC 3678,IC 3678,190.552417,20.880472,16.86,G,IC
IC 3679,IC 3679,190.546792,22.818278,0.00,**,IC
IC 3680,IC 3680,190.503792,39.104250,0.00,*,IC
IC 3681,IC 3681,190.507292,39.083417,0.00,*,IC
IC 3682,IC 3682,190.581167,20.864444,0.00,*,IC
IC 3683,IC 3683,190.586000,20.871306,16.54,G,IC
IC 3684,IC 3684,190.610458,11.740306,15.99,G,IC
IC 3685,IC 3685,190.634333,6.870917,0.00,*,IC
IC 3686,IC 3686,190.650000,10.565306,15.10,G,IC
IC 3687,IC 3687,190.562917,38.503333,13.35,G,IC
IC 3688,IC 3688,190.655750,14.357194,0.00,Dup,IC
IC 3689,IC 3689,190.654000,20.850500,16.26,G,IC
IC 3690,IC 3690,190.704958,10.357472,15.03,G,IC
IC 3691,IC 3691,190.706375,22.772222,16.47,G,IC
IC 3692,IC 3692,190.725000,20.989750,14.73,G,IC
IC 3693,IC 3693,190.741750,10.681806,15.67,G,IC
IC 3694,IC 3694,190.780333,11.212000,14.92,G,IC
IC 3695,IC 3695,190.778333,22.741944,0.00,*,IC
IC 3696,IC 3696,190.790167,19.928028,17.59,G,IC
IC 3697,IC 3697,190.745208,39.845667,15.88,G,IC
IC 3698,IC 3698,190.822083,11.211528,15.00,G,IC
IC 3699,IC 3699,190.821375,19.000194,0.00,**,IC
IC 3700,IC 3700,190.833333,19.265944,0.00,*,IC
IC 3701,IC 3701,190.878792,11.047139,16.59,G,IC
IC 3702,IC 3702,190.868208,10.873861,15.04,G,IC
IC 3703,IC 3703,190.841667,37.974528,0.00,*,IC
IC 3704,IC 3704,190.940042,10.770083,14.72,G,IC
IC 3705,IC 3705,190.922958,19.325278,0.00,GPair,IC
IC 3706,IC 3706,190.949958,9.231139,0.00,**,IC
IC 3707,IC 3707,190.869500,37.982694,0.00,*,IC
IC 3708,IC 3708,190.968958,13.137528,0.00,Other,IC
IC 3709,IC 3709,191.016792,9.063333,14.96,G,IC
IC 3710,IC 3710,191.039375,12.116528,15.74,G,IC
IC 3711,IC 3711,191.039042,11.176611,15.65,G,IC
IC 3712,IC 3712,191.069375,10.374556,0.00,Other,IC
IC 3713,IC 3713,191.013208,41.168917,15.07,G,IC
IC 3714,IC 3714,191.096167,10.188833,15.22,G,IC
IC 3715,IC 3715,191.089208,20.024333,16.54,G,IC
IC 3716,IC 3716,191.188083,8.102167,0.00,Other,IC
IC 3717,IC 3717,191.095667,39.522306,15.97,G,IC
IC 3718,IC 3718,191.191583,12.351444,13.96,G,IC
IC 3719,IC 3719,191.197917,8.106917,16.03,G,IC
IC 3720,IC 3720,191.197833,12.064306,14.98,G,IC
IC 3721,IC 3721,191.221333,18.755250,13.73,G,IC
IC 3722,IC 3722,191.211208,11.778583,0.00,Other,IC
IC 3723,IC 3723,191.127292,40.736889,15.68,G,IC
IC 3724,IC 3724,191.224000,10.282361,15.27,G,IC
IC 3725,IC 3725,191.221333,18.755250,0.00,Dup,IC
IC 3726,IC 3726,191.177458,40.679000,15.39,G,IC
IC 3727,IC 3727,191.273583,10.900889,14.71,G,IC
IC 3728,IC 3728,191.263042,20.974083,16.61,G,IC
IC 3729,IC 3729,191.221333,39.351194,16.32,G,IC
IC 3730,IC 3730,191.277333,21.169583,14.57,G,IC
IC 3731,IC 3731,191.271917,12.446361,16.05,G,IC
IC 3732,IC 3732,191.299833,10.324444,16.35,G,IC
IC 3733,IC 3733,191.319667,6.956889,0.00,*,IC
IC 3734,IC 3734,191.288667,23.039056,17.74,G,IC
IC 3735,IC 3735,191.335083,13.692667,13.94,G,IC
IC 3736,IC 3736,191.329000,21.535750,15.77,G,IC
IC 3737,IC 3737,191.332792,21.958167,0.00,**,IC
IC 3738,IC 3738,191.357250,19.230861,19.08,G,IC
IC 3739,IC 3739,191.384458,12.997361,0.00,Other,IC
IC 3740,IC 3740,191.377583,20.815944,15.57,G,IC
IC 3741,IC 3741,191.388667,19.204139,0.00,**,IC
IC 3742,IC 3742,191.383417,13.332583,14.13,G,IC
IC 3743,IC 3743,191.422083,11.102111,0.00,Other,IC
IC 3744,IC 3744,191.422833,19.500333,16.29,G,IC
IC 3745,IC 3745,191.436917,19.177250,14.93,G,IC
IC 3746,IC 3746,191.382958,37.823556,16.10,G,IC
IC 3747,IC 3747,191.393417,37.968528,0.00,*,IC
IC 3748,IC 3748,191.462167,19.430333,0.00,*,IC
IC 3749,IC 3749,191.464083,19.535583,0.00,*,IC
IC 3750,IC 3750,191.487750,19.103861,0.00,*,IC
IC 3751,IC 3751,191.437917,37.823056,16.60,G,IC
IC 3752,IC 3752,191.517042,19.011444,0.00,**,IC
IC 3753,IC 3753,191.518250,19.121167,0.00,*,IC
IC 3754,IC 3754,191.564750,8.348444,14.54,G,IC
IC 3755,IC 3755,191.539208,19.157250,0.00,**,IC
IC 3756,IC 3756,191.542083,11.914611,16.86,G,IC
IC 3757,IC 3757,191.499083,38.515306,0.00,Other,IC
IC 3758,IC 3758,191.498625,40.774861,15.17,G,IC
IC 3759,IC 3759,191.574042,20.783000,16.31,G,IC
IC 3760,IC 3760,191.576083,11.873583,16.52,G,IC
IC 3761,IC 3761,191.613875,20.289139,17.43,G,IC
IC 3762,IC 3762,191.656667,22.246361,17.80,G,IC
IC 3763,IC 3763,191.691792,21.985111,16.66,G,IC
IC 3764,IC 3764,191.736667,9.857111,0.00,Dup,IC
IC 3765,IC 3765,191.646458,38.573889,0.00,**,IC
IC 3766,IC 3766,191.723000,19.110583,16.99,G,IC
IC 3767,IC 3767,191.731167,10.182417,16.07,G,IC
IC 3768,IC 3768,191.669625,40.597667,0.00,*,IC
IC 3769,IC 3769,191.700292,40.470194,0.00,*,IC
IC 3770,IC 3770,191.815417,9.199111,0.00,*,IC
IC 3771,IC 3771,191.719542,39.173056,16.77,G,IC
IC 3772,IC 3772,191.733708,36.530944,15.59,G,IC
IC 3773,IC 3773,191.813750,10.203583,14.06,G,IC
IC 3774,IC 3774,191.754542,36.288306,15.71,G,IC
IC 3775,IC 3775,191.817083,11.760222,16.20,G,IC
IC 3776,IC 3776,191.800875,22.484611,16.50,G,IC
IC 3777,IC 3777,191.855625,9.143472,0.00,*,IC
IC 3778,IC 3778,191.758208,40.596417,15.25,G,IC
IC 3779,IC 3779,191.836000,12.166417,14.82,G,IC
IC 3780,IC 3780,191.783667,40.236028,0.00,*,IC
IC 3781,IC 3781,191.852375,22.569778,0.00,**,IC
IC 3782,IC 3782,191.815292,40.367750,0.00,*,IC
IC 3783,IC 3783,191.866000,40.566583,15.47,G,IC
IC 3784,IC 3784,191.961250,19.384056,16.77,G,IC
IC 3785,IC 3785,191.967375,19.275222,17.46,G,IC
IC 3786,IC 3786,191.903750,39.046028,16.67,G,IC
IC 3787,IC 3787,191.924375,40.623778,0.00,**,IC
IC 3788,IC 3788,192.030250,18.868861,15.95,G,IC
IC 3789,IC 3789,192.029583,20.194028,16.10,G,IC
IC 3790,IC 3790,192.061042,11.107583,0.00,*,IC
IC 3791,IC 3791,191.883792,54.374833,0.00,Dup,IC
IC 3792,IC 3792,192.059000,11.086333,0.00,**,IC
IC 3793,IC 3793,192.049542,19.151694,17.35,G,IC
IC 3794,IC 3794,192.089625,19.170306,0.00,*,IC
IC 3795,IC 3795,192.021292,40.719639,15.58,G,IC
IC 3796,IC 3796,192.112500,20.037694,0.00,*,IC
IC 3797,IC 3797,192.145458,11.597806,0.00,Other,IC
IC 3798,IC 3798,192.178833,9.241028,0.00,*,IC
IC 3799,IC 3799,192.248500,-14.399222,14.50,G,IC
IC 3800,IC 3800,192.110125,36.575861,0.00,GPair,IC
IC 3801,IC 3801,192.252708,10.955972,0.00,Other,IC
IC 3802,IC 3802,192.177542,38.246444,0.00,*,IC
IC 3803,IC 3803,192.268333,10.631806,0.00,*,IC
IC 3804,IC 3804,192.191125,35.332694,0.00,Dup,IC
IC 3805,IC 3805,192.177625,38.253056,0.00,**,IC
IC 3806,IC 3806,192.230667,14.907889,14.20,G,IC
IC 3807,IC 3807,192.374167,-4.402278,0.00,Other,IC
IC 3808,IC 3808,192.244833,40.595917,17.19,G,IC
IC 3809,IC 3809,192.268792,36.489083,16.29,G,IC
IC 3810,IC 3810,192.263250,40.646639,0.00,*,IC
IC 3811,IC 3811,192.356542,21.462139,0.00,*,IC
IC 3812,IC 3812,192.474167,-6.717444,14.85,G,IC
IC 3813,IC 3813,192.509667,-25.920694,13.79,G,IC
IC 3814,IC 3814,192.385042,20.050472,16.52,G,IC
IC 3815,IC 3815,192.410542,19.275028,16.69,G,IC
IC 3816,IC 3816,192.368625,37.230278,15.66,G,IC
IC 3817,IC 3817,192.431125,22.831361,17.29,G,IC
IC 3818,IC 3818,192.444708,21.752222,16.92,G,IC
IC 3819,IC 3819,192.568208,-14.380750,16.36,G,IC
IC 3820,IC 3820,192.412292,37.117167,16.99,G,IC
IC 3821,IC 3821,192.489792,20.969028,0.00,**,IC
IC 3822,IC 3822,192.594708,-14.321861,15.34,G,IC
IC 3823,IC 3823,192.433250,40.883444,16.70,*,IC
IC 3824,IC 3824,192.627292,-14.425917,15.31,G,IC
IC 3825,IC 3825,192.654375,-14.482806,15.77,G,IC
IC 3826,IC 3826,192.666250,-9.031083,14.26,G,IC
IC 3827,IC 3827,192.717167,-14.491889,14.05,G,IC
IC 3828,IC 3828,192.586250,37.948944,16.06,G,IC
IC 3829,IC 3829,193.055417,-29.840667,11.70,G,IC
IC 3830,IC 3830,192.714042,19.836694,0.00,*,IC
IC 3831,IC 3831,192.827458,-14.573583,14.22,G,IC
IC 3832,IC 3832,192.705000,39.810472,16.17,G,IC
IC 3833,IC 3833,192.884958,-13.330028,0.00,Dup,IC
IC 3834,IC 3834,192.885000,-14.221389,14.20,G,IC
IC 3835,IC 3835,192.732667,40.186750,16.17,G,IC
IC 3836,IC 3836,192.765500,40.184222,16.47,G,IC
IC 3837,IC 3837,192.887542,19.723056,17.02,G,IC
IC 3838,IC 3838,192.717167,-14.491889,0.00,Dup,IC
IC 3839,IC 3839,192.942750,20.420972,0.00,*,IC
IC 3840,IC 3840,192.942083,21.735194,16.02,G,IC
IC 3841,IC 3841,192.960417,22.344500,0.00,**,IC
IC 3842,IC 3842,192.899500,40.371361,16.09,G,IC
IC 3843,IC 3843,192.913292,39.001306,16.54,G,IC
IC 3844,IC 3844,193.027083,39.818250,16.34,G,IC
IC 3845,IC 3845,193.036083,38.619000,0.00,*,IC
IC 3846,IC 3846,193.163417,13.647222,0.00,Other,IC
IC 3847,IC 3847,193.140583,22.064722,17.31,G,IC
IC 3848,IC 3848,193.167458,21.416111,0.00,GPair,IC
IC 3849,IC 3849,193.153458,40.772222,0.00,Other,IC
IC 3850,IC 3850,193.164667,40.103056,15.29,G,IC
IC 3851,IC 3851,193.269708,21.909167,0.00,*,IC
IC 3852,IC 3852,193.263750,35.773444,16.00,G,IC
IC 3853,IC 3853,193.292917,38.829278,17.29,G,IC
IC 3854,IC 3854,193.310583,40.848167,16.59,G,IC
IC 3855,IC 3855,193.344542,36.786000,16.39,G,IC
IC 3856,IC 3856,193.441333,20.092083,16.60,G,IC
IC 3857,IC 3857,193.483583,19.607139,17.51,G,IC
IC 3858,IC 3858,193.481417,20.789028,0.00,*,IC
IC 3859,IC 3859,193.582750,-9.117722,14.84,G,IC
IC 3860,IC 3860,193.527958,19.300722,17.66,G,IC
IC 3861,IC 3861,193.461792,38.281806,16.54,G,IC
IC 3862,IC 3862,193.470667,36.086944,16.45,G,IC
IC 3863,IC 3863,193.474333,38.480444,16.02,G,IC
IC 3864,IC 3864,193.551417,18.951278,18.57,G,IC
IC 3865,IC 3865,193.558958,18.868944,16.49,G,IC
IC 3866,IC 3866,193.563417,22.361833,0.00,GPair,IC
IC 3867,IC 3867,193.581583,18.941806,16.57,G,IC
IC 3868,IC 3868,193.587500,18.990333,17.32,G,IC
IC 3869,IC 3869,193.588625,18.971417,17.01,G,IC
IC 3870,IC 3870,193.589917,22.381694,17.15,G,IC
IC 3871,IC 3871,193.606958,18.929139,16.51,G,IC
IC 3872,IC 3872,193.627333,18.963167,16.54,G,IC
IC 3873,IC 3873,193.631667,18.882667,16.76,G,IC
IC 3874,IC 3874,193.643417,18.957000,16.81,G,IC
IC 3875,IC 3875,193.654875,22.036444,16.74,G,IC
IC 3876,IC 3876,193.701375,19.015333,17.79,G,IC
IC 3877,IC 3877,193.702833,19.178278,13.93,G,IC
IC 3878,IC 3878,193.623167,40.069722,0.00,*,IC
IC 3879,IC 3879,193.632792,38.628556,16.03,G,IC
IC 3880,IC 3880,193.699958,22.502222,17.03,G,IC
IC 3881,IC 3881,193.724792,19.118056,17.35,G,IC
IC 3882,IC 3882,193.723792,22.575583,16.72,G,IC
IC 3883,IC 3883,193.806333,-8.119750,14.18,G,IC
IC 3884,IC 3884,193.740542,19.681278,16.36,G,IC
IC 3885,IC 3885,193.678042,37.154722,16.75,G,IC
IC 3886,IC 3886,193.751250,19.011694,17.75,G,IC
IC 3887,IC 3887,193.682375,40.304639,0.00,**,IC
IC 3888,IC 3888,193.693208,39.571278,15.24,G,IC
IC 3889,IC 3889,193.712083,36.016833,0.00,*,IC
IC 3890,IC 3890,193.709417,37.185306,17.32,G,IC
IC 3891,IC 3891,193.742708,36.052722,16.86,G,IC
IC 3892,IC 3892,193.775167,39.221944,15.39,G,IC
IC 3893,IC 3893,193.781042,38.623861,16.91,G,IC
IC 3894,IC 3894,193.865042,19.069111,0.00,**,IC
IC 3895,IC 3895,193.788458,39.203250,15.79,G,IC
IC 3896,IC 3896,194.180125,-50.346861,11.31,G,IC
IC 3897,IC 3897,193.829583,39.672611,16.57,G,IC
IC 3898,IC 3898,193.849333,37.582889,17.23,G,IC
IC 3899,IC 3899,193.919417,20.636444,17.06,G,IC
IC 3900,IC 3900,193.922083,27.250750,14.82,G,IC
IC 3901,IC 3901,193.960417,21.939028,0.00,*,IC
IC 3902,IC 3902,193.910750,35.995833,0.00,*,IC
IC 3903,IC 3903,193.911417,40.399667,0.00,*,IC
IC 3904,IC 3904,193.940000,36.293417,15.71,G,IC
IC 3905,IC 3905,194.035792,19.852083,0.00,GTrpl,IC
IC 3906,IC 3906,193.962750,40.463861,0.00,*,IC
IC 3907,IC 3907,194.075750,18.784028,17.51,G,IC
IC 3908,IC 3908,194.169250,-7.562778,13.33,G,IC
IC 3909,IC 3909,194.011750,40.385444,16.64,G,IC
IC 3910,IC 3910,194.018875,39.719889,0.00,**,IC
IC 3911,IC 3911,194.039292,35.638250,0.00,GPair,IC
IC 3912,IC 3912,194.031417,39.910667,0.00,*,IC
IC 3913,IC 3913,194.119042,27.291278,15.56,G,IC
IC 3914,IC 3914,194.094917,36.360917,17.29,G,IC
IC 3915,IC 3915,194.162583,20.291694,0.00,*,IC
IC 3916,IC 3916,194.129875,38.613444,15.36,G,IC
IC 3917,IC 3917,194.215125,22.006056,0.00,*,IC
IC 3918,IC 3918,194.223083,22.373611,15.62,G,IC
IC 3919,IC 3919,194.202958,38.588750,15.87,G,IC
IC 3920,IC 3920,194.208542,39.958667,15.82,G,IC
IC 3921,IC 3921,194.236042,38.639500,16.12,G,IC
IC 3922,IC 3922,194.239583,38.478278,16.12,G,IC
IC 3923,IC 3923,194.254708,37.955722,0.00,**,IC
IC 3924,IC 3924,194.353667,18.781528,18.11,G,IC
IC 3925,IC 3925,194.313000,36.422000,0.00,**,IC
IC 3926,IC 3926,194.376708,22.811944,0.00,*,IC
IC 3927,IC 3927,194.543292,-22.876028,13.73,G,IC
IC 3928,IC 3928,194.326208,40.441611,17.00,G,IC
IC 3929,IC 3929,194.421208,20.396889,17.08,G,IC
IC 3930,IC 3930,194.343292,38.764917,16.23,G,IC
IC 3931,IC 3931,194.488333,19.617639,16.08,G,IC
IC 3932,IC 3932,194.522083,19.583444,0.00,*,IC
IC 3933,IC 3933,194.488333,36.645056,0.00,*,IC
IC 3934,IC 3934,194.573167,18.825417,16.47,G,IC
IC 3935,IC 3935,194.552833,26.396889,0.00,Dup,IC
IC 3936,IC 3936,194.583042,19.058278,0.00,Other,IC
IC 3937,IC 3937,194.603083,18.818667,16.63,G,IC
IC 3938,IC 3938,194.605667,18.752639,0.00,*,IC
IC 3939,IC 3939,194.616750,18.751861,0.00,*,IC
IC 3940,IC 3940,194.568625,35.838944,15.66,G,IC
IC 3941,IC 3941,194.557958,39.772833,16.41,G,IC
IC 3942,IC 3942,194.582875,36.108750,0.00,*,IC
IC 3943,IC 3943,194.651458,28.113750,14.13,G,IC
IC 3944,IC 3944,194.686458,23.781056,16.10,G,IC
IC 3945,IC 3945,194.623458,39.935917,16.07,G,IC
IC 3946,IC 3946,194.703000,27.810389,13.99,G,IC
IC 3947,IC 3947,194.717083,27.785056,14.61,G,IC
IC 3948,IC 3948,194.742292,24.061361,17.57,G,IC
IC 3949,IC 3949,194.733375,27.833361,14.24,G,IC
IC 3950,IC 3950,194.775500,18.735611,16.48,G,IC
IC 3951,IC 3951,194.792500,18.764278,16.53,G,IC
IC 3952,IC 3952,194.717292,38.869500,16.68,G,IC
IC 3953,IC 3953,194.788000,23.086611,16.89,G,IC
IC 3954,IC 3954,194.802708,19.272944,17.08,G,IC
IC 3955,IC 3955,194.775125,27.996694,14.40,G,IC
IC 3956,IC 3956,194.734917,37.398167,15.92,G,IC
IC 3957,IC 3957,194.781208,27.767778,14.72,G,IC
IC 3958,IC 3958,194.797542,24.022278,16.71,G,IC
IC 3959,IC 3959,194.784167,27.784139,14.03,G,IC
IC 3960,IC 3960,194.783167,27.855000,14.86,G,IC
IC 3961,IC 3961,194.759750,34.859444,0.00,Dup,IC
IC 3962,IC 3962,194.812417,23.668000,0.00,*,IC
IC 3963,IC 3963,194.806250,27.774611,14.72,G,IC
IC 3964,IC 3964,194.807208,27.850944,15.91,*,IC
IC 3965,IC 3965,194.844500,18.842944,17.15,G,IC
IC 3966,IC 3966,194.804667,35.855333,15.43,G,IC
IC 3967,IC 3967,194.803750,36.129278,15.58,G,IC
IC 3968,IC 3968,194.856208,27.973194,15.32,G,IC
IC 3969,IC 3969,194.887125,19.652000,0.00,GTrpl,IC
IC 3970,IC 3970,194.797625,40.401917,0.00,*,IC
IC 3971,IC 3971,194.882458,22.844806,16.68,G,IC
IC 3972,IC 3972,194.821458,37.279139,0.00,*,IC
IC 3973,IC 3973,194.878417,27.884222,14.36,G,IC
IC 3974,IC 3974,196.334167,-35.337417,0.00,Dup,IC
IC 3975,IC 3975,194.815375,38.882750,15.13,G,IC
IC 3976,IC 3976,194.872500,27.850139,14.72,G,IC
IC 3977,IC 3977,194.831917,36.798083,0.00,*,IC
IC 3978,IC 3978,194.906042,19.622222,18.62,G,IC
IC 3979,IC 3979,194.836458,36.324333,0.00,*,IC
IC 3980,IC 3980,194.827500,39.151250,16.82,G,IC
IC 3981,IC 3981,194.839375,37.227806,0.00,*,IC
IC 3982,IC 3982,194.827458,40.080528,0.00,*,IC
IC 3983,IC 3983,194.835458,39.246639,0.00,**,IC
IC 3984,IC 3984,194.917750,19.623083,17.66,G,IC
IC 3985,IC 3985,194.929792,19.591111,16.44,G,IC
IC 3986,IC 3986,195.383917,-32.291056,13.35,G,IC
IC 3987,IC 3987,194.854333,38.733444,15.63,G,IC
IC 3988,IC 3988,194.861750,37.244972,0.00,*,IC
IC 3989,IC 3989,194.869750,36.756583,0.00,*,IC
IC 3990,IC 3990,194.912958,28.895528,14.00,G,IC
IC 3991,IC 3991,194.915792,28.926583,14.36,G,IC
IC 3992,IC 3992,194.888708,36.771833,0.00,*,IC
IC 3993,IC 3993,194.876958,40.601778,15.90,G,IC
IC 3994,IC 3994,194.961833,22.716750,17.22,G,IC
IC 3995,IC 3995,194.891375,39.039778,0.00,*,IC
IC 3996,IC 3996,194.881250,40.467556,0.00,**,IC
IC 3997,IC 3997,194.903875,36.695667,16.88,G,IC
IC 3998,IC 3998,194.944917,27.973861,14.57,G,IC
IC 3999,IC 3999,194.878417,-14.132333,0.00,Dup,IC
IC 4000,IC 4000,194.902583,39.587750,17.14,G,IC
IC 4001,IC 4001,194.908042,38.870250,15.74,G,IC
IC 4002,IC 4002,194.919208,36.763472,17.14,G,IC
IC 4003,IC 4003,194.913875,38.815583,15.10,G,IC
IC 4004,IC 4004,194.928208,38.811306,15.41,G,IC
IC 4005,IC 4005,195.010583,22.639917,0.00,**,IC
IC 4006,IC 4006,194.953000,37.011083,0.00,*,IC
IC 4007,IC 4007,195.029125,19.964667,16.33,G,IC
IC 4008,IC 4008,195.023917,22.350500,0.00,**,IC
IC 4009,IC 4009,194.970000,36.660750,0.00,*,IC
IC 4010,IC 4010,194.975167,37.859111,16.31,G,IC
IC 4011,IC 4011,195.026625,28.004139,15.10,G,IC
IC 4012,IC 4012,195.033292,28.078556,14.93,G,IC
IC 4013,IC 4013,194.990958,37.199389,0.00,*,IC
IC 4014,IC 4014,195.057917,22.499611,16.76,G,IC
IC 4015,IC 4015,194.998375,37.193389,0.00,Dup,IC
IC 4016,IC 4016,194.999333,37.188139,0.00,Dup,IC
IC 4017,IC 4017,195.066333,22.555694,17.44,G,IC
IC 4018,IC 4018,194.989333,40.488722,17.01,G,IC
IC 4019,IC 4019,195.072625,23.720833,0.00,**,IC
IC 4020,IC 4020,195.014167,38.609889,16.59,G,IC
IC 4021,IC 4021,195.061417,28.041306,14.69,G,IC
IC 4022,IC 4022,195.020542,38.478917,0.00,*,IC
IC 4023,IC 4023,195.110583,19.097333,16.60,G,IC
IC 4024,IC 4024,195.016542,40.509139,0.00,*,IC
IC 4025,IC 4025,195.118167,19.105028,16.60,G,IC
IC 4026,IC 4026,195.092250,28.047000,14.59,G,IC
IC 4027,IC 4027,195.056750,37.141417,16.31,G,IC
IC 4028,IC 4028,195.067208,36.254111,15.38,G,IC
IC 4029,IC 4029,195.059167,38.759722,16.57,G,IC
IC 4030,IC 4030,195.116542,27.955972,15.39,G,IC
IC 4031,IC 4031,195.064500,39.144944,16.42,G,IC
IC 4032,IC 4032,195.106875,28.867806,14.68,G,IC
IC 4033,IC 4033,195.118292,27.972417,15.21,G,IC
IC 4034,IC 4034,195.081625,37.046194,16.26,G,IC
IC 4035,IC 4035,195.072250,40.301444,0.00,GPair,IC
IC 4036,IC 4036,195.086458,36.909056,0.00,*,IC
IC 4037,IC 4037,195.080917,39.002639,16.54,G,IC
IC 4038,IC 4038,195.090708,37.039361,16.18,G,IC
IC 4039,IC 4039,195.164083,21.691722,16.04,G,IC
IC 4040,IC 4040,195.158042,28.057361,14.82,G,IC
IC 4041,IC 4041,195.170208,27.996611,14.42,G,IC
IC 4042,IC 4042,195.178208,27.971389,14.13,G,IC
IC 4043,IC 4043,195.144500,37.071917,16.46,G,IC
IC 4044,IC 4044,195.197542,27.922167,15.47,G,IC
IC 4045,IC 4045,195.202667,28.090778,13.88,G,IC
IC 4046,IC 4046,195.164292,36.685917,0.00,*,IC
IC 4047,IC 4047,195.240375,19.687000,15.63,G,IC
IC 4048,IC 4048,195.158958,39.830972,16.84,G,IC
IC 4049,IC 4049,195.177750,36.345556,15.02,G,IC
IC 4050,IC 4050,195.182583,36.739861,0.00,**,IC
IC 4051,IC 4051,195.214833,28.042806,13.61,G,IC
IC 4052,IC 4052,195.174667,39.667639,0.00,**,IC
IC 4053,IC 4053,195.255458,22.924722,0.00,*,IC
IC 4054,IC 4054,195.255667,22.905028,0.00,*,IC
IC 4055,IC 4055,195.260958,22.908556,0.00,Other,IC
IC 4056,IC 4056,195.184542,39.754139,15.96,G,IC
IC 4057,IC 4057,195.271917,23.157694,0.00,*,IC
IC 4058,IC 4058,195.288917,19.494167,16.34,G,IC
IC 4059,IC 4059,195.314458,19.273556,17.00,G,IC
IC 4060,IC 4060,195.219000,40.584556,15.11,G,IC
IC 4061,IC 4061,195.240167,39.582750,0.00,GPair,IC
IC 4062,IC 4062,195.244333,39.858944,14.89,G,IC
IC 4063,IC 4063,195.277708,39.245194,16.92,G,IC
IC 4064,IC 4064,195.278042,39.841472,14.38,G,IC
IC 4065,IC 4065,195.295792,39.744472,15.32,G,IC
IC 4066,IC 4066,195.417333,19.272611,0.00,*,IC
IC 4067,IC 4067,195.333750,39.940361,16.30,G,IC
IC 4068,IC 4068,195.334083,39.899056,15.87,G,IC
IC 4069,IC 4069,195.353250,36.112722,16.85,G,IC
IC 4070,IC 4070,195.430375,19.301944,16.21,G,IC
IC 4071,IC 4071,195.517042,-7.603194,14.70,G,IC
IC 4072,IC 4072,195.357667,37.353722,0.00,*,IC
IC 4073,IC 4073,195.357125,39.914278,15.45,G,IC
IC 4074,IC 4074,195.454083,19.008861,16.90,G,IC
IC 4075,IC 4075,195.452333,19.965000,16.80,G,IC
IC 4076,IC 4076,195.452458,23.389111,16.75,G,IC
IC 4077,IC 4077,195.391875,37.386222,16.22,G,IC
IC 4078,IC 4078,195.398583,36.593222,0.00,**,IC
IC 4079,IC 4079,195.486625,19.248806,17.41,G,IC
IC 4080,IC 4080,195.490833,19.254694,0.00,GPair,IC
IC 4081,IC 4081,195.480417,22.771028,16.59,G,IC
IC 4082,IC 4082,195.412875,37.341639,16.57,G,IC
IC 4083,IC 4083,195.412125,38.142361,16.29,G,IC
IC 4084,IC 4084,195.420958,36.965667,0.00,**,IC
IC 4085,IC 4085,195.409125,39.702694,16.01,G,IC
IC 4086,IC 4086,195.428500,36.648417,15.66,G,IC
IC 4087,IC 4087,195.501708,19.995194,17.04,G,IC
IC 4088,IC 4088,195.430708,29.044667,0.00,Dup,IC
IC 4089,IC 4089,195.507708,19.502889,17.44,G,IC
IC 4090,IC 4090,195.442917,36.837944,0.00,*,IC
IC 4091,IC 4091,195.554000,19.893000,16.85,G,IC
IC 4092,IC 4092,195.556792,19.184167,0.00,*,IC
IC 4093,IC 4093,195.516625,28.994750,0.00,Other,IC
IC 4094,IC 4094,195.494125,37.795028,16.30,G,IC
IC 4095,IC 4095,195.584917,19.099694,16.25,G,IC
IC 4096,IC 4096,195.570667,24.010833,16.70,G,IC
IC 4097,IC 4097,195.520583,36.605444,0.00,*,IC
IC 4098,IC 4098,195.516000,37.980889,16.33,G,IC
IC 4099,IC 4099,195.596792,24.029167,16.38,G,IC
IC 4100,IC 4100,195.520458,40.408361,14.81,G,IC
IC 4101,IC 4101,195.557292,39.940361,0.00,*,IC
IC 4102,IC 4102,195.574958,36.152444,16.97,G,IC
IC 4103,IC 4103,195.579375,38.017500,15.88,G,IC
IC 4104,IC 4104,195.575500,38.592417,15.95,G,IC
IC 4105,IC 4105,195.579167,38.271278,16.47,G,IC
IC 4106,IC 4106,195.660167,28.114583,15.39,G,IC
IC 4107,IC 4107,195.674458,21.997389,16.62,G,IC
IC 4108,IC 4108,195.631375,38.478500,15.40,G,IC
IC 4109,IC 4109,195.741542,19.003694,0.00,*,IC
IC 4110,IC 4110,195.742875,19.226972,16.57,G,IC
IC 4111,IC 4111,195.735708,28.070417,15.64,G,IC
IC 4112,IC 4112,195.688167,37.212167,0.00,*,IC
IC 4113,IC 4113,195.763792,20.473389,16.69,G,IC
IC 4114,IC 4114,195.674292,40.104528,16.56,G,IC
IC 4115,IC 4115,195.703042,37.223222,15.87,G,IC
IC 4116,IC 4116,195.792167,19.083361,0.00,*,IC
IC 4117,IC 4117,195.702500,40.524889,0.00,*,IC
IC 4118,IC 4118,195.715417,38.292944,15.38,G,IC
IC 4119,IC 4119,195.813208,19.232778,17.44,G,IC
IC 4120,IC 4120,195.756458,37.081667,0.00,*,IC
IC 4121,IC 4121,195.839667,19.282306,0.00,*,IC
IC 4122,IC 4122,195.851792,20.196917,14.16,G,IC
IC 4123,IC 4123,195.774250,38.314472,15.60,G,IC
IC 4124,IC 4124,195.881542,22.846806,16.82,G,IC
IC 4125,IC 4125,195.895708,18.803389,15.75,G,IC
IC 4126,IC 4126,195.901875,19.323444,0.00,*,IC
IC 4127,IC 4127,195.822500,38.046917,15.93,G,IC
IC 4128,IC 4128,195.921833,20.216639,16.40,G,IC
IC 4129,IC 4129,195.933208,18.877139,17.04,G,IC
IC 4130,IC 4130,195.944125,19.271528,14.30,G,IC
IC 4131,IC 4131,195.856583,38.951278,16.39,G,IC
IC 4132,IC 4132,195.891000,38.377583,0.00,*,IC
IC 4133,IC 4133,195.961667,27.988389,15.34,G,IC
IC 4134,IC 4134,195.517292,-11.378417,0.00,Dup,IC
IC 4135,IC 4135,195.905792,40.248972,16.06,G,IC
IC 4136,IC 4136,196.079625,-7.649444,0.00,Dup,IC
IC 4137,IC 4137,195.997083,22.739972,16.52,G,IC
IC 4138,IC 4138,196.008792,20.665500,16.61,G,IC
IC 4139,IC 4139,196.017292,19.294972,15.41,G,IC
IC 4140,IC 4140,196.025167,20.096361,17.54,G,IC
IC 4141,IC 4141,196.032208,19.210639,15.31,G,IC
IC 4142,IC 4142,195.946625,38.195083,0.00,*,IC
IC 4143,IC 4143,195.939583,40.207083,0.00,*,IC
IC 4144,IC 4144,195.958625,36.943389,15.88,G,IC
IC 4145,IC 4145,195.957375,38.286583,16.75,G,IC
IC 4146,IC 4146,196.043250,19.278250,15.93,G,IC
IC 4147,IC 4147,196.039292,20.250889,17.35,G,IC
IC 4148,IC 4148,196.044542,19.259167,16.70,G,IC
IC 4149,IC 4149,196.045083,22.289667,15.50,G,IC
IC 4150,IC 4150,196.054333,21.986722,0.00,*,IC
IC 4151,IC 4151,195.995583,36.857889,0.00,GTrpl,IC
IC 4152,IC 4152,195.993583,38.198611,15.92,G,IC
IC 4153,IC 4153,196.110708,19.044972,0.00,*,IC
IC 4154,IC 4154,196.117792,23.575028,15.50,G,IC
IC 4155,IC 4155,196.037083,40.015444,0.00,*,IC
IC 4156,IC 4156,196.233167,-7.947694,0.00,Dup,IC
IC 4157,IC 4157,196.077417,38.663583,0.00,*,IC
IC 4158,IC 4158,196.102667,36.479889,15.74,G,IC
IC 4159,IC 4159,196.191625,22.242139,17.20,G,IC
IC 4160,IC 4160,196.200250,22.892472,16.90,G,IC
IC 4161,IC 4161,196.147167,39.977472,16.04,G,IC
IC 4162,IC 4162,196.262458,20.554806,16.97,G,IC
IC 4163,IC 4163,196.283375,20.770722,16.39,G,IC
IC 4164,IC 4164,196.310375,20.547111,16.81,G,IC
IC 4165,IC 4165,196.237333,39.924917,17.95,G,IC
IC 4166,IC 4166,196.327458,31.442306,15.15,G,IC
IC 4167,IC 4167,196.378125,21.910028,16.82,G,IC
IC 4168,IC 4168,196.294625,40.049694,15.36,G,IC
IC 4169,IC 4169,196.300375,38.772472,0.00,GPair,IC
IC 4170,IC 4170,196.395208,21.135028,0.00,GPair,IC
IC 4171,IC 4171,196.328375,36.102889,15.92,G,IC
IC 4172,IC 4172,196.639000,22.850389,16.21,G,IC
IC 4173,IC 4173,195.978042,-11.505056,0.00,Dup,IC
IC 4174,IC 4174,196.369000,36.396417,0.00,*,IC
IC 4175,IC 4175,196.447792,20.374694,16.84,G,IC
IC 4176,IC 4176,195.986417,-11.498056,0.00,Dup,IC
IC 4177,IC 4177,196.620625,-13.571639,14.96,G,IC
IC 4178,IC 4178,196.422917,36.017472,16.19,G,IC
IC 4179,IC 4179,196.441250,37.197806,0.00,*,IC
IC 4180,IC 4180,196.735375,-23.917111,13.60,G,IC
IC 4181,IC 4181,196.526750,21.493889,16.15,G,IC
IC 4182,IC 4182,196.456417,37.604889,11.61,G,IC
IC 4183,IC 4183,196.548167,21.504361,16.72,G,IC
IC 4184,IC 4184,196.465708,38.837389,15.54,G,IC
IC 4185,IC 4185,196.552667,21.773028,0.00,GPair,IC
IC 4186,IC 4186,196.489000,36.986056,0.00,**,IC
IC 4187,IC 4187,196.498417,36.298472,15.53,G,IC
IC 4188,IC 4188,196.509708,36.328222,16.36,G,IC
IC 4189,IC 4189,196.514792,35.980333,14.42,G,IC
IC 4190,IC 4190,196.526583,37.610028,0.00,*,IC
IC 4191,IC 4191,197.196792,-67.643750,10.60,PN,IC
IC 4192,IC 4192,196.535833,37.605556,0.00,Other,IC
IC 4193,IC 4193,196.526375,39.423611,15.51,G,IC
IC 4194,IC 4194,196.532458,38.873583,0.00,*,IC
IC 4195,IC 4195,196.564292,37.039778,0.00,*,IC
IC 4196,IC 4196,196.890583,-24.008556,0.00,Dup,IC
IC 4197,IC 4197,197.018042,-23.796861,12.48,G,IC
IC 4198,IC 4198,196.928417,24.810583,0.00,Dup,IC
IC 4199,IC 4199,196.886125,35.859833,0.00,*,IC
IC 4200,IC 4200,197.394833,-51.968583,13.82,G,IC
IC 4201,IC 4201,196.963417,35.834861,15.50,G,IC
IC 4202,IC 4202,197.131583,24.700778,14.96,G,IC
IC 4203,IC 4203,197.079458,40.427889,0.00,*,IC
IC 4204,IC 4204,197.089917,39.461167,15.93,G,IC
IC 4205,IC 4205,197.173875,52.774278,0.00,Dup,IC
IC 4206,IC 4206,197.341417,39.022250,0.00,*,IC
IC 4207,IC 4207,197.361375,37.822944,16.61,G,IC
IC 4208,IC 4208,197.408292,37.255583,0.00,*,IC
IC 4209,IC 4209,197.593708,-7.170694,14.48,G,IC
IC 4210,IC 4210,197.698542,29.709889,0.00,Dup,IC
IC 4211,IC 4211,197.735333,37.176250,0.00,*,IC
IC 4212,IC 4212,198.012458,-6.992500,13.69,G,IC
IC 4213,IC 4213,198.046750,35.669694,13.98,G,IC
IC 4214,IC 4214,199.427875,-32.101694,11.40,G,IC
IC 4215,IC 4215,199.070125,25.405222,13.88,G,IC
IC 4216,IC 4216,199.257792,-10.770000,13.69,G,IC
IC 4217,IC 4217,199.305333,-13.154083,15.26,G,IC
IC 4218,IC 4218,199.264208,-2.261278,14.73,G,IC
IC 4219,IC 4219,199.623917,-31.630889,12.99,G,IC
IC 4220,IC 4220,199.476333,-13.605472,14.89,G,IC
IC 4221,IC 4221,199.626458,-14.608889,13.58,G,IC
IC 4222,IC 4222,199.919042,-27.428972,0.00,Dup,IC
IC 4223,IC 4223,199.730042,7.795500,15.38,G,IC
IC 4224,IC 4224,199.771042,-2.515306,14.84,G,IC
IC 4225,IC 4225,200.003958,31.981389,14.97,G,IC
IC 4226,IC 4226,200.126708,32.003917,15.12,G,IC
IC 4227,IC 4227,200.222833,32.190778,15.55,G,IC
IC 4228,IC 4228,200.392083,25.516250,15.12,G,IC
IC 4229,IC 4229,200.608875,-2.418278,14.30,G,IC
IC 4230,IC 4230,200.496667,26.733861,15.06,G,IC
IC 4231,IC 4231,200.805750,-26.300389,14.29,G,IC
IC 4232,IC 4232,200.843542,-26.109500,14.57,G,IC
IC 4233,IC 4233,201.210125,-30.307528,0.00,Dup,IC
IC 4234,IC 4234,200.749458,27.116417,14.76,G,IC
IC 4235,IC 4235,200.970708,-12.743361,16.13,G,IC
IC 4236,IC 4236,200.864375,6.392556,0.00,Dup,IC
IC 4237,IC 4237,201.136500,-21.136833,13.22,G,IC
IC 4238,IC 4238,200.999792,30.932417,15.93,G,IC
IC 4239,IC 4239,201.105958,30.959278,15.19,G,IC
IC 4240,IC 4240,201.114833,30.977917,15.87,G,IC
IC 4241,IC 4241,201.193958,26.738417,15.38,G,IC
IC 4242,IC 4242,201.170500,31.026500,16.02,G,IC
IC 4243,IC 4243,201.463500,-27.626889,15.19,G,IC
IC 4244,IC 4244,201.234458,26.463528,15.42,G,IC
IC 4245,IC 4245,201.496042,-26.677722,15.25,G,IC
IC 4246,IC 4246,201.501042,-26.678056,15.34,G,IC
IC 4247,IC 4247,201.685125,-30.362417,14.28,G,IC
IC 4248,IC 4248,201.696750,-29.881361,14.80,G,IC
IC 4249,IC 4249,201.777333,-27.956389,13.92,G,IC
IC 4250,IC 4250,201.537250,26.477167,15.55,G,IC
IC 4251,IC 4251,201.851167,-29.444361,14.97,G,IC
IC 4252,IC 4252,201.866667,-27.324778,13.05,G,IC
IC 4253,IC 4253,201.884875,-27.872139,14.80,G,IC
IC 4254,IC 4254,201.939042,-27.222528,15.60,G,IC
IC 4255,IC 4255,202.000500,-27.354306,13.37,G,IC
IC 4256,IC 4256,201.763292,30.976833,15.50,G,IC
IC 4257,IC 4257,201.834708,46.867000,0.00,Other,IC
IC 4258,IC 4258,201.971917,28.508194,15.08,G,IC
IC 4259,IC 4259,202.367292,-30.134944,15.39,G,IC
IC 4260,IC 4260,202.418417,-28.266083,15.68,G,IC
IC 4261,IC 4261,202.448583,-28.006361,14.74,G,IC
IC 4262,IC 4262,202.596250,-28.270583,15.62,G,IC
IC 4263,IC 4263,202.138292,46.927194,15.22,G,IC
IC 4264,IC 4264,202.573833,-27.928444,14.96,G,IC
IC 4265,IC 4265,202.595708,-25.765556,15.47,G,IC
IC 4266,IC 4266,202.273458,37.611750,16.17,G,IC
IC 4267,IC 4267,202.650417,-26.256056,15.20,G,IC
IC 4268,IC 4268,202.301375,37.660500,16.28,G,IC
IC 4269,IC 4269,202.337667,37.623083,0.00,G,IC
IC 4270,IC 4270,202.704542,-25.333667,14.69,G,IC
IC 4271,IC 4271,202.339167,37.411667,0.00,GPair,IC
IC 4272,IC 4272,202.819000,-29.957361,15.66,G,IC
IC 4273,IC 4273,202.874417,-28.893444,15.25,G,IC
IC 4274,IC 4274,203.387125,-65.974056,0.00,Dup,IC
IC 4275,IC 4275,202.963750,-29.732389,16.60,G,IC
IC 4276,IC 4276,203.026083,-28.156833,15.37,G,IC
IC 4277,IC 4277,202.569667,47.314167,0.00,G,IC
IC 4278,IC 4278,202.614792,47.246889,17.79,G,IC
IC 4279,IC 4279,203.129042,-27.127472,15.48,G,IC
IC 4280,IC 4280,203.222500,-24.207139,12.84,G,IC
IC 4281,IC 4281,203.159375,-27.169639,14.48,G,IC
IC 4282,IC 4282,202.832375,47.183861,17.83,G,IC
IC 4283,IC 4283,203.044500,28.389111,15.36,G,IC
IC 4284,IC 4284,202.883083,46.795111,17.27,G,IC
IC 4285,IC 4285,202.939750,46.821611,17.88,G,IC
IC 4286,IC 4286,203.398542,-27.631222,15.96,G,IC
IC 4287,IC 4287,203.162500,25.441111,0.00,GPair,IC
IC 4288,IC 4288,203.626750,-27.304222,14.76,G,IC
IC 4289,IC 4289,203.699208,-27.127083,14.35,G,IC
IC 4290,IC 4290,203.831583,-28.021806,13.32,G,IC
IC 4291,IC 4291,204.235042,-62.093111,9.70,OCl,IC
IC 4292,IC 4292,203.944167,-27.673861,15.20,G,IC
IC 4293,IC 4293,204.009417,-25.882306,13.50,G,IC
IC 4294,IC 4294,204.130125,-28.781139,15.62,G,IC
IC 4295,IC 4295,204.143583,-29.089444,15.12,G,IC
IC 4296,IC 4296,204.162625,-33.965833,10.51,G,IC
IC 4297,IC 4297,203.830208,26.424778,15.57,G,IC
IC 4298,IC 4298,204.144708,-26.553861,14.17,G,IC
IC 4299,IC 4299,204.197833,-34.065806,12.66,G,IC
IC 4300,IC 4300,203.855000,33.419806,15.74,G,IC
IC 4301,IC 4301,203.899167,33.374500,15.77,G,IC
IC 4302,IC 4302,203.899792,33.479583,16.14,G,IC
IC 4303,IC 4303,204.325917,-28.657972,15.26,G,IC
IC 4304,IC 4304,203.991167,33.430028,14.74,G,IC
IC 4305,IC 4305,203.993208,33.473917,14.80,G,IC
IC 4306,IC 4306,204.081833,33.423444,15.43,G,IC
IC 4307,IC 4307,204.150708,27.242194,15.08,G,IC
IC 4308,IC 4308,204.218167,32.733361,0.00,Other,IC
IC 4309,IC 4309,204.708500,-29.662722,15.47,G,IC
IC 4310,IC 4310,204.738083,-25.845722,13.33,G,IC
IC 4311,IC 4311,205.033167,-51.036139,14.07,G,IC
IC 4312,IC 4312,205.128750,-51.070889,13.42,G,IC
IC 4313,IC 4313,204.586292,26.759778,16.02,G,IC
IC 4314,IC 4314,204.604458,26.742500,14.94,G,IC
IC 4315,IC 4315,205.013292,-25.474556,15.05,G,IC
IC 4316,IC 4316,205.076708,-28.892222,13.97,G,IC
IC 4317,IC 4317,205.440917,27.106361,16.21,G,IC
IC 4318,IC 4318,205.844542,-28.967944,14.54,G,IC
IC 4319,IC 4319,205.860708,-29.803472,14.32,G,IC
IC 4320,IC 4320,206.015500,-27.231694,14.25,G,IC
IC 4321,IC 4321,206.130208,-30.139583,15.16,G,IC
IC 4322,IC 4322,205.933958,25.392139,15.50,G,IC
IC 4323,IC 4323,206.278667,-28.651250,15.91,G,IC
IC 4324,IC 4324,206.363792,-30.227222,14.82,G,IC
IC 4325,IC 4325,206.915208,-29.434361,14.75,G,IC
IC 4326,IC 4326,207.089542,-29.626389,14.40,G,IC
IC 4327,IC 4327,207.182500,-30.217500,13.91,G,IC
IC 4328,IC 4328,207.262083,-29.937028,14.92,G,IC
IC 4329,IC 4329,207.272125,-30.295861,10.97,G,IC
IC 4330,IC 4330,206.811875,-28.331806,14.72,G,IC
IC 4331,IC 4331,207.352542,25.154667,15.73,G,IC
IC 4332,IC 4332,207.468958,25.190889,15.30,G,IC
IC 4333,IC 4333,211.335792,-84.272694,14.80,G,IC
IC 4334,IC 4334,207.451125,29.694083,15.51,G,IC
IC 4335,IC 4335,207.437792,33.673639,0.00,*,IC
IC 4336,IC 4336,207.680708,39.706778,14.00,G,IC
IC 4337,IC 4337,208.080333,14.271917,15.22,G,IC
IC 4338,IC 4338,208.226917,-1.114639,0.00,Dup,IC
IC 4339,IC 4339,208.370125,37.539028,11.50,*,IC
IC 4340,IC 4340,208.389708,37.386972,14.58,G,IC
IC 4341,IC 4341,208.392708,37.522250,14.78,G,IC
IC 4342,IC 4342,208.592125,25.153083,15.26,G,IC
IC 4343,IC 4343,208.732500,25.122639,15.13,G,IC
IC 4344,IC 4344,208.802458,25.021444,14.98,G,IC
IC 4345,IC 4345,208.805792,25.051806,14.23,G,IC
IC 4346,IC 4346,208.919042,25.153056,14.98,G,IC
IC 4347,IC 4347,209.432792,-39.978417,0.00,Dup,IC
IC 4348,IC 4348,208.937875,25.203111,15.59,G,IC
IC 4349,IC 4349,208.943083,25.151917,15.13,G,IC
IC 4350,IC 4350,209.308000,-25.245806,13.71,G,IC
IC 4351,IC 4351,209.476083,-29.315722,11.62,G,IC
IC 4352,IC 4352,209.604667,-34.517333,13.58,G,IC
IC 4353,IC 4353,209.265417,37.729056,0.00,Other,IC
IC 4354,IC 4354,209.628750,-12.605361,15.33,G,IC
IC 4355,IC 4355,209.525500,28.422694,15.17,G,IC
IC 4356,IC 4356,209.687917,37.490667,15.86,G,IC
IC 4357,IC 4357,210.182042,31.894167,14.83,G,IC
IC 4358,IC 4358,210.892417,-10.151250,14.92,G,IC
IC 4359,IC 4359,211.347208,-45.269778,13.81,G,IC
IC 4360,IC 4360,211.088917,-11.424833,15.88,G,IC
IC 4361,IC 4361,211.031125,-9.768889,0.00,G,IC
IC 4362,IC 4362,211.342583,-41.818972,13.43,G,IC
IC 4363,IC 4363,211.051250,-9.641639,15.09,G,IC
IC 4364,IC 4364,211.082167,-9.993278,14.76,G,IC
IC 4365,IC 4365,210.947250,9.523694,0.00,Dup,IC
IC 4366,IC 4366,211.297833,-33.760111,12.74,G,IC
IC 4367,IC 4367,211.402417,-39.203361,13.01,G,IC
IC 4368,IC 4368,211.193500,-9.962250,14.95,G,IC
IC 4369,IC 4369,211.024458,33.320722,16.20,G,IC
IC 4370,IC 4370,211.041083,33.346000,15.88,G,IC
IC 4371,IC 4371,211.045292,33.307806,15.13,G,IC
IC 4372,IC 4372,211.442042,-10.900083,16.18,G,IC
IC 4373,IC 4373,211.429875,25.231361,15.26,G,IC
IC 4374,IC 4374,211.874000,-27.017861,13.68,G,IC
IC 4375,IC 4375,212.012958,-33.314917,0.00,Dup,IC
IC 4376,IC 4376,212.710292,-30.792750,0.00,Other,IC
IC 4377,IC 4377,214.245042,-75.647194,13.95,G,IC
IC 4378,IC 4378,213.039875,-34.265333,14.55,G,IC
IC 4379,IC 4379,213.042667,-34.272722,15.52,G,IC
IC 4380,IC 4380,212.508833,37.549861,15.18,G,IC
IC 4381,IC 4381,212.738500,25.497222,0.00,Dup,IC
IC 4382,IC 4382,212.760583,25.519361,15.46,G,IC
IC 4383,IC 4383,213.053000,15.868889,0.00,Dup,IC
IC 4384,IC 4384,212.983417,27.113917,14.91,G,IC
IC 4385,IC 4385,213.632167,-42.323611,0.00,Other,IC
IC 4386,IC 4386,213.759875,-43.961333,12.75,G,IC
IC 4387,IC 4387,213.757292,-43.990111,14.91,G,IC
IC 4388,IC 4388,214.014500,-31.752639,14.32,G,IC
IC 4389,IC 4389,214.192500,-40.552500,15.30,G,IC
IC 4390,IC 4390,214.246667,-44.977333,13.82,G,IC
IC 4391,IC 4391,214.112667,-31.684972,14.44,G,IC
IC 4392,IC 4392,213.971542,-13.051250,0.00,Other,IC
IC 4393,IC 4393,214.453958,-31.349083,13.74,G,IC
IC 4394,IC 4394,214.093167,39.697694,0.00,Other,IC
IC 4395,IC 4395,214.337833,26.857444,15.00,G,IC
IC 4396,IC 4396,214.376000,28.800000,14.99,G,IC
IC 4397,IC 4397,214.494667,26.412556,14.10,G,IC
IC 4398,IC 4398,214.514333,28.866389,15.17,G,IC
IC 4399,IC 4399,214.599833,26.385889,15.38,G,IC
IC 4400,IC 4400,215.556042,-60.569806,0.00,Other,IC
IC 4401,IC 4401,214.854458,-4.489139,14.44,G,IC
IC 4402,IC 4402,215.304542,-46.297889,11.82,G,IC
IC 4403,IC 4403,214.570292,31.653833,14.80,G,IC
IC 4404,IC 4404,212.709042,78.628306,0.00,*,IC
IC 4405,IC 4405,214.819125,26.298583,14.67,G,IC
IC 4406,IC 4406,215.610333,-44.150194,10.20,PN,IC
IC 4407,IC 4407,215.903583,-5.983222,14.75,G,IC
IC 4408,IC 4408,215.304542,29.993500,14.89,G,IC
IC 4409,IC 4409,215.388750,31.585528,15.04,G,IC
IC 4410,IC 4410,215.558125,17.397333,15.59,G,IC
IC 4411,IC 4411,216.254583,-35.020611,0.00,Other,IC
IC 4412,IC 4412,215.792958,26.265806,0.00,Dup,IC
IC 4413,IC 4413,215.738833,37.527417,15.50,G,IC
IC 4414,IC 4414,215.927458,28.347861,0.00,Dup,IC
IC 4415,IC 4415,216.111333,16.639611,16.10,G,IC
IC 4416,IC 4416,216.072583,29.635806,15.50,G,IC
IC 4417,IC 4417,216.223708,17.037917,15.58,G,IC
IC 4418,IC 4418,216.363500,25.526278,14.84,G,IC
IC 4419,IC 4419,216.477792,16.632528,16.06,G,IC
IC 4420,IC 4420,216.414208,25.378361,15.44,G,IC
IC 4421,IC 4421,217.130458,-37.583750,12.37,G,IC
IC 4422,IC 4422,216.496375,30.473722,15.21,G,IC
IC 4423,IC 4423,216.573917,26.246139,15.45,G,IC
IC 4424,IC 4424,216.884875,4.821611,0.00,Dup,IC
IC 4425,IC 4425,216.684083,27.189528,15.19,G,IC
IC 4426,IC 4426,216.821208,16.830972,15.59,G,IC
IC 4427,IC 4427,216.748208,26.863972,15.33,G,IC
IC 4428,IC 4428,216.856458,16.190833,15.71,G,IC
IC 4429,IC 4429,216.905708,16.899861,15.46,G,IC
IC 4430,IC 4430,217.330833,-33.455111,12.98,G,IC
IC 4431,IC 4431,216.789583,30.948222,0.00,Dup,IC
IC 4432,IC 4432,217.207333,-39.552194,16.37,G,IC
IC 4433,IC 4433,216.972292,16.195556,16.31,G,IC
IC 4434,IC 4434,216.978083,16.207167,15.51,G,IC
IC 4435,IC 4435,216.851167,37.471444,15.11,G,IC
IC 4436,IC 4436,216.992417,26.504500,14.75,G,IC
IC 4437,IC 4437,216.881917,41.503222,0.00,**,IC
IC 4438,IC 4438,217.143625,17.334556,15.94,G,IC
IC 4439,IC 4439,217.166833,17.024750,15.81,G,IC
IC 4440,IC 4440,217.246833,17.320583,15.56,G,IC
IC 4441,IC 4441,217.910917,-43.418444,11.84,G,IC
IC 4442,IC 4442,217.188625,28.964250,15.13,G,IC
IC 4443,IC 4443,217.322875,16.181556,16.25,G,IC
IC 4444,IC 4444,217.910917,-43.418444,0.00,Dup,IC
IC 4445,IC 4445,217.977542,-46.035306,15.00,G,IC
IC 4446,IC 4446,217.255500,37.463139,15.77,G,IC
IC 4447,IC 4447,217.324917,30.832222,14.66,G,IC
IC 4448,IC 4448,220.116500,-78.809222,13.51,G,IC
IC 4449,IC 4449,217.839958,15.240861,15.71,G,IC
IC 4450,IC 4450,218.051417,28.556833,15.30,G,IC
IC 4451,IC 4451,218.654750,-36.285833,13.34,G,IC
IC 4452,IC 4452,218.114292,27.427417,14.93,G,IC
IC 4453,IC 4453,218.619375,-27.518556,12.19,G,IC
IC 4454,IC 4454,218.319542,17.711806,16.70,G,IC
IC 4455,IC 4455,218.431750,-14.619694,0.00,Dup,IC
IC 4456,IC 4456,218.538208,16.184028,16.08,G,IC
IC 4457,IC 4457,218.620333,18.224694,16.00,G,IC
IC 4458,IC 4458,219.524458,-39.505972,17.03,G,IC
IC 4459,IC 4459,218.634167,30.974667,15.39,G,IC
IC 4460,IC 4460,218.652208,30.279389,15.61,G,IC
IC 4461,IC 4461,218.751583,26.531917,16.70,G,IC
IC 4462,IC 4462,218.757917,26.543917,15.33,G,IC
IC 4463,IC 4463,218.954167,16.019278,15.42,G,IC
IC 4464,IC 4464,219.454167,-36.878000,13.66,G,IC
IC 4465,IC 4465,218.963167,15.572917,16.53,G,IC
IC 4466,IC 4466,219.200458,18.343778,15.60,G,IC
IC 4467,IC 4467,219.223625,18.370639,15.99,G,IC
IC 4468,IC 4468,219.611417,-22.367611,13.77,G,IC
IC 4469,IC 4469,219.335375,18.249333,15.45,G,IC
IC 4470,IC 4470,217.095375,78.885611,14.93,G,IC
IC 4471,IC 4471,219.133583,41.685889,0.00,Dup,IC
IC 4472,IC 4472,220.045167,-44.314583,13.96,G,IC
IC 4473,IC 4473,219.475583,15.861667,0.00,GTrpl,IC
IC 4474,IC 4474,219.592917,23.428750,15.87,G,IC
IC 4475,IC 4475,219.596917,23.333556,14.82,G,IC
IC 4476,IC 4476,219.966042,-16.244750,15.31,G,IC
IC 4477,IC 4477,219.646833,28.459389,15.61,G,IC
IC 4478,IC 4478,219.802875,15.877389,15.29,G,IC
IC 4479,IC 4479,219.691250,28.505444,14.85,G,IC
IC 4480,IC 4480,219.940125,18.492361,15.41,G,IC
IC 4481,IC 4481,220.042125,16.141444,16.59,G,IC
IC 4482,IC 4482,220.051917,18.943278,15.55,G,IC
IC 4483,IC 4483,220.081292,16.685222,14.92,G,IC
IC 4484,IC 4484,221.932833,-73.305944,13.88,G,IC
IC 4485,IC 4485,220.131083,28.668861,15.87,G,IC
IC 4486,IC 4486,220.419958,18.557222,15.31,G,IC
IC 4487,IC 4487,220.467458,18.577000,15.65,G,IC
IC 4488,IC 4488,220.719083,18.620278,15.84,G,IC
IC 4489,IC 4489,220.816458,18.528611,16.78,G,IC
IC 4490,IC 4490,221.338625,-36.173361,0.00,**,IC
IC 4491,IC 4491,221.857042,-13.716139,0.00,Dup,IC
IC 4492,IC 4492,220.641125,37.452333,15.30,G,IC
IC 4493,IC 4493,221.086667,12.129722,0.00,Dup,IC
IC 4494,IC 4494,221.106417,15.551389,15.30,G,IC
IC 4495,IC 4495,221.060708,23.558389,15.66,G,IC
IC 4496,IC 4496,220.977417,33.406556,14.88,G,IC
IC 4497,IC 4497,221.086917,28.551028,15.23,G,IC
IC 4498,IC 4498,221.253292,26.301139,14.94,G,IC
IC 4499,IC 4499,225.080208,-82.213500,8.56,GCl,IC
IC 4500,IC 4500,221.148583,37.482472,15.58,G,IC
IC 4501,IC 4501,221.856125,-22.406028,14.27,G,IC
IC 4502,IC 4502,221.315958,37.300361,15.58,G,IC
IC 4503,IC 4503,221.664625,16.146444,14.69,G,IC
IC 4504,IC 4504,221.654083,31.699194,15.46,G,IC
IC 4505,IC 4505,221.639042,33.408611,14.83,G,IC
IC 4506,IC 4506,221.666417,33.401222,15.48,G,IC
IC 4507,IC 4507,221.925667,18.455722,15.82,G,IC
IC 4508,IC 4508,221.964208,31.768278,15.55,G,IC
IC 4509,IC 4509,222.112750,31.791583,14.80,G,IC
IC 4510,IC 4510,222.669625,-20.730889,0.00,Other,IC
IC 4511,IC 4511,223.022000,-40.494917,0.00,Other,IC
IC 4512,IC 4512,222.476250,27.700806,16.12,G,IC
IC 4513,IC 4513,223.070125,-20.727917,0.00,Other,IC
IC 4514,IC 4514,222.731000,27.578528,16.98,G,IC
IC 4515,IC 4515,222.777792,37.494806,15.52,G,IC
IC 4516,IC 4516,223.597708,16.355278,14.22,G,IC
IC 4517,IC 4517,223.646208,23.643278,15.31,G,IC
IC 4518,IC 4518,224.428750,-43.131667,0.00,GPair,IC
IC 4518A,IC 4518A,224.421583,-43.132111,16.64,G,IC
IC 4518B,IC 4518B,224.435250,-43.131361,16.46,G,IC
IC 4519,IC 4519,223.685583,37.412722,15.18,G,IC
IC 4520,IC 4520,223.779208,33.724444,15.13,G,IC
IC 4521,IC 4521,224.864375,25.584083,15.36,G,IC
IC 4522,IC 4522,227.870500,-75.859972,13.10,G,IC
IC 4523,IC 4523,226.293917,-43.509528,13.43,G,IC
IC 4524,IC 4524,225.526500,25.601500,15.52,G,IC
IC 4525,IC 4525,225.603583,25.638500,15.66,G,IC
IC 4526,IC 4526,225.659167,23.350444,16.72,G,IC
IC 4527,IC 4527,226.420917,-42.449528,13.74,G,IC
IC 4528,IC 4528,225.389042,49.112472,15.05,G,IC
IC 4529,IC 4529,226.608250,-43.232639,14.80,G,IC
IC 4530,IC 4530,225.938792,26.100861,15.30,G,IC
IC 4531,IC 4531,226.110167,23.414944,15.60,G,IC
IC 4532,IC 4532,226.224208,23.256611,15.51,G,IC
IC 4533,IC 4533,226.126417,27.792861,15.14,G,IC
IC 4534,IC 4534,226.674042,23.641917,14.47,G,IC
IC 4535,IC 4535,227.173333,37.570333,15.99,G,IC
IC 4536,IC 4536,228.321792,-18.137278,13.72,G,IC
IC 4537,IC 4537,229.385167,2.047389,15.95,G,IC
IC 4538,IC 4538,230.298375,-23.658417,12.38,G,IC
IC 4539,IC 4539,229.629792,32.392861,15.77,G,IC
IC 4540,IC 4540,230.012958,1.786583,0.00,Other,IC
IC 4541,IC 4541,232.481542,-70.584944,13.95,G,IC
IC 4542,IC 4542,230.522458,33.148583,15.12,G,IC
IC 4543,IC 4543,231.248042,13.445083,0.00,Dup,IC
IC 4544,IC 4544,232.345792,-50.583444,7.00,Nova,IC
IC 4545,IC 4545,235.365750,-81.625944,14.05,G,IC
IC 4546,IC 4546,231.743375,28.852611,15.54,G,IC
IC 4547,IC 4547,231.812792,28.788972,15.43,G,IC
IC 4548,IC 4548,231.850083,28.849833,16.50,G,IC
IC 4549,IC 4549,232.310708,32.825556,15.51,G,IC
IC 4550,IC 4550,233.869042,-50.659722,0.00,Dup,IC
IC 4551,IC 4551,234.400917,5.974028,0.00,Dup,IC
IC 4552,IC 4552,234.728708,4.583056,14.19,G,IC
IC 4553,IC 4553,233.738542,23.503139,13.19,G,IC
IC 4554,IC 4554,233.770125,23.479278,16.09,G,IC
IC 4555,IC 4555,237.061708,-78.178861,13.56,G,IC
IC 4556,IC 4556,233.843542,25.297139,14.57,G,IC
IC 4557,IC 4557,233.653875,39.728889,15.71,G,IC
IC 4558,IC 4558,233.942500,25.345889,15.81,G,IC
IC 4559,IC 4559,233.973000,25.341139,15.14,G,IC
IC 4560,IC 4560,233.975333,39.814111,16.39,G,IC
IC 4561,IC 4561,234.196125,25.416806,15.07,G,IC
IC 4562,IC 4562,233.987500,43.493250,13.76,G,IC
IC 4563,IC 4563,234.015333,39.831528,14.94,G,IC
IC 4564,IC 4564,234.112750,43.518778,14.34,G,IC
IC 4565,IC 4565,234.146375,43.424889,14.81,G,IC
IC 4566,IC 4566,234.175667,43.539333,13.27,G,IC
IC 4567,IC 4567,234.305292,43.298306,13.55,G,IC
IC 4568,IC 4568,235.032083,28.152278,15.22,G,IC
IC 4569,IC 4569,235.201583,28.292083,14.86,G,IC
IC 4570,IC 4570,235.344125,28.229750,15.05,G,IC
IC 4571,IC 4571,237.214583,-67.323472,13.92,G,IC
IC 4572,IC 4572,235.475792,28.134000,14.80,G,IC
IC 4573,IC 4573,235.551417,23.799972,15.71,G,IC
IC 4574,IC 4574,235.496833,28.240333,15.71,G,IC
IC 4575,IC 4575,235.581875,23.807639,15.54,G,IC
IC 4576,IC 4576,235.647917,23.670056,14.60,G,IC
IC 4577,IC 4577,235.689833,23.792639,15.27,G,IC
IC 4578,IC 4578,238.294417,-74.825278,13.93,G,IC
IC 4579,IC 4579,235.714625,23.773167,15.47,G,IC
IC 4580,IC 4580,235.809333,28.356833,15.35,G,IC
IC 4581,IC 4581,236.006333,28.277028,15.18,G,IC
IC 4582,IC 4582,236.414375,28.088667,14.83,G,IC
IC 4583,IC 4583,236.591417,23.809028,14.78,G,IC
IC 4584,IC 4584,240.051083,-66.383278,15.78,G,IC
IC 4585,IC 4585,240.073500,-66.322278,12.32,G,IC
IC 4586,IC 4586,238.989167,5.931889,0.00,Dup,IC
IC 4587,IC 4587,239.965042,25.940639,15.77,G,IC
IC 4588,IC 4588,241.267708,23.917139,16.06,G,IC
IC 4589,IC 4589,241.852458,-6.385306,0.00,*,IC
IC 4590,IC 4590,242.088125,28.478694,14.90,G,IC
IC 4591,IC 4591,243.075667,-27.927750,0.00,HII,IC
IC 4592,IC 4592,242.994458,-19.454667,3.90,RfN,IC
IC 4593,IC 4593,242.935417,12.071389,10.70,PN,IC
IC 4594,IC 4594,242.844125,23.965000,0.00,Dup,IC
IC 4595,IC 4595,245.185167,-70.142611,13.48,G,IC
IC 4596,IC 4596,244.015042,-22.625389,14.96,G,IC
IC 4597,IC 4597,244.415542,-34.365944,14.41,G,IC
IC 4598,IC 4598,244.555458,-31.442889,14.91,G,IC
IC 4599,IC 4599,244.846542,-42.260139,12.40,PN,IC
IC 4600,IC 4600,244.536125,-22.785528,0.00,Other,IC
IC 4601,IC 4601,245.074167,-20.087306,0.00,Neb,IC
IC 4602,IC 4602,245.911833,11.786250,0.00,Dup,IC
IC 4603,IC 4603,246.352000,-24.468361,0.00,Neb,IC
IC 4604,rho Oph Nebula,246.379875,-23.436583,5.10,Neb,IC
IC 4605,IC 4605,247.552000,-25.115167,4.70,Neb,IC
IC 4606,IC 4606,247.891208,-26.056528,0.00,Other,IC
IC 4607,IC 4607,247.566125,24.574361,15.97,G,IC
IC 4608,IC 4608,251.724917,-77.488694,13.66,G,IC
IC 4609,IC 4609,248.256750,22.797389,15.21,G,IC
IC 4610,IC 4610,248.413167,39.257639,16.31,G,IC
IC 4611,IC 4611,248.426417,39.185139,15.81,G,IC
IC 4612,IC 4612,248.456750,39.263194,15.15,G,IC
IC 4613,IC 4613,249.292292,36.130583,0.00,Other,IC
IC 4614,IC 4614,249.446583,36.115000,15.15,G,IC
IC 4615,IC 4615,249.474667,36.073056,0.00,Dup,IC
IC 4616,IC 4616,249.499500,35.995500,0.00,Dup,IC
IC 4617,IC 4617,250.533583,36.684083,16.02,G,IC
IC 4618,IC 4618,254.458375,-76.992972,12.60,G,IC
IC 4619,IC 4619,251.046333,17.759167,15.16,G,IC
IC 4620,IC 4620,252.125167,19.305389,15.75,G,IC
IC 4621,IC 4621,252.713208,8.783667,15.08,G,IC
IC 4622,IC 4622,253.034625,-16.236250,0.00,Other,IC
IC 4623,IC 4623,252.772250,22.527417,15.38,G,IC
IC 4624,IC 4624,252.889750,17.449111,15.71,G,IC
IC 4625,IC 4625,253.245292,2.400917,0.00,Dup,IC
IC 4626,IC 4626,253.339292,2.338722,0.00,**,IC
IC 4627,IC 4627,253.536458,-7.635333,16.15,G,IC
IC 4628,IC 4628,254.243458,-40.450972,0.00,Neb,IC
IC 4629,IC 4629,254.041625,-16.709889,0.00,Other,IC
IC 4630,IC 4630,253.789917,26.662917,14.73,G,IC
IC 4631,IC 4631,257.750125,-77.603556,0.00,Other,IC
IC 4632,IC 4632,254.633875,22.915556,0.00,Other,IC
IC 4633,IC 4633,258.446000,-77.536194,13.69,G,IC
IC 4634,IC 4634,255.389958,-21.825972,10.90,PN,IC
IC 4635,IC 4635,258.913292,-77.489528,14.87,G,IC
IC 4636,IC 4636,254.778417,47.195417,0.00,*,IC
IC 4637,IC 4637,256.295083,-40.886361,12.50,PN,IC
IC 4638,IC 4638,255.307083,33.513194,15.54,G,IC
IC 4639,IC 4639,255.728125,22.930028,15.99,G,IC
IC 4640,IC 4640,260.993125,-80.064083,14.78,G,IC
IC 4641,IC 4641,261.043000,-80.147417,14.36,G,IC
IC 4642,IC 4642,257.938417,-55.399000,13.40,PN,IC
IC 4643,IC 4643,257.136417,42.339111,0.00,Dup,IC
IC 4644,IC 4644,261.153750,-73.940111,15.50,G,IC
IC 4645,IC 4645,258.679708,43.104111,15.85,G,IC
IC 4646,IC 4646,260.971625,-59.999389,12.33,G,IC
IC 4647,IC 4647,261.515583,-80.195111,14.47,G,IC
IC 4648,IC 4648,259.041792,43.862583,0.00,**,IC
IC 4649,IC 4649,258.959917,57.366806,0.00,Dup,IC
IC 4650,IC 4650,258.947542,57.301889,15.84,G,IC
IC 4651,IC 4651,261.204750,-49.938250,6.90,OCl,IC
IC 4652,IC 4652,261.611125,-59.728306,14.21,G,IC
IC 4653,IC 4653,261.779917,-60.879583,12.55,G,IC
IC 4654,IC 4654,264.282875,-74.381444,13.15,G,IC
IC 4655,IC 4655,263.648417,-60.721333,0.00,Other,IC
IC 4656,IC 4656,264.432792,-63.729667,13.75,G,IC
IC 4657,IC 4657,263.177917,-17.524833,0.00,Other,IC
IC 4658,IC 4658,264.045042,-59.584917,0.00,Other,IC
IC 4659,IC 4659,263.550958,-17.928028,0.00,Other,IC
IC 4660,IC 4660,260.438250,75.848500,14.23,G,IC
IC 4661,IC 4661,267.761500,-74.032389,13.48,G,IC
IC 4662,IC 4662,266.786958,-64.641750,11.10,G,IC
IC 4663,IC 4663,266.367500,-44.904861,12.50,PN,IC
IC 4664,IC 4664,267.244125,-63.254528,12.93,G,IC
IC 4665,IC 4665,266.613250,5.648722,4.20,OCl,IC
IC 4666,IC 4666,266.509833,55.775583,0.00,*,IC
IC 4667,IC 4667,266.579000,55.875639,0.00,Other,IC
IC 4668,IC 4668,266.747542,57.400694,0.00,*,IC
IC 4669,IC 4669,266.804042,61.434222,15.09,G,IC
IC 4670,IC 4670,268.779167,-21.744250,13.28,PN,IC
IC 4671,IC 4671,268.782917,-10.285917,0.00,Other,IC
IC 4672,IC 4672,270.561292,-62.832500,15.30,G,IC
IC 4673,IC 4673,270.826667,-27.106111,13.00,PN,IC
IC 4674,IC 4674,272.054500,-62.395500,14.93,G,IC
IC 4675,IC 4675,270.794500,-9.259472,0.00,Other,IC
IC 4676,IC 4676,270.720792,11.823139,15.59,G,IC
IC 4677,IC 4677,269.565708,66.633278,0.00,Other,IC
IC 4678,IC 4678,271.639458,-23.954444,10.40,Neb,IC
IC 4679,IC 4679,272.852042,-56.254389,12.84,G,IC
IC 4680,IC 4680,273.373500,-64.476722,13.89,G,IC
IC 4681,IC 4681,272.083333,-23.432028,9.10,*,IC
IC 4682,IC 4682,274.107125,-71.581306,13.22,G,IC
IC 4683,IC 4683,272.253875,-26.390944,0.00,Other,IC
IC 4684,IC 4684,272.285167,-23.435444,0.00,RfN,IC
IC 4685,IC 4685,272.322917,-23.987250,0.00,Neb,IC
IC 4686,IC 4686,273.411000,-57.732528,14.18,G,IC
IC 4687,IC 4687,273.415125,-57.725361,14.30,G,IC
IC 4688,IC 4688,272.049500,11.712222,14.63,G,IC
IC 4689,IC 4689,273.417833,-57.748194,14.30,G,IC
IC 4690,IC 4690,274.230708,-19.777083,0.00,Dup,IC
IC 4691,IC 4691,272.190417,11.830083,15.41,G,IC
IC 4692,IC 4692,273.708208,-58.693778,14.25,G,IC
IC 4693,IC 4693,272.295125,17.347889,0.00,Other,IC
IC 4694,IC 4694,273.860208,-58.208917,13.76,G,IC
IC 4695,IC 4695,274.347792,-58.925472,0.00,**,IC
IC 4696,IC 4696,275.074625,-64.734083,13.48,G,IC
IC 4697,IC 4697,273.112125,25.427194,15.03,G,IC
IC 4698,IC 4698,275.249708,-63.347944,15.32,G,IC
IC 4699,IC 4699,274.636625,-45.983083,13.00,PN,IC
IC 4700,IC 4700,274.270792,-19.866056,0.00,Dup,IC
IC 4701,IC 4701,274.148917,-16.648278,0.00,Neb,IC
IC 4702,IC 4702,275.765917,-59.238944,14.00,G,IC
IC 4703,Eagle Nebula,274.734250,-13.845389,6.00,Neb,IC
IC 4704,IC 4704,276.973500,-71.609861,12.02,G,IC
IC 4705,IC 4705,277.043000,-71.693944,12.78,G,IC
IC 4706,IC 4706,274.903917,-16.031278,0.00,Neb,IC
IC 4707,IC 4707,274.974625,-16.009250,0.00,Neb,IC
IC 4708,IC 4708,273.442542,61.157278,15.50,G,IC
IC 4709,IC 4709,276.080792,-56.369167,14.42,G,IC
IC 4710,IC 4710,277.158208,-66.982278,12.00,G,IC
IC 4711,IC 4711,277.028417,-64.944472,0.00,Other,IC
IC 4712,IC 4712,277.778833,-71.693667,12.19,G,IC
IC 4713,IC 4713,277.497250,-67.224389,13.53,G,IC
IC 4714,IC 4714,277.732292,-66.651750,15.15,G,IC
IC 4715,Small Sgr Star Cloud,274.233833,-18.514556,4.50,*Ass,IC
IC 4716,IC 4716,278.187667,-56.962000,15.99,G,IC
IC 4717,IC 4717,278.321875,-57.975722,13.23,G,IC
IC 4718,IC 4718,278.459000,-60.129111,12.95,G,IC
IC 4719,IC 4719,278.298083,-56.732194,13.98,G,IC
IC 4720,IC 4720,278.385417,-58.405361,13.37,G,IC
IC 4721,IC 4721,278.603167,-58.496611,11.82,G,IC
IC 4722,IC 4722,278.631375,-57.792778,13.61,G,IC
IC 4723,IC 4723,278.984417,-63.376667,14.70,G,IC
IC 4724,IC 4724,279.667833,-70.125667,15.13,G,IC
IC 4725,IC 4725,277.944875,-19.114944,4.60,OCl,IC
IC 4726,IC 4726,279.245042,-62.854333,14.74,G,IC
IC 4727,IC 4727,279.483583,-62.700667,14.07,G,IC
IC 4728,IC 4728,279.487500,-62.530917,14.26,G,IC
IC 4729,IC 4729,279.985125,-67.425694,12.18,G,IC
IC 4730,IC 4730,279.709042,-63.349917,14.47,G,IC
IC 4731,IC 4731,279.679083,-62.943028,12.69,G,IC
IC 4732,IC 4732,278.477500,-22.644722,12.10,PN,IC
IC 4733,IC 4733,276.659083,64.967417,0.00,*,IC
IC 4734,IC 4734,279.607083,-57.490444,14.22,G,IC
IC 4735,IC 4735,279.958083,-62.956028,15.51,G,IC
IC 4736,IC 4736,279.665875,-57.893278,14.61,G,IC
IC 4737,IC 4737,279.993333,-62.597972,15.01,G,IC
IC 4738,IC 4738,280.112167,-61.902361,15.26,G,IC
IC 4739,IC 4739,280.212417,-61.901556,15.19,G,IC
IC 4740,IC 4740,280.752417,-68.359944,15.30,G,IC
IC 4741,IC 4741,280.430958,-63.948194,13.80,G,IC
IC 4742,IC 4742,280.469042,-63.862083,12.08,G,IC
IC 4743,IC 4743,280.371458,-61.772222,14.99,G,IC
IC 4744,IC 4744,280.478708,-63.223861,15.35,G,IC
IC 4745,IC 4745,280.649500,-64.942917,13.88,G,IC
IC 4746,IC 4746,281.477125,-72.668222,0.00,G,IC
IC 4747,IC 4747,281.488917,-72.630028,15.09,G,IC
IC 4748,IC 4748,280.691500,-64.072667,14.34,G,IC
IC 4749,IC 4749,280.706208,-63.208417,14.30,G,IC
IC 4750,IC 4750,280.761167,-62.971472,15.15,G,IC
IC 4751,IC 4751,280.830583,-62.112278,14.09,G,IC
IC 4752,IC 4752,280.944708,-64.082111,15.49,G,IC
IC 4753,IC 4753,280.885917,-62.107944,12.88,G,IC
IC 4754,IC 4754,281.000958,-61.990056,14.38,G,IC
IC 4755,IC 4755,281.254792,-63.692222,15.15,G,IC
IC 4756,IC 4756,279.714625,5.462167,4.60,OCl,IC
IC 4757,IC 4757,280.982292,-57.167556,14.58,G,IC
IC 4758,IC 4758,281.576125,-65.756667,14.18,G,IC
IC 4759,IC 4759,281.420833,-63.085278,0.00,GPair,IC
IC 4760,IC 4760,281.441458,-62.958361,15.15,G,IC
IC 4761,IC 4761,280.981667,-52.853028,13.92,G,IC
IC 4762,IC 4762,278.118875,67.858028,0.00,**,IC
IC 4763,IC 4763,278.377083,67.137306,0.00,Dup,IC
IC 4764,IC 4764,281.781542,-63.484556,13.85,G,IC
IC 4765,IC 4765,281.824708,-63.331333,11.19,G,IC
IC 4766,IC 4766,281.899042,-63.292167,13.48,G,IC
IC 4767,IC 4767,281.923875,-63.405667,13.16,G,IC
IC 4768,IC 4768,280.367458,-5.534833,0.00,OCl,IC
IC 4769,IC 4769,281.933542,-63.157000,14.10,G,IC
IC 4770,IC 4770,282.043042,-63.383444,13.15,G,IC
IC 4771,IC 4771,282.099333,-63.247667,15.25,G,IC
IC 4772,IC 4772,279.985417,40.026389,14.94,G,IC
IC 4773,IC 4773,282.836750,-69.924750,14.37,G,IC
IC 4774,IC 4774,282.044375,-57.935694,14.51,G,IC
IC 4775,IC 4775,282.109542,-57.183722,14.74,G,IC
IC 4776,IC 4776,281.461250,-33.343056,10.80,PN,IC
IC 4777,IC 4777,282.047083,-53.147611,14.63,G,IC
IC 4778,IC 4778,282.501542,-61.719500,14.20,G,IC
IC 4779,IC 4779,282.626792,-63.012889,14.92,G,IC
IC 4780,IC 4780,282.483708,-59.252861,14.94,G,IC
IC 4781,IC 4781,282.906833,-62.792611,15.23,G,IC
IC 4782,IC 4782,282.728625,-55.491222,14.74,G,IC
IC 4783,IC 4783,282.889042,-58.813167,14.59,G,IC
IC 4784,IC 4784,283.200083,-63.259611,13.74,G,IC
IC 4785,IC 4785,283.230125,-59.255417,13.11,G,IC
IC 4786,IC 4786,283.185708,-56.694611,15.87,G,IC
IC 4787,IC 4787,284.019417,-68.682361,14.59,G,IC
IC 4788,IC 4788,283.670917,-63.452389,16.05,G,IC
IC 4789,IC 4789,284.077042,-68.567111,14.03,G,IC
IC 4790,IC 4790,284.134208,-64.928917,13.98,G,IC
IC 4791,IC 4791,282.254917,19.331111,14.01,G,IC
IC 4792,IC 4792,283.924000,-56.403806,15.06,G,IC
IC 4793,IC 4793,284.231667,-61.399778,14.56,G,IC
IC 4794,IC 4794,284.290125,-62.090944,14.16,G,IC
IC 4795,IC 4795,284.318167,-61.609083,15.77,G,IC
IC 4796,IC 4796,284.116000,-54.213944,12.30,G,IC
IC 4797,IC 4797,284.123667,-54.305778,11.32,G,IC
IC 4798,IC 4798,284.587042,-62.118417,13.19,G,IC
IC 4799,IC 4799,284.735792,-63.930972,14.11,G,IC
IC 4800,IC 4800,284.681333,-63.139222,13.76,G,IC
IC 4801,IC 4801,284.909958,-64.675139,13.63,G,IC
IC 4802,IC 4802,283.779542,-22.698306,0.00,Other,IC
IC 4803,IC 4803,285.166125,-62.065139,15.68,G,IC
IC 4804,IC 4804,285.280750,-61.833333,14.79,G,IC
IC 4805,IC 4805,285.505917,-63.047639,14.92,G,IC
IC 4806,IC 4806,285.377875,-57.532056,12.23,G,IC
IC 4807,IC 4807,285.573583,-56.931194,14.21,G,IC
IC 4808,IC 4808,285.281750,-45.313722,12.65,G,IC
IC 4809,IC 4809,286.022417,-62.194083,15.08,G,IC
IC 4810,IC 4810,285.748792,-56.159722,12.67,G,IC
IC 4811,IC 4811,286.436125,-67.133833,15.76,G,IC
IC 4812,IC 4812,285.265125,-37.060333,0.00,Neb,IC
IC 4813,IC 4813,286.423792,-66.522056,12.57,G,IC
IC 4814,IC 4814,286.245375,-58.579389,14.35,G,IC
IC 4815,IC 4815,286.710875,-61.701361,14.38,G,IC
IC 4816,IC 4816,285.460500,-13.161833,4.50,Nova,IC
IC 4817,IC 4817,286.551458,-56.159361,14.53,G,IC
IC 4818,IC 4818,286.512667,-55.136833,15.40,G,IC
IC 4819,IC 4819,286.780417,-59.466944,14.22,G,IC
IC 4820,IC 4820,287.306292,-63.465500,14.60,G,IC
IC 4821,IC 4821,287.383375,-55.017306,13.66,G,IC
IC 4822,IC 4822,288.689542,-72.441139,15.49,G,IC
IC 4823,IC 4823,288.065625,-63.975861,14.69,G,IC
IC 4824,IC 4824,288.308625,-62.088278,16.53,G,IC
IC 4825,IC 4825,289.315125,-72.748750,15.64,G,IC
IC 4826,IC 4826,288.088333,-57.202306,14.48,G,IC
IC 4827,IC 4827,288.338500,-60.860167,13.27,G,IC
IC 4828,IC 4828,288.419542,-62.082611,14.78,G,IC
IC 4829,IC 4829,288.140417,-56.540250,14.71,G,IC
IC 4830,IC 4830,288.452333,-59.294361,13.21,G,IC
IC 4831,IC 4831,288.682667,-62.272611,12.08,G,IC
IC 4832,IC 4832,288.516125,-56.610722,12.72,G,IC
IC 4833,IC 4833,288.921458,-62.329944,14.67,G,IC
IC 4834,IC 4834,289.130542,-64.006167,14.76,G,IC
IC 4835,IC 4835,288.864500,-58.238000,14.75,G,IC
IC 4836,IC 4836,289.074708,-60.200333,12.58,G,IC
IC 4837,IC 4837,288.811000,-54.661417,12.59,G,IC
IC 4837A,IC 4837A,288.817375,-54.132500,11.71,G,IC
IC 4838,IC 4838,289.192125,-61.614500,13.64,G,IC
IC 4839,IC 4839,288.892167,-54.626694,13.66,G,IC
IC 4840,IC 4840,288.965375,-56.209083,13.68,G,IC
IC 4841,IC 4841,290.178458,-72.226778,14.90,G,IC
IC 4842,IC 4842,289.851958,-60.644250,12.45,G,IC
IC 4843,IC 4843,289.840375,-59.308861,15.13,G,IC
IC 4844,IC 4844,289.761000,-56.027167,14.05,G,IC
IC 4845,IC 4845,290.093708,-60.389167,11.97,G,IC
IC 4846,IC 4846,289.117917,-9.043611,11.90,PN,IC
IC 4847,IC 4847,290.883375,-65.506667,14.98,G,IC
IC 4848,IC 4848,290.727375,-56.780806,14.89,G,IC
IC 4849,IC 4849,291.399958,-62.932722,14.54,G,IC
IC 4850,IC 4850,290.100375,-0.133556,20.41,Nova,IC
IC 4851,IC 4851,291.372667,-57.670444,14.17,G,IC
IC 4852,IC 4852,291.605583,-60.336056,12.93,G,IC
IC 4853,IC 4853,292.697125,-71.070028,14.89,G,IC
IC 4854,IC 4854,291.838125,-59.315444,13.82,G,IC
IC 4855,IC 4855,291.838125,-59.315444,0.00,Dup,IC
IC 4856,IC 4856,291.877208,-54.908528,14.47,G,IC
IC 4857,IC 4857,292.163250,-58.767917,13.71,G,IC
IC 4858,IC 4858,292.163250,-58.767917,0.00,Dup,IC
IC 4859,IC 4859,292.694417,-66.314722,14.76,G,IC
IC 4860,IC 4860,292.864625,-67.369028,14.69,G,IC
IC 4861,IC 4861,292.319667,-57.574972,15.51,G,IC
IC 4862,IC 4862,292.918125,-67.322889,14.59,G,IC
IC 4863,IC 4863,291.965375,-36.216889,11.38,**,IC
IC 4864,IC 4864,295.025708,-77.558167,13.56,G,IC
IC 4865,IC 4865,292.709750,-46.698444,0.00,**,IC
IC 4866,IC 4866,293.644792,-61.145778,12.97,G,IC
IC 4867,IC 4867,291.633250,50.125278,0.00,Dup,IC
IC 4868,IC 4868,293.389167,-45.892694,10.56,**,IC
IC 4869,IC 4869,294.009708,-61.027861,13.64,G,IC
IC 4870,IC 4870,294.406667,-65.811833,14.62,G,IC
IC 4871,IC 4871,293.925958,-57.519222,14.05,G,IC
IC 4872,IC 4872,293.925958,-57.519222,0.00,Dup,IC
IC 4873,IC 4873,293.727875,-46.135833,15.10,G,IC
IC 4874,IC 4874,294.089750,-47.265944,14.72,G,IC
IC 4875,IC 4875,294.410375,-52.075722,14.58,G,IC
IC 4876,IC 4876,294.428208,-52.842750,14.30,G,IC
IC 4877,IC 4877,294.482875,-51.991389,14.62,G,IC
IC 4878,IC 4878,294.708625,-58.226444,15.20,G,IC
IC 4879,IC 4879,294.901875,-52.368778,14.51,G,IC
IC 4880,IC 4880,295.128792,-56.410167,14.31,G,IC
IC 4881,IC 4881,295.108417,-55.857722,14.55,G,IC
IC 4882,IC 4882,295.097125,-55.196917,14.62,G,IC
IC 4883,IC 4883,295.502208,-55.545528,14.60,G,IC
IC 4884,IC 4884,295.671250,-58.128472,14.73,G,IC
IC 4885,IC 4885,295.966833,-60.651750,14.55,G,IC
IC 4886,IC 4886,295.810625,-51.807500,14.20,G,IC
IC 4887,IC 4887,297.088708,-69.587194,14.23,G,IC
IC 4888,IC 4888,296.217667,-54.456639,14.66,G,IC
IC 4889,IC 4889,296.313125,-54.344139,11.22,G,IC
IC 4890,IC 4890,296.397750,-56.545444,14.73,G,IC
IC 4891,IC 4891,296.313125,-54.344139,0.00,Dup,IC
IC 4892,IC 4892,297.381708,-70.227444,14.91,G,IC
IC 4893,IC 4893,297.639000,-72.510000,15.65,G,IC
IC 4894,IC 4894,296.746292,-51.846500,14.66,G,IC
IC 4895,IC 4895,296.240583,-14.803444,0.00,Dup,IC
IC 4896,IC 4896,297.270458,-58.981444,15.40,G,IC
IC 4897,IC 4897,297.332083,-51.868000,15.65,G,IC
IC 4898,IC 4898,296.942417,-33.320583,0.00,Other,IC
IC 4899,IC 4899,298.611458,-70.589750,14.53,G,IC
IC 4900,IC 4900,297.592083,-51.345833,16.17,G,IC
IC 4901,IC 4901,298.598042,-58.713556,11.65,G,IC
IC 4902,IC 4902,298.600458,-56.379083,16.08,G,IC
IC 4903,IC 4903,299.555917,-70.453417,15.25,G,IC
IC 4904,IC 4904,299.661708,-70.184194,14.78,G,IC
IC 4905,IC 4905,299.024458,-61.221083,15.95,G,IC
IC 4906,IC 4906,299.198333,-60.468083,13.82,G,IC
IC 4907,IC 4907,299.054417,-52.453972,16.13,G,IC
IC 4908,IC 4908,299.236125,-55.791722,15.02,G,IC
IC 4909,IC 4909,299.190000,-50.055750,14.63,G,IC
IC 4910,IC 4910,299.445792,-56.863250,15.61,G,IC
IC 4911,IC 4911,299.424292,-51.986472,16.15,G,IC
IC 4912,IC 4912,301.707042,-77.357500,15.57,G,IC
IC 4913,IC 4913,299.198500,-37.328361,13.98,G,IC
IC 4914,IC 4914,299.485458,-50.131500,15.88,G,IC
IC 4915,IC 4915,299.633083,-52.642222,14.86,G,IC
IC 4916,IC 4916,299.579875,-50.272111,14.43,G,IC
IC 4917,IC 4917,299.728208,-52.273194,15.26,G,IC
IC 4918,IC 4918,299.804958,-52.275139,16.25,G,IC
IC 4919,IC 4919,300.037708,-55.373389,15.04,G,IC
IC 4920,IC 4920,300.036708,-53.383778,16.64,G,IC
IC 4921,IC 4921,300.831667,-67.826861,15.34,G,IC
IC 4922,IC 4922,299.872375,-40.363083,0.00,Other,IC
IC 4923,IC 4923,300.239042,-52.631667,14.53,G,IC
IC 4924,IC 4924,299.964292,-41.546056,0.00,Other,IC
IC 4925,IC 4925,300.291125,-52.865833,16.38,G,IC
IC 4926,IC 4926,300.050625,-38.578583,13.95,G,IC
IC 4927,IC 4927,300.456167,-53.917750,15.13,G,IC
IC 4928,IC 4928,302.550000,-77.308972,15.98,G,IC
IC 4929,IC 4929,301.673750,-71.683556,14.36,G,IC
IC 4930,IC 4930,300.610250,-54.308583,0.00,Other,IC
IC 4931,IC 4931,300.209833,-38.575056,11.88,G,IC
IC 4932,IC 4932,300.564500,-52.846167,15.51,G,IC
IC 4933,IC 4933,300.871000,-54.979944,12.35,G,IC
IC 4934,IC 4934,301.811875,-69.479194,14.95,G,IC
IC 4935,IC 4935,301.142167,-57.598167,14.07,G,IC
IC 4936,IC 4936,301.467500,-61.428528,14.55,G,IC
IC 4937,IC 4937,301.323250,-56.256194,14.92,G,IC
IC 4938,IC 4938,301.548750,-60.211611,12.69,G,IC
IC 4939,IC 4939,301.796000,-60.738806,15.09,G,IC
IC 4940,IC 4940,301.431750,-44.699944,0.00,Other,IC
IC 4941,IC 4941,301.744208,-53.652306,15.56,G,IC
IC 4942,IC 4942,301.705750,-52.609917,16.28,G,IC
IC 4943,IC 4943,301.617750,-48.375611,12.67,G,IC
IC 4944,IC 4944,301.786833,-54.446889,14.63,G,IC
IC 4945,IC 4945,302.820208,-71.012944,0.00,Dup,IC
IC 4946,IC 4946,305.991958,-43.995278,11.92,G,IC
IC 4947,IC 4947,301.882292,-53.142444,13.87,G,IC
IC 4948,IC 4948,306.117250,-43.653528,0.00,Dup,IC
IC 4949,IC 4949,301.831167,-48.370222,0.00,Dup,IC
IC 4950,IC 4950,302.114000,-56.161833,15.19,G,IC
IC 4951,IC 4951,302.382375,-61.850472,13.84,G,IC
IC 4952,IC 4952,302.156875,-55.453667,14.00,G,IC
IC 4953,IC 4953,302.499667,-62.792222,15.70,G,IC
IC 4954,IC 4954,301.187583,29.252806,0.00,HII,IC
IC 4955,IC 4955,301.218958,29.192611,12.98,Neb,IC
IC 4956,IC 4956,302.880250,-45.593222,13.36,G,IC
IC 4957,IC 4957,302.398458,-55.709306,15.27,G,IC
IC 4958,IC 4958,303.897250,-72.711194,0.00,G,IC
IC 4959,IC 4959,302.738417,-53.089694,0.00,Other,IC
IC 4960,IC 4960,303.849500,-70.537750,14.54,G,IC
IC 4961,IC 4961,302.869125,-53.125111,15.08,G,IC
IC 4962,IC 4962,304.177042,-71.129556,16.21,G,IC
IC 4963,IC 4963,303.022875,-55.245889,14.33,G,IC
IC 4964,IC 4964,304.349708,-73.885639,14.43,G,IC
IC 4965,IC 4965,303.113833,-56.826778,13.74,G,IC
IC 4966,IC 4966,303.068417,-53.619194,0.00,Other,IC
IC 4967,IC 4967,304.096458,-70.564694,14.83,G,IC
IC 4968,IC 4968,303.709292,-64.798389,15.05,G,IC
IC 4969,IC 4969,303.234583,-53.920056,15.16,G,IC
IC 4970,IC 4970,304.238958,-70.749750,13.82,G,IC
IC 4971,IC 4971,304.261917,-70.620972,16.08,G,IC
IC 4972,IC 4972,304.428000,-70.915111,13.44,G,IC
IC 4973,IC 4973,303.642208,-58.371111,15.85,G,IC
IC 4974,IC 4974,303.860417,-61.860278,0.00,GPair,IC
IC 4975,IC 4975,303.512583,-52.721778,14.36,G,IC
IC 4976,IC 4976,303.921083,-61.875139,15.59,G,IC
IC 4977,IC 4977,302.971667,-21.636639,0.00,Other,IC
IC 4978,IC 4978,303.656875,-54.421972,15.45,G,IC
IC 4979,IC 4979,303.674333,-53.458694,14.97,G,IC
IC 4980,IC 4980,303.870542,-57.912694,14.24,G,IC
IC 4981,IC 4981,304.913333,-70.848528,12.51,G,IC
IC 4982,IC 4982,305.086833,-71.007833,15.18,G,IC
IC 4983,IC 4983,304.024792,-52.086528,14.34,G,IC
IC 4984,IC 4984,304.072708,-52.703722,15.41,G,IC
IC 4985,IC 4985,305.183417,-70.987000,14.91,G,IC
IC 4986,IC 4986,304.298542,-55.036389,14.17,G,IC
IC 4987,IC 4987,304.330750,-52.279556,15.19,G,IC
IC 4988,IC 4988,305.442708,-69.387639,0.00,Other,IC
IC 4989,IC 4989,304.848708,-58.551472,15.29,G,IC
IC 4990,IC 4990,305.356625,-66.890861,16.16,G,IC
IC 4991,IC 4991,304.597000,-41.050167,11.54,G,IC
IC 4992,IC 4992,305.866042,-71.564917,14.50,G,IC
IC 4993,IC 4993,305.484833,-66.985389,15.74,G,IC
IC 4994,IC 4994,304.935500,-53.447361,13.98,G,IC
IC 4995,IC 4995,304.995708,-52.621972,14.06,G,IC
IC 4996,IC 4996,304.138625,37.555278,7.30,OCl,IC
IC 4997,IC 4997,305.036667,16.731667,10.50,PN,IC
IC 4998,IC 4998,305.544083,-38.308333,14.03,G,IC
IC 4999,IC 4999,305.984750,-26.014944,13.24,G,IC
IC 5000,IC 5000,305.589625,6.429861,0.00,Dup,IC
IC 5001,IC 5001,306.583542,-54.774722,15.25,G,IC
IC 5002,IC 5002,306.666208,-54.799694,14.23,G,IC
IC 5003,IC 5003,310.809750,-29.853389,12.93,G,IC
IC 5004,IC 5004,307.912792,-30.831889,0.00,Dup,IC
IC 5005,IC 5005,306.334208,-25.829278,13.59,G,IC
IC 5006,IC 5006,305.945500,6.449167,0.00,**,IC
IC 5007,IC 5007,310.893542,-29.703639,12.55,G,IC
IC 5008,IC 5008,308.187625,-72.694722,15.59,G,IC
IC 5009,IC 5009,308.143125,-72.167556,14.40,G,IC
IC 5010,IC 5010,307.611167,-66.097361,15.91,G,IC
IC 5011,IC 5011,307.140917,-36.027111,11.84,G,IC
IC 5012,IC 5012,307.383250,-56.743111,15.29,G,IC
IC 5013,IC 5013,307.140917,-36.027111,0.00,Dup,IC
IC 5014,IC 5014,308.815500,-73.452611,14.37,G,IC
IC 5015,IC 5015,308.585708,-31.980889,0.00,Dup,IC
IC 5016,IC 5016,308.903833,-72.911139,15.87,G,IC
IC 5017,IC 5017,308.015958,-57.587694,13.92,G,IC
IC 5018,IC 5018,305.544083,-38.308333,0.00,Dup,IC
IC 5019,IC 5019,307.696208,-36.076944,15.48,G,IC
IC 5020,IC 5020,307.660375,-33.485556,12.30,G,IC
IC 5021,IC 5021,308.391833,-54.520778,15.03,G,IC
IC 5022,IC 5022,310.275583,-76.450139,15.50,G,IC
IC 5023,IC 5023,309.544667,-67.184639,14.21,G,IC
IC 5024,IC 5024,310.039750,-71.107694,14.93,G,IC
IC 5025,IC 5025,311.246167,-76.984694,15.43,G,IC
IC 5026,IC 5026,312.116875,-78.069250,15.52,G,IC
IC 5027,IC 5027,310.287208,-55.472111,15.26,G,IC
IC 5028,IC 5028,310.841792,-65.647806,15.25,G,IC
IC 5029,IC 5029,310.809750,-29.853389,0.00,Dup,IC
IC 5030,IC 5030,310.893542,-29.703639,0.00,Dup,IC
IC 5031,IC 5031,311.334458,-67.539333,13.62,G,IC
IC 5032,IC 5032,311.341792,-67.551889,13.02,G,IC
IC 5033,IC 5033,310.979542,-57.334278,15.72,G,IC
IC 5034,IC 5034,310.923625,-57.030306,14.67,G,IC
IC 5035,IC 5035,311.060208,-57.127528,15.90,G,IC
IC 5036,IC 5036,311.157417,-57.626778,15.96,G,IC
IC 5037,IC 5037,311.413542,-58.449778,15.84,G,IC
IC 5038,IC 5038,311.715208,-65.016806,13.48,G,IC
IC 5039,IC 5039,310.809750,-29.853389,0.00,Dup,IC
IC 5040,IC 5040,313.081708,-76.686556,15.18,G,IC
IC 5041,IC 5041,310.893542,-29.703639,0.00,Dup,IC
IC 5042,IC 5042,311.941750,-65.084306,13.35,G,IC
IC 5043,IC 5043,311.659417,-56.983667,16.42,G,IC
IC 5044,IC 5044,312.673083,-71.899417,15.51,G,IC
IC 5045,IC 5045,312.708792,-71.909778,15.26,G,IC
IC 5046,IC 5046,310.809750,-29.853389,0.00,Dup,IC
IC 5047,IC 5047,310.893542,-29.703639,0.00,Dup,IC
IC 5048,IC 5048,312.919333,-71.800778,15.84,G,IC
IC 5049,IC 5049,311.847667,-38.415694,0.00,GPair,IC
IC 5049A,IC 5049A,311.846750,-38.413167,15.15,G,IC
IC 5049B,IC 5049B,311.849292,-38.418278,13.60,G,IC
IC 5050,IC 5050,311.312708,-5.622778,14.99,G,IC
IC 5051,IC 5051,313.094375,-71.789889,15.57,G,IC
IC 5052,IC 5052,313.023208,-69.201639,11.34,G,IC
IC 5053,IC 5053,313.400875,-71.141222,13.16,G,IC
IC 5054,IC 5054,313.439250,-71.024750,13.23,G,IC
IC 5055,IC 5055,313.238208,-68.445667,15.15,G,IC
IC 5056,IC 5056,312.247917,-39.180917,0.00,Other,IC
IC 5057,IC 5057,311.806250,0.322111,0.00,*,IC
IC 5058,IC 5058,311.834875,0.484056,0.00,Dup,IC
IC 5059,IC 5059,312.806167,-57.688667,15.60,G,IC
IC 5060,IC 5060,313.694417,-71.636472,15.50,G,IC
IC 5061,IC 5061,311.904792,0.335667,0.00,Other,IC
IC 5062,IC 5062,312.042500,-8.359750,0.00,**,IC
IC 5063,IC 5063,313.009750,-57.068778,12.45,G,IC
IC 5064,IC 5064,313.159500,-57.232444,14.32,G,IC
IC 5065,IC 5065,312.940833,-29.847278,13.60,G,IC
IC 5066,IC 5066,314.262583,-73.147250,15.15,G,IC
IC 5067,IC 5067,311.959083,44.366972,0.00,Other,IC
IC 5068,IC 5068,312.624000,42.477694,0.00,HII,IC
IC 5069,IC 5069,315.053542,-71.811694,14.17,G,IC
IC 5070,Pelican Nebula,312.753000,44.401500,8.00,HII,IC
IC 5071,IC 5071,315.332250,-72.642722,13.29,G,IC
IC 5072,IC 5072,315.486750,-72.988472,15.58,G,IC
IC 5073,IC 5073,315.832750,-72.687889,14.88,G,IC
IC 5074,IC 5074,315.251917,-63.152667,14.63,G,IC
IC 5075,IC 5075,316.158750,-71.867861,14.57,G,IC
IC 5076,IC 5076,313.889250,47.395556,0.00,RfN,IC
IC 5077,IC 5077,317.224833,-73.640806,15.74,G,IC
IC 5078,IC 5078,315.630292,-16.818306,12.65,G,IC
IC 5079,IC 5079,316.433375,-56.230250,0.00,*,IC
IC 5080,IC 5080,315.637792,19.213611,15.32,G,IC
IC 5081,IC 5081,315.755125,19.189250,0.00,Other,IC
IC 5082,IC 5082,316.164583,-12.338389,0.00,Dup,IC
IC 5083,IC 5083,315.964583,11.763639,15.30,G,IC
IC 5084,IC 5084,317.311958,-63.290028,13.57,G,IC
IC 5085,IC 5085,318.364875,-74.103056,15.29,G,IC
IC 5086,IC 5086,317.133375,-29.769056,12.84,G,IC
IC 5087,IC 5087,318.589375,-73.773833,15.04,G,IC
IC 5088,IC 5088,317.361500,-22.878583,14.49,G,IC
IC 5089,IC 5089,317.727208,-3.862778,16.11,G,IC
IC 5090,IC 5090,317.877000,-2.032556,14.46,G,IC
IC 5091,IC 5091,319.404250,-70.652944,15.94,G,IC
IC 5092,IC 5092,319.060417,-64.464667,13.01,G,IC
IC 5093,IC 5093,319.693250,-70.622389,16.01,G,IC
IC 5094,IC 5094,319.456250,-66.427667,14.55,G,IC
IC 5095,IC 5095,319.342667,-59.947556,15.42,G,IC
IC 5096,IC 5096,319.589750,-63.760667,13.33,G,IC
IC 5097,IC 5097,318.742000,4.484111,0.00,Other,IC
IC 5098,IC 5098,318.755750,4.493611,0.00,Other,IC
IC 5099,IC 5099,320.454375,-70.983361,15.43,G,IC
IC 5100,IC 5100,320.431083,-65.933361,14.62,G,IC
IC 5101,IC 5101,320.482375,-65.836056,13.32,G,IC
IC 5102,IC 5102,321.556083,-73.310083,14.80,G,IC
IC 5103,IC 5103,322.302292,-74.070167,15.05,G,IC
IC 5104,IC 5104,320.371875,21.241972,13.82,G,IC
IC 5105,IC 5105,321.091708,-40.537722,11.60,G,IC
IC 5106,IC 5106,322.158875,-70.834583,14.40,G,IC
IC 5107,IC 5107,322.062042,-65.735528,15.18,G,IC
IC 5108,IC 5108,323.214583,-72.659694,15.13,G,IC
IC 5109,IC 5109,323.427958,-74.112000,14.67,G,IC
IC 5110,IC 5110,322.680792,-60.001833,13.29,G,IC
IC 5111,IC 5111,322.044833,2.473750,15.05,G,IC
IC 5113,IC 5113,322.414542,6.818000,0.00,**,IC
IC 5114,IC 5114,323.533083,-36.653722,0.00,Dup,IC
IC 5115,IC 5115,322.738708,11.763500,15.84,G,IC
IC 5116,IC 5116,324.272917,-70.982556,13.90,G,IC
IC 5117,IC 5117,323.129042,44.596556,11.50,PN,IC
IC 5118,IC 5118,325.557500,-71.382694,15.49,G,IC
IC 5119,IC 5119,323.482708,21.837917,15.26,G,IC
IC 5120,IC 5120,324.701125,-64.350194,0.00,Dup,IC
IC 5121,IC 5121,325.330333,-63.908694,0.00,Dup,IC
IC 5122,IC 5122,324.941125,-22.406528,16.44,G,IC
IC 5123,IC 5123,326.205625,-72.420750,14.50,G,IC
IC 5124,IC 5124,324.979958,-22.426944,16.61,G,IC
IC 5125,IC 5125,325.459083,-52.773611,14.08,G,IC
IC 5126,IC 5126,325.119042,-6.345750,15.69,G,IC
IC 5127,IC 5127,324.935375,6.286306,0.00,Dup,IC
IC 5128,IC 5128,325.799042,-38.968278,14.11,G,IC
IC 5129,IC 5129,326.944083,-65.387806,15.28,G,IC
IC 5130,IC 5130,327.601125,-73.997417,14.54,G,IC
IC 5131,IC 5131,326.855458,-34.883667,12.33,G,IC
IC 5132,IC 5132,325.667542,66.168444,0.00,Neb,IC
IC 5133,IC 5133,325.696417,66.181139,0.00,Neb,IC
IC 5134,IC 5134,325.744500,66.102833,0.00,Neb,IC
IC 5135,IC 5135,327.081333,-34.951250,0.00,Dup,IC
IC 5136,IC 5136,327.441708,-34.876278,0.00,Dup,IC
IC 5137,IC 5137,327.906083,-65.583667,0.00,Other,IC
IC 5138,IC 5138,328.340375,-68.953639,14.05,G,IC
IC 5139,IC 5139,327.606917,-30.994722,13.42,G,IC
IC 5140,IC 5140,328.566792,-67.331389,15.21,G,IC
IC 5141,IC 5141,328.321000,-59.493556,13.50,G,IC
IC 5142,IC 5142,328.835375,-65.510028,14.52,G,IC
IC 5143,IC 5143,329.040542,-49.521944,0.00,Dup,IC
IC 5144,IC 5144,328.539708,15.036833,15.49,G,IC
IC 5145,IC 5145,328.596083,15.156833,14.61,G,IC
IC 5146,Cocoon Nebula,328.369833,47.266917,7.20,Cl+N,IC
IC 5147,IC 5147,329.859667,-65.449861,15.12,G,IC
IC 5148,IC 5148,329.896667,-39.385833,11.00,PN,IC
IC 5149,IC 5149,329.746000,-27.413917,14.45,G,IC
IC 5150,IC 5150,329.896667,-39.385833,0.00,Dup,IC
IC 5151,IC 5151,329.719167,3.761472,15.30,G,IC
IC 5152,IC 5152,330.672958,-51.296444,10.68,G,IC
IC 5153,IC 5153,330.098167,17.863917,0.00,G,IC
IC 5154,IC 5154,331.126208,-66.112389,15.80,G,IC
IC 5155,IC 5155,330.526083,0.488278,0.00,**,IC
IC 5156,IC 5156,330.811958,-33.838444,12.16,G,IC
IC 5157,IC 5157,330.862500,-34.941833,13.39,G,IC
IC 5158,IC 5158,331.603208,-67.517000,15.22,G,IC
IC 5159,IC 5159,330.666208,0.319000,0.00,*,IC
IC 5160,IC 5160,330.770167,10.924861,15.52,G,IC
IC 5161,IC 5161,331.412542,9.640167,15.66,G,IC
IC 5162,IC 5162,332.012833,-52.713861,15.08,G,IC
IC 5163,IC 5163,331.447417,27.085500,0.00,Other,IC
IC 5164,IC 5164,331.492500,27.047472,0.00,*,IC
IC 5165,IC 5165,332.529500,-64.578028,14.81,G,IC
IC 5166,IC 5166,331.528500,27.068000,0.00,*,IC
IC 5167,IC 5167,331.882458,-8.122611,0.00,*,IC
IC 5168,IC 5168,332.189750,-27.856472,15.55,G,IC
IC 5169,IC 5169,332.541583,-36.088611,14.27,G,IC
IC 5170,IC 5170,333.123500,-47.221944,13.35,G,IC
IC 5171,IC 5171,332.736250,-46.081472,13.46,G,IC
IC 5172,IC 5172,332.481292,12.818056,15.86,G,IC
IC 5173,IC 5173,333.672500,-69.366389,0.00,GPair,IC
IC 5173A,IC 5173A,333.685708,-69.365389,16.02,G,IC
IC 5173B,IC 5173B,333.661125,-69.367750,16.08,G,IC
IC 5174,IC 5174,333.186125,-38.171389,15.00,G,IC
IC 5175,IC 5175,333.200958,-38.127444,14.61,G,IC
IC 5176,IC 5176,333.733042,-66.849417,13.55,G,IC
IC 5177,IC 5177,332.892792,11.795944,15.16,G,IC
IC 5178,IC 5178,333.138958,-22.954056,14.72,G,IC
IC 5179,IC 5179,334.037917,-36.843722,12.03,G,IC
IC 5180,IC 5180,332.800042,38.927194,14.72,G,IC
IC 5181,IC 5181,333.340417,-46.017611,11.48,G,IC
IC 5182,IC 5182,334.021208,-65.454722,15.32,G,IC
IC 5183,IC 5183,334.037917,-36.843722,0.00,Dup,IC
IC 5184,IC 5184,334.037917,-36.843722,0.00,Dup,IC
IC 5185,IC 5185,334.431875,-65.857472,14.87,G,IC
IC 5186,IC 5186,334.693833,-36.801583,11.93,G,IC
IC 5187,IC 5187,334.574042,-59.606972,14.70,G,IC
IC 5188,IC 5188,334.610000,-59.641333,13.84,G,IC
IC 5189,IC 5189,334.058958,-5.004306,0.00,*,IC
IC 5190,IC 5190,334.752875,-59.882722,14.86,G,IC
IC 5191,IC 5191,333.760292,37.300389,14.94,G,IC
IC 5192,IC 5192,333.808500,37.271028,16.40,G,IC
IC 5193,IC 5193,333.931458,37.242833,15.46,G,IC
IC 5194,IC 5194,334.283875,-15.945694,0.00,Other,IC
IC 5195,IC 5195,333.923208,37.302778,0.00,Dup,IC
IC 5196,IC 5196,335.046917,-65.404611,15.38,G,IC
IC 5197,IC 5197,334.955917,-60.136444,14.99,G,IC
IC 5198,IC 5198,334.427833,-15.571278,0.00,Dup,IC
IC 5199,IC 5199,334.888417,-37.533806,14.86,G,IC
IC 5200,IC 5200,335.563917,-65.766333,15.97,G,IC
IC 5201,IC 5201,335.239333,-46.035861,11.37,G,IC
IC 5202,IC 5202,335.731958,-65.802889,14.68,G,IC
IC 5203,IC 5203,335.642917,-59.773222,14.75,G,IC
IC 5204,IC 5204,337.749625,-14.003528,0.00,Dup,IC
IC 5205,IC 5205,335.698167,-59.787056,15.99,G,IC
IC 5206,IC 5206,336.019250,-66.857833,15.27,G,IC
IC 5207,IC 5207,335.872708,-60.564972,15.19,G,IC
IC 5208,IC 5208,336.142792,-65.227417,14.83,G,IC
IC 5209,IC 5209,335.787917,-37.993278,15.59,G,IC
IC 5210,IC 5210,335.629625,-18.869694,14.09,G,IC
IC 5211,IC 5211,335.679417,-18.880222,14.71,G,IC
IC 5212,IC 5212,335.876083,-38.037639,14.70,G,IC
IC 5213,IC 5213,336.269958,-60.476694,15.80,G,IC
IC 5214,IC 5214,335.925875,-27.469806,0.00,Other,IC
IC 5215,IC 5215,336.742125,-65.982194,15.73,G,IC
IC 5216,IC 5216,336.186542,-18.087611,0.00,Other,IC
IC 5217,IC 5217,335.982083,50.966667,11.30,PN,IC
IC 5218,IC 5218,337.024083,-60.394861,15.12,G,IC
IC 5219,IC 5219,337.182250,-65.893722,15.96,G,IC
IC 5220,IC 5220,337.011375,-59.723444,15.09,G,IC
IC 5221,IC 5221,337.240458,-65.904583,15.92,G,IC
IC 5222,IC 5222,337.478250,-65.661361,12.75,G,IC
IC 5223,IC 5223,337.436542,7.988750,15.81,G,IC
IC 5224,IC 5224,337.625625,-45.996194,14.35,G,IC
IC 5225,IC 5225,338.033583,-25.397778,0.00,Dup,IC
IC 5226,IC 5226,338.125875,-25.661972,13.43,G,IC
IC 5227,IC 5227,338.515458,-64.697667,13.98,G,IC
IC 5228,IC 5228,338.099167,-14.120528,0.00,Dup,IC
IC 5229,IC 5229,338.709917,-61.381361,15.14,G,IC
IC 5230,IC 5230,338.917375,-61.547694,15.15,G,IC
IC 5231,IC 5231,338.503000,23.338667,15.07,G,IC
IC 5232,IC 5232,339.408792,-68.872222,15.40,G,IC
IC 5233,IC 5233,339.137000,25.763194,14.76,G,IC
IC 5234,IC 5234,340.047708,-65.825250,15.30,G,IC
IC 5235,IC 5235,340.356125,-66.580306,12.38,G,IC
IC 5236,IC 5236,340.375583,-66.618000,15.43,G,IC
IC 5237,IC 5237,340.574625,-30.057667,0.00,Dup,IC
IC 5238,IC 5238,340.374042,-60.757917,15.80,G,IC
IC 5239,IC 5239,337.779917,-38.026528,15.28,G,IC
IC 5240,IC 5240,340.468250,-44.767167,11.66,G,IC
IC 5241,IC 5241,340.410542,2.639944,14.86,G,IC
IC 5242,IC 5242,340.313375,23.406917,14.69,G,IC
IC 5243,IC 5243,340.352458,23.374639,14.49,G,IC
IC 5244,IC 5244,341.057292,-64.043389,13.69,G,IC
IC 5245,IC 5245,341.234875,-65.357917,15.07,G,IC
IC 5246,IC 5246,341.664583,-64.897972,14.74,G,IC
IC 5247,IC 5247,341.708958,-65.273889,15.01,G,IC
IC 5248,IC 5248,341.178125,-0.339500,0.00,Other,IC
IC 5249,IC 5249,341.776167,-64.832028,14.36,G,IC
IC 5250,IC 5250,341.835083,-65.058722,0.00,GPair,IC
IC 5250A,IC 5250A,341.822917,-65.059722,11.11,G,IC
IC 5250B,IC 5250B,341.842333,-65.058500,12.41,G,IC
IC 5251,IC 5251,341.294292,11.158472,0.00,Other,IC
IC 5252,IC 5252,342.037458,-68.902861,13.76,G,IC
IC 5253,IC 5253,341.370500,21.808056,15.46,G,IC
IC 5254,IC 5254,341.502125,21.125583,15.56,G,IC
IC 5255,IC 5255,341.441833,36.226778,0.00,Other,IC
IC 5256,IC 5256,342.440875,-68.690667,14.42,G,IC
IC 5257,IC 5257,343.067708,-67.419556,15.25,G,IC
IC 5258,IC 5258,342.881542,23.080583,14.07,G,IC
IC 5259,IC 5259,343.811208,36.671778,14.70,G,IC
IC 5260,IC 5260,343.577542,-39.314944,0.00,Dup,IC
IC 5261,IC 5261,343.605167,-20.362889,13.88,G,IC
IC 5262,IC 5262,343.835208,-33.887917,13.21,G,IC
IC 5263,IC 5263,344.556542,-69.052111,14.24,G,IC
IC 5264,IC 5264,344.221000,-36.554167,13.29,G,IC
IC 5265,IC 5265,344.294208,-36.462222,0.00,Dup,IC
IC 5266,IC 5266,344.586792,-65.129694,14.68,G,IC
IC 5267,IC 5267,344.306542,-43.396139,10.43,G,IC
IC 5268,IC 5268,344.054042,36.597250,0.00,Other,IC
IC 5269,IC 5269,344.431917,-36.026222,12.24,G,IC
IC 5270,IC 5270,344.478917,-35.858056,12.88,G,IC
IC 5271,IC 5271,344.507583,-33.742222,11.54,G,IC
IC 5272,IC 5272,344.879583,-65.193528,14.85,G,IC
IC 5273,IC 5273,344.861250,-37.702889,11.45,G,IC
IC 5274,IC 5274,344.615208,18.918750,15.17,G,IC
IC 5275,IC 5275,344.664417,18.862528,0.00,Other,IC
IC 5276,IC 5276,344.665625,18.819917,15.14,G,IC
IC 5277,IC 5277,345.496875,-65.197889,15.31,G,IC
IC 5278,IC 5278,345.066000,-8.178778,15.46,G,IC
IC 5279,IC 5279,345.760917,-69.209722,14.32,G,IC
IC 5280,IC 5280,345.958958,-65.207861,15.07,G,IC
IC 5281,IC 5281,345.597875,27.006389,0.00,*,IC
IC 5282,IC 5282,345.700792,21.874361,15.14,G,IC
IC 5283,IC 5283,345.825000,8.893611,13.92,G,IC
IC 5284,IC 5284,346.692792,19.122083,14.84,G,IC
IC 5285,IC 5285,346.745583,22.936472,13.03,G,IC
IC 5286,IC 5286,347.481292,-68.253111,16.20,G,IC
IC 5287,IC 5287,347.334458,0.756500,14.80,G,IC
IC 5288,IC 5288,347.934250,-68.094056,14.80,G,IC
IC 5289,IC 5289,347.820667,-32.454278,0.00,GPair,IC
IC 5290,IC 5290,348.221917,-23.469194,13.62,G,IC
IC 5291,IC 5291,348.414917,9.241528,15.65,G,IC
IC 5292,IC 5292,348.446125,13.687611,15.29,G,IC
IC 5293,IC 5293,348.686000,25.140611,15.76,G,IC
IC 5294,IC 5294,349.044833,-42.584750,0.00,Dup,IC
IC 5295,IC 5295,348.871417,25.120472,15.99,G,IC
IC 5296,IC 5296,348.932417,25.094528,15.47,G,IC
IC 5297,IC 5297,348.993500,25.025194,15.87,G,IC
IC 5298,IC 5298,349.002917,25.556694,14.90,G,IC
IC 5299,IC 5299,349.079792,20.855833,0.00,G,IC
IC 5300,IC 5300,349.142042,20.828444,15.64,G,IC
IC 5301,IC 5301,349.747625,-69.562111,15.37,G,IC
IC 5302,IC 5302,349.902875,-64.568278,15.02,G,IC
IC 5303,IC 5303,349.478083,0.264528,0.00,**,IC
IC 5304,IC 5304,349.718958,-10.259306,14.34,G,IC
IC 5305,IC 5305,349.525917,10.299861,15.59,G,IC
IC 5306,IC 5306,349.547208,10.246056,14.02,G,IC
IC 5307,IC 5307,349.591792,10.235750,17.12,G,IC
IC 5308,IC 5308,349.838083,-42.256833,0.00,Dup,IC
IC 5309,IC 5309,349.798542,8.109306,13.56,G,IC
IC 5310,IC 5310,350.198500,-22.149361,15.40,G,IC
IC 5311,IC 5311,350.157292,17.274139,0.00,**,IC
IC 5312,IC 5312,350.243000,19.318028,14.96,G,IC
IC 5313,IC 5313,350.503750,-42.480500,0.00,Dup,IC
IC 5314,IC 5314,350.285583,19.311222,15.56,G,IC
IC 5315,IC 5315,350.326042,25.385194,14.56,G,IC
IC 5316,IC 5316,350.475458,21.202556,16.25,G,IC
IC 5317,IC 5317,350.869500,21.163528,15.04,G,IC
IC 5318,IC 5318,351.029000,-11.860694,0.00,Dup,IC
IC 5319,IC 5319,351.204000,13.996528,15.77,G,IC
IC 5320,IC 5320,352.091542,-67.760278,15.18,G,IC
IC 5321,IC 5321,351.584292,-17.956389,13.98,G,IC
IC 5322,IC 5322,352.128375,-67.761333,15.30,G,IC
IC 5323,IC 5323,351.904042,-67.815472,14.05,G,IC
IC 5324,IC 5324,352.073958,-67.821361,13.98,G,IC
IC 5325,IC 5325,352.180958,-41.333472,11.28,G,IC
IC 5326,IC 5326,352.396500,-28.831167,15.06,G,IC
IC 5327,IC 5327,352.698917,-13.485444,0.00,Dup,IC
IC 5328,IC 5328,353.318583,-45.015972,11.37,G,IC
IC 5329,IC 5329,353.289958,21.237306,15.62,G,IC
IC 5330,IC 5330,353.359708,-2.883139,0.00,*,IC
IC 5331,IC 5331,353.353417,21.130056,15.03,G,IC
IC 5332,IC 5332,353.614542,-36.101083,10.03,G,IC
IC 5333,IC 5333,353.720750,-65.396028,0.00,Dup,IC
IC 5334,IC 5334,353.651750,-4.534250,14.26,G,IC
IC 5335,IC 5335,353.947375,-67.396972,15.12,G,IC
IC 5336,IC 5336,354.082042,21.098111,0.00,GPair,IC
IC 5337,IC 5337,354.104292,21.150556,14.72,G,IC
IC 5338,IC 5338,354.126792,21.146000,13.74,G,IC
IC 5339,IC 5339,354.521958,-68.442056,14.65,G,IC
IC 5340,IC 5340,354.634792,-4.854611,0.00,Other,IC
IC 5341,IC 5341,354.611750,26.985111,15.74,G,IC
IC 5342,IC 5342,354.661667,27.011361,15.39,G,IC
IC 5343,IC 5343,354.843208,-22.497167,14.20,G,IC
IC 5344,IC 5344,354.816000,-4.966750,0.00,Other,IC
IC 5345,IC 5345,354.884292,-22.413333,14.19,G,IC
IC 5346,IC 5346,355.276375,24.949806,15.90,G,IC
IC 5347,IC 5347,355.402958,24.885778,15.88,G,IC
IC 5348,IC 5348,356.246833,-42.910917,0.00,Dup,IC
IC 5349,IC 5349,356.595125,-28.005111,0.00,GPair,IC
IC 5350,IC 5350,356.810958,-27.957722,13.68,G,IC
IC 5351,IC 5351,356.828875,-2.313500,14.64,G,IC
IC 5352,IC 5352,356.832917,-2.280667,16.65,G,IC
IC 5353,IC 5353,356.869125,-28.109472,13.05,G,IC
IC 5354,IC 5354,356.868083,-28.136000,14.98,G,IC
IC 5355,IC 5355,356.813708,32.782750,14.35,G,IC
IC 5356,IC 5356,356.849125,-2.351250,14.98,G,IC
IC 5357,IC 5357,356.845792,-2.300667,14.03,G,IC
IC 5358,IC 5358,356.937667,-28.140750,12.63,G,IC
IC 5359,IC 5359,356.907750,-2.316667,15.71,G,IC
IC 5360,IC 5360,356.973875,-37.058667,0.00,Other,IC
IC 5361,IC 5361,357.870375,-13.381583,0.00,Dup,IC
IC 5362,IC 5362,357.903042,-28.365056,12.85,G,IC
IC 5363,IC 5363,357.903042,-28.365056,0.00,Dup,IC
IC 5364,IC 5364,359.104167,-29.023333,0.00,GPair,IC
IC 5365,IC 5365,359.394125,-37.024889,0.00,Other,IC
IC 5366,IC 5366,359.418292,52.791639,0.00,Other,IC
IC 5367,IC 5367,359.662125,22.449083,16.80,G,IC
IC 5368,IC 5368,359.777500,6.873056,0.00,Dup,IC
IC 5369,IC 5369,359.960583,32.702361,15.23,G,IC
IC 5370,IC 5370,0.038250,32.738389,14.76,G,IC
IC 5371,IC 5371,0.061583,32.832000,15.70,G,IC
IC 5372,IC 5372,0.067750,32.792611,15.61,G,IC
IC 5373,IC 5373,0.120042,32.782361,15.07,G,IC
IC 5374,IC 5374,0.268833,4.500194,15.37,G,IC
IC 5375,IC 5375,0.269875,4.540611,15.23,G,IC
IC 5376,IC 5376,0.332375,34.525722,14.61,G,IC
IC 5377,IC 5377,0.522500,16.590278,15.56,G,IC
IC 5378,IC 5378,0.657500,16.648056,0.00,GPair,IC
IC 5379,IC 5379,0.669583,16.600278,15.69,G,IC
IC 5380,IC 5380,0.706500,-66.186528,15.47,G,IC
IC 5381,IC 5381,0.796958,15.965722,14.85,G,IC
IC 5382,IC 5382,0.859167,-65.196667,15.29,G,IC
IC 5383,IC 5383,0.953333,16.014167,0.00,Other,IC
IC 5384,IC 5384,1.038000,-11.983889,0.00,Dup,IC
IC 5385,IC 5385,1.598750,-0.076667,0.00,Other,IC
IC 5386,IC 5386,1.618583,-3.716139,0.00,Dup,IC
IC 80 NED01,IC 80 NED01,17.211250,-15.408944,14.83,G,IC
IC 80 NED02,IC 80 NED02,17.213042,-15.406306,12.90,G,IC
IC 186 NED03,IC 186 NED03,30.105833,-1.550833,0.00,G,IC
IC 275 NED01,IC 275 NED01,45.232792,44.346306,0.00,G,IC
IC 275 NED02,IC 275 NED02,45.232917,44.350361,14.44,G,IC
IC 275 NED03,IC 275 NED03,45.244458,44.350167,16.56,G,IC
IC 316 NED01,IC 316 NED01,50.333125,41.928944,15.24,G,IC
IC 316 NED02,IC 316 NED02,50.332917,41.931917,15.03,G,IC
IC 388 NED01,IC 388 NED01,70.468417,-7.304639,16.20,G,IC
IC 388 NED02,IC 388 NED02,70.476333,-7.306472,15.91,G,IC
IC 510 NED01,IC 510 NED01,128.042458,-2.162111,0.00,G,IC
IC 510 NED02,IC 510 NED02,128.045542,-2.162389,15.09,G,IC
IC 565 NED01,IC 565 NED01,146.956958,15.852028,16.74,G,IC
IC 565 NED02,IC 565 NED02,146.960542,15.851889,15.03,G,IC
IC 590 NED01,IC 590 NED01,151.457625,0.633361,14.49,G,IC
IC 590 NED02,IC 590 NED02,151.461125,0.631806,14.84,G,IC
IC 649 NED01,IC 649 NED01,162.717042,1.165333,15.70,G,IC
IC 649 NED02,IC 649 NED02,162.717500,1.161667,14.90,G,IC
IC 700 NED01,IC 700 NED01,172.309000,20.581111,16.31,G,IC
IC 700 NED02,IC 700 NED02,172.313750,20.583167,14.09,G,IC
IC 700 NED03,IC 700 NED03,172.318167,20.586583,17.23,G,IC
IC 700 NED04,IC 700 NED04,172.319583,20.587861,18.73,G,IC
IC 720 NED01,IC 720 NED01,175.592917,8.765472,14.95,G,IC
IC 720 NED02,IC 720 NED02,175.593083,8.769861,14.82,G,IC
IC 734 NED01,IC 734 NED01,176.515625,-8.271028,15.75,G,IC
IC 734 NED02,IC 734 NED02,176.516167,-8.264972,15.65,G,IC
IC 803 NED01,IC 803 NED01,189.899417,16.587833,16.35,G,IC
IC 803 NED02,IC 803 NED02,189.906292,16.588528,15.32,G,IC
IC 869 NED01,IC 869 NED01,199.374833,20.684194,15.90,G,IC
IC 869 NED02,IC 869 NED02,199.381833,20.677583,16.57,G,IC
IC 950 NED01,IC 950 NED01,208.106833,14.488722,16.28,G,IC
IC 950 NED02,IC 950 NED02,208.111375,14.490889,15.12,G,IC
IC 956 NED01,IC 956 NED01,208.667833,20.719806,16.14,G,IC
IC 956 NED02,IC 956 NED02,208.669000,20.717000,15.95,G,IC
IC 968 NED01,IC 968 NED01,210.152542,-2.909111,15.28,G,IC
IC 968 NED02,IC 968 NED02,210.158167,-2.906306,15.88,G,IC
IC 997 NED01,IC 997 NED01,214.996875,-4.451194,14.32,G,IC
IC 997 NED02,IC 997 NED02,214.998958,-4.452306,15.71,G,IC
IC 1008 NED01,IC 1008 NED01,215.926083,28.346083,15.33,G,IC
IC 1008 NED02,IC 1008 NED02,215.929792,28.347417,15.11,G,IC
IC 1015 NED01,IC 1015 NED01,217.078667,15.416361,15.56,G,IC
IC 1015 NED02,IC 1015 NED02,217.082125,15.421944,16.54,G,IC
IC 1015 NED03,IC 1015 NED03,217.080250,15.421167,16.10,G,IC
IC 1094 NED01,IC 1094 NED01,226.924208,14.621889,16.57,G,IC
IC 1094 NED02,IC 1094 NED02,226.925792,14.627972,16.30,G,IC
IC 1094 NED03,IC 1094 NED03,226.927458,14.626750,17.14,G,IC
IC 1119 NED01,IC 1119 NED01,231.433958,-3.653944,16.50,G,IC
IC 1119 NED02,IC 1119 NED02,231.435917,-3.658056,15.28,G,IC
IC 1165 NED01,IC 1165 NED01,240.533458,15.696556,14.95,G,IC
IC 1165 NED02,IC 1165 NED02,240.536000,15.693167,15.63,G,IC
IC 1166 NED01,IC 1166 NED01,240.537167,26.329333,16.77,G,IC
IC 1166 NED02,IC 1166 NED02,240.536792,26.325333,17.07,G,IC
IC 1191 NED01,IC 1191 NED01,241.620792,18.267861,16.63,G,IC
IC 1191 NED02,IC 1191 NED02,241.623750,18.267861,17.00,G,IC
IC 1259 NED01,IC 1259 NED01,261.852958,58.516917,15.22,G,IC
IC 1259 NED02,IC 1259 NED02,261.861583,58.516556,14.11,G,IC
IC 1261 NED01,IC 1261 NED01,260.858833,71.262806,15.98,G,IC
IC 1261 NED02,IC 1261 NED02,260.837000,71.264361,14.90,G,IC
IC 1281 NED01,IC 1281 NED01,272.908417,35.987417,16.39,G,IC
IC 1281 NED02,IC 1281 NED02,272.909000,35.997250,15.58,G,IC
IC 1365 NED01,IC 1365 NED01,318.483000,2.565389,14.95,G,IC
IC 1365 NED02,IC 1365 NED02,318.477750,2.563806,15.81,G,IC
IC 1420 NED01,IC 1420 NED01,330.630417,19.750361,14.35,G,IC
IC 1420 NED02,IC 1420 NED02,330.634500,19.750111,15.02,G,IC
IC 1433 NED01,IC 1433 NED01,333.044333,-12.765583,15.64,G,IC
IC 1433 NED02,IC 1433 NED02,333.041042,-12.765611,0.00,G,IC
IC 1433 NED03,IC 1433 NED03,333.038417,-12.763139,17.74,G,IC
IC 1510 NED01,IC 1510 NED01,357.635417,2.074722,16.08,G,IC
IC 1510 NED02,IC 1510 NED02,357.637667,2.072361,15.16,G,IC
IC 1817 NED01,IC 1817 NED01,38.456667,11.203306,16.43,G,IC
IC 1817 NED02,IC 1817 NED02,38.461583,11.203500,15.18,G,IC
IC 1821 NED01,IC 1821 NED01,39.105875,13.780167,15.65,G,IC
IC 1821 NED02,IC 1821 NED02,39.111250,13.778917,0.00,G,IC
IC 1903 NED01,IC 1903 NED01,48.285667,-50.562611,17.32,G,IC
IC 1903 NED02,IC 1903 NED02,48.302292,-50.577750,16.60,G,IC
IC 1923 NED01,IC 1923 NED01,51.220458,-50.555556,17.60,G,IC
IC 1923 NED02,IC 1923 NED02,51.215708,-50.555694,0.00,*,IC
IC 1942 NED01,IC 1942 NED01,51.969792,-52.677472,17.28,G,IC
IC 1942 NED02,IC 1942 NED02,51.974625,-52.675806,15.37,G,IC
IC 1987 NED01,IC 1987 NED01,55.040375,-55.054889,16.50,G,IC
IC 1987 NED02,IC 1987 NED02,55.048083,-55.059083,15.95,G,IC
IC 1987 NED03,IC 1987 NED03,55.050167,-55.053444,16.39,G,IC
IC 1987 NED04,IC 1987 NED04,55.050875,-55.056278,0.00,G,IC
IC 2012 NED01,IC 2012 NED01,58.230250,-58.649556,16.28,G,IC
IC 2082 NED01,IC 2082 NED01,67.284208,-53.827944,12.79,G,IC
IC 2082 NED02,IC 2082 NED02,67.279250,-53.826694,13.77,G,IC
IC 2153 NED01,IC 2153 NED01,90.017625,-33.920083,14.26,G,IC
IC 2153 NED02,IC 2153 NED02,90.022667,-33.918194,14.33,G,IC
IC 2184 NED01,IC 2184 NED01,112.350667,72.127889,14.29,G,IC
IC 2184 NED02,IC 2184 NED02,112.362583,72.130972,14.00,G,IC
IC 2308 NED01,IC 2308 NED01,125.186875,19.362222,17.10,G,IC
IC 2312 NED01,IC 2312 NED01,125.221917,18.508528,16.68,G,IC
IC 2312 NED02,IC 2312 NED02,125.223125,18.512389,18.21,G,IC
IC 2431 NED01,IC 2431 NED01,136.144000,14.597889,17.47,G,IC
IC 2431 NED02,Browning,136.144667,14.595778,14.04,G,IC
IC 2431 NED03,IC 2431 NED03,136.145083,14.593417,0.00,G,IC
IC 2431 NED04,IC 2431 NED04,136.147667,14.595056,17.44,G,IC
IC 2441 NED01,IC 2441 NED01,137.507583,22.855056,15.29,G,IC
IC 2441 NED02,IC 2441 NED02,137.512083,22.851778,15.78,G,IC
IC 2543 NED01,IC 2543 NED01,152.098167,37.841528,15.73,G,IC
IC 2543 NED02,IC 2543 NED02,152.099875,37.844222,17.51,G,IC
IC 2722 NED01,IC 2722 NED01,169.933083,13.963917,16.10,G,IC
IC 2722 NED03,IC 2722 NED03,169.934833,13.962917,17.08,G,IC
IC 2793 NED01,IC 2793 NED01,170.947000,9.451333,17.65,G,IC
IC 2793 NED02,IC 2793 NED02,170.948083,9.448444,17.69,G,IC
IC 2796 NED01,IC 2796 NED01,171.034958,9.345722,17.44,G,IC
IC 2796 NED02,IC 2796 NED02,171.035083,9.342917,18.19,G,IC
IC 2873 NED01,IC 2873 NED01,172.364458,13.215694,17.39,G,IC
IC 2873 NED02,IC 2873 NED02,172.365167,13.220111,15.08,G,IC
IC 2893 NED01,IC 2893 NED01,172.721708,13.391972,17.75,G,IC
IC 2893 NED02,IC 2893 NED02,172.722750,13.389917,15.96,G,IC
IC 2945 NED01,IC 2945 NED01,174.267917,12.926444,15.21,G,IC
IC 3055 NED01,IC 3055 NED01,183.591125,12.090556,17.47,G,IC
IC 3055 NED02,IC 3055 NED02,183.592125,12.091889,0.00,G,IC
IC 3055 NED03,IC 3055 NED03,183.594208,12.091639,16.46,G,IC
IC 3121 NED01,IC 3121 NED01,184.573708,13.256444,17.33,G,IC
IC 3121 NED02,IC 3121 NED02,184.572333,13.258278,17.50,G,IC
IC 3138 NED01,IC 3138 NED01,184.734000,12.445278,16.53,G,IC
IC 3138 NED02,IC 3138 NED02,184.734167,12.442111,0.00,G,IC
IC 3142 NED01,IC 3142 NED01,184.758250,13.982444,15.39,G,IC
IC 3142 NED02,IC 3142 NED02,184.771458,13.980528,15.20,G,IC
IC 3147 NED01,IC 3147 NED01,184.821625,12.016194,16.12,G,IC
IC 3147 NED02,IC 3147 NED02,184.827792,12.018194,16.17,G,IC
IC 3278 NED01,IC 3278 NED01,186.059792,27.423472,17.69,G,IC
IC 3278 NED02,IC 3278 NED02,186.062750,27.423250,16.71,G,IC
IC 3278 NED03,IC 3278 NED03,186.064333,27.418472,16.75,G,IC
IC 3367 NED01,IC 3367 NED01,186.791958,26.957417,15.88,G,IC
IC 3557 NED01,IC 3557 NED01,189.033917,16.641472,15.97,G,IC
IC 3557 NED02,IC 3557 NED02,189.035167,16.640583,17.56,G,IC
IC 3705 NED01,IC 3705 NED01,190.923000,19.327028,17.33,G,IC
IC 3705 NED02,IC 3705 NED02,190.923000,19.323139,17.62,G,IC
IC 3800 NED01,IC 3800 NED01,192.110083,36.575861,18.31,G,IC
IC 3800 NED02,IC 3800 NED02,192.113542,36.575361,16.55,G,IC
IC 3848 NED01,IC 3848 NED01,193.166667,21.416667,17.56,G,IC
IC 3848 NED02,IC 3848 NED02,193.169125,21.414639,16.57,G,IC
IC 3866 NED01,IC 3866 NED01,193.562375,22.359639,17.66,G,IC
IC 3866 NED02,IC 3866 NED02,193.564583,22.364278,16.95,G,IC
IC 3905 NED01,IC 3905 NED01,194.033292,19.855889,19.11,G,IC
IC 3905 NED02,IC 3905 NED02,194.035750,19.853222,16.98,G,IC
IC 3905 NED03,IC 3905 NED03,194.038625,19.846722,0.00,G,IC
IC 3911 NED01,IC 3911 NED01,194.038417,35.636750,16.25,G,IC
IC 3911 NED02,IC 3911 NED02,194.040000,35.639722,18.43,G,IC
IC 3969 NED01,IC 3969 NED01,194.886292,19.653056,17.21,G,IC
IC 3969 NED02,IC 3969 NED02,194.886042,19.647556,18.58,G,IC
IC 3969 NED03,IC 3969 NED03,194.890542,19.654750,19.48,G,IC
IC 4035 NED01,IC 4035 NED01,195.069542,40.299639,16.89,G,IC
IC 4035 NED02,IC 4035 NED02,195.075000,40.302361,18.80,G,IC
IC 4061 NED01,IC 4061 NED01,195.239125,39.583111,15.96,G,IC
IC 4061 NED02,IC 4061 NED02,195.242083,39.583944,17.01,G,IC
IC 4080 NED01,IC 4080 NED01,195.490458,19.253250,17.28,G,IC
IC 4080 NED02,IC 4080 NED02,195.492708,19.255917,18.66,G,IC
IC 4151 NED01,IC 4151 NED01,195.996167,36.858028,17.58,G,IC
IC 4151 NED02,IC 4151 NED02,195.997250,36.858444,18.01,G,IC
IC 4169 NED01,IC 4169 NED01,196.300042,38.770694,19.09,G,IC
IC 4169 NED02,IC 4169 NED02,196.302167,38.773556,16.41,G,IC
IC 4170 NED01,IC 4170 NED01,196.395792,21.134944,12.70,G,IC
IC 4170 NED02,IC 4170 NED02,196.396958,21.129694,18.93,G,IC
IC 4185 NED01,IC 4185 NED01,196.552375,21.769250,16.59,G,IC
IC 4185 NED02,IC 4185 NED02,196.553208,21.775861,18.03,G,IC
IC 4271 NED01,IC 4271 NED01,202.339333,37.414028,15.35,G,IC
IC 4271 NED02,IC 4271 NED02,202.338792,37.409667,15.00,G,IC
IC 4287 NED01,IC 4287 NED01,203.162375,25.441111,15.27,G,IC
IC 4287 NED02,IC 4287 NED02,203.165250,25.440194,0.00,G,IC
IC 4473 NED01,IC 4473 NED01,219.476625,15.860694,15.97,G,IC
IC 4473 NED02,IC 4473 NED02,219.475208,15.863667,15.39,G,IC
IC 4473 NED03,IC 4473 NED03,219.475917,15.870167,0.00,G,IC
IC 4759 NED01,IC 4759 NED01,281.419667,-63.084778,17.33,G,IC
IC 4759 NED02,IC 4759 NED02,281.422083,-63.087000,15.42,G,IC
IC 4974 NED01,IC 4974 NED01,303.858875,-61.857667,14.36,G,IC
IC 4974 NED02,IC 4974 NED02,303.862292,-61.863056,0.00,G,IC
IC 5289 NED01,IC 5289 NED01,347.821667,-32.455972,0.00,G,IC
IC 5289 NED02,IC 5289 NED02,347.822083,-32.451861,15.40,G,IC
IC 5336 NED01,IC 5336 NED01,354.078000,21.099472,15.98,G,IC
IC 5336 NED02,IC 5336 NED02,354.085167,21.096722,15.59,G,IC
IC 5349 NED01,IC 5349 NED01,356.594583,-28.006028,15.31,G,IC
IC 5349 NED02,IC 5349 NED02,356.596208,-28.003250,14.96,G,IC
IC 5364 NED01,IC 5364 NED01,359.099625,-29.023694,14.28,G,IC
IC 5364 NED02,IC 5364 NED02,359.105167,-29.023389,14.39,G,IC
IC 5378 NED01,IC 5378 NED01,0.657917,16.643778,15.09,G,IC
IC 5378 NED02,IC 5378 NED02,0.657083,16.652222,16.84,G,IC
Absolutno,Absolutno,116.716506,39.094572,11.95,Star,IAU
Acamar,Acamar,44.565311,-40.304672,2.88,Star,IAU
Achernar,Achernar,24.428523,-57.236753,0.45,Star,IAU
Achird,Achird,12.276213,57.815187,3.46,Star,IAU
Acrab,Acrab,241.359300,-19.805453,2.56,Star,IAU
Acrux,Acrux,186.649563,-63.099093,1.33,Star,IAU
Acubens,Acubens,134.621761,11.857700,4.26,Star,IAU
Adhafera,Adhafera,154.172567,23.417312,3.43,Star,IAU
Adhara,Adhara,104.656453,-28.972086,1.50,Star,IAU
Adhil,Adhil,20.585080,45.528778,4.87,Star,IAU
Ain,Ain,67.154163,19.180435,3.53,Star,IAU
Ainalrami,Ainalrami,283.542404,-22.744840,4.86,Star,IAU
Aladfar,Aladfar,288.439531,39.145970,4.43,Star,IAU
Alasia,Alasia,275.457428,-11.922682,7.95,Star,IAU
Albaldah,Albaldah,287.440971,-21.023615,2.88,Star,IAU
Albali,Albali,311.918969,-9.495775,3.78,Star,IAU
Albireo,Albireo,292.680351,27.959692,3.37,Star,IAU
Alchiba,Alchiba,182.103402,-24.728875,4.02,Star,IAU
Alcor,Alcor,201.306403,54.987954,3.99,Star,IAU
Alcyone,Alcyone,56.871152,24.105136,2.85,Star,IAU
Aldebaran,Aldebaran,68.980163,16.509302,0.87,Star,IAU
Alderamin,Alderamin,319.644885,62.585574,2.45,Star,IAU
Aldhanab,Aldhanab,328.482192,-37.364855,3.00,Star,IAU
Aldhibah,Aldhibah,257.196650,65.714684,3.17,Star,IAU
Aldulfin,Aldulfin,308.303216,11.303261,4.03,Star,IAU
Alfirk,Alfirk,322.164987,70.560715,3.23,Star,IAU
Algedi,Algedi,304.513566,-12.544852,3.58,Star,IAU
Algenib,Algenib,3.308963,15.183594,2.83,Star,IAU
Algieba,Algieba,154.993144,19.841489,2.61,Star,IAU
Algol,Algol,47.042215,40.955648,2.09,Star,IAU
Algorab,Algorab,187.466063,-16.515431,2.94,Star,IAU
Alhena,Alhena,99.427960,16.399280,1.93,Star,IAU
Alioth,Alioth,193.507290,55.959823,1.76,Star,IAU
Aljanah,Aljanah,311.552843,33.970257,2.48,Star,IAU
Alkaid,Alkaid,206.885157,49.313267,1.85,Star,IAU
Alkalurops,Alkalurops,231.122618,37.377169,4.31,Star,IAU
Alkaphrah,Alkaphrah,135.906365,47.156525,4.16,Star,IAU
Alkarab,Alkarab,351.344931,23.404100,4.42,Star,IAU
Alkes,Alkes,164.943604,-18.298783,4.08,Star,IAU
Almaaz,Almaaz,75.492219,43.823307,3.03,Star,IAU
Almach,Almach,30.974804,42.329725,2.10,Star,IAU
Alnair,Alnair,332.058270,-46.960974,1.73,Star,IAU
Alnasl,Alnasl,271.452025,-30.424100,2.98,Star,IAU
Alnilam,Alnilam,84.053389,-1.201919,1.69,Star,IAU
Alnitak,Alnitak,85.189694,-1.942574,1.74,Star,IAU
Alniyat,Alniyat,245.297149,-25.592792,2.90,Star,IAU
Alphard,Alphard,141.896847,-8.658602,1.99,Star,IAU
Alphecca,Alphecca,233.671950,26.714693,2.22,Star,IAU
Alpheratz,Alpheratz,2.096916,29.090431,2.07,Star,IAU
Alpherg,Alpherg,22.870873,15.345823,3.83,Star,IAU
Alrakis,Alrakis,256.333807,54.470078,5.55,Star,IAU
Alrescha,Alrescha,30.511772,2.763735,3.82,Star,IAU
Alruba,Alruba,265.996568,53.801715,5.75,Star,IAU
Alsafi,Alsafi,293.089960,69.661176,4.67,Star,IAU
Alsciaukat,Alsciaukat,125.708792,43.188131,4.25,Star,IAU
Alsephina,Alsephina,131.175944,-54.708819,1.99,Star,IAU
Alshain,Alshain,298.828304,6.406763,3.71,Star,IAU
Alshat,Alshat,305.165898,-12.759079,4.77,Star,IAU
Altair,Altair,297.695827,8.868321,0.76,Star,IAU
Altais,Altais,288.138750,67.661541,3.07,Star,IAU
Alterf,Alterf,142.930115,22.967970,4.32,Star,IAU
Aludra,Aludra,111.023760,-29.303106,2.45,Star,IAU
Alula,Alula,169.545423,31.529161,0.00,Star,IAU
Alya,Alya,284.054949,4.203602,4.62,Star,IAU
Alzirr,Alzirr,101.322351,12.895592,3.35,Star,IAU
Amadioha,Amadioha,93.398590,-29.897264,8.98,Star,IAU
Amansinaya,Amansinaya,165.399575,-23.860662,10.30,Star,IAU
Anadolu,Anadolu,348.494823,8.761270,11.95,Star,IAU
Ancha,Ancha,334.208485,-7.783291,4.17,Star,IAU
Angetenar,Angetenar,42.759674,-21.004018,4.76,Star,IAU
Aniara,Aniara,177.843796,57.640734,7.86,Star,IAU
Ankaa,Ankaa,6.570939,-42.306084,2.40,Star,IAU
Anser,Anser,292.176375,24.664903,4.44,Star,IAU
Antares,Antares,247.351915,-26.432003,1.06,Star,IAU
Arcalis,Arcalis,223.345951,18.235409,7.80,Star,IAU
Arcturus,Arcturus,213.915300,19.182409,-0.05,Star,IAU
Arkab,Arkab,290.804740,-44.799779,0.00,Star,IAU
Arneb,Arneb,83.182567,-17.822289,2.58,Star,IAU
Ascella,Ascella,285.653043,-29.880063,2.60,Star,IAU
Asellus,Asellus,131.171248,18.154309,0.00,Star,IAU
Ashlesha,Ashlesha,131.693794,6.418809,3.49,Star,IAU
Aspidiske,Aspidiske,139.272529,-59.275232,2.21,Star,IAU
Asterope,Asterope,56.476987,24.554512,5.76,Star,IAU
Atakoraka,Atakoraka,101.115022,-32.858383,12.53,Star,IAU
Athebyne,Athebyne,245.997858,61.514214,2.73,Star,IAU
Atik,Atik,56.079720,32.288240,3.84,Star,IAU
Atlas,Atlas,57.290597,24.053415,3.62,Star,IAU
Atria,Atria,252.166229,-69.027712,1.91,Star,IAU
Avior,Avior,125.628480,-59.509484,1.86,Star,IAU
Axolotl,Axolotl,359.974298,-22.428116,8.23,Star,IAU
Ayeyarwady,Ayeyarwady,45.044402,-20.802604,7.81,Star,IAU
Azelfafage,Azelfafage,325.523602,51.189623,4.69,Star,IAU
Azha,Azha,44.106873,-8.898145,3.89,Star,IAU
Azmidi,Azmidi,117.323563,-24.859786,3.45,Star,IAU
Baekdu,Baekdu,224.201473,74.900923,6.83,Star,IAU
Barnard's,Barnard's,269.454023,4.668288,0.00,Star,IAU
Baten,Baten,27.865137,-10.335044,0.00,Star,IAU
Beemim,Beemim,66.009239,-34.016848,3.97,Star,IAU
Beid,Beid,62.966415,-6.837580,4.04,Star,IAU
Belel,Belel,290.267627,-23.619570,7.55,Star,IAU
Belenos,Belenos,21.302148,28.566695,7.12,Star,IAU
Bellatrix,Bellatrix,81.282764,6.349703,1.64,Star,IAU
Berehynia,Berehynia,66.248062,39.460642,11.72,Star,IAU
Betelgeuse,Betelgeuse,88.792939,7.407064,0.45,Star,IAU
Bharani,Bharani,42.495972,27.260507,3.61,Star,IAU
Bibha,Bibha,149.024661,-3.808423,8.73,Star,IAU
Biham,Biham,332.549939,6.197863,3.52,Star,IAU
Bosona,Bosona,325.853751,-7.408253,8.34,Star,IAU
Botein,Botein,47.907356,19.726674,4.35,Star,IAU
Brachium,Brachium,226.017567,-25.281961,3.25,Star,IAU
Bubup,Bubup,84.258403,-73.699346,6.69,Star,IAU
Buna,Buna,39.257963,42.062630,7.28,Star,IAU
Bunda,Bunda,324.437956,-7.854202,4.80,Star,IAU
Canopus,Canopus,95.987958,-52.695661,-0.62,Star,IAU
Capella,Capella,79.172328,45.997991,0.08,Star,IAU
Caph,Caph,2.294522,59.149781,2.28,Star,IAU
Castor,Castor,113.649428,31.888276,1.98,Star,IAU
Castula,Castula,14.166271,59.181055,4.62,Star,IAU
Cebalrai,Cebalrai,265.868136,4.567300,2.76,Star,IAU
Ceibo,Ceibo,114.841057,-78.278974,9.37,Star,IAU
Celaeno,Celaeno,56.200893,24.289468,5.45,Star,IAU
Cervantes,Cervantes,266.036255,-51.834051,5.15,Star,IAU
Chalawan,Chalawan,164.866553,40.430256,5.03,Star,IAU
Chamukuy,Chamukuy,67.165586,15.870882,3.73,Star,IAU
Chaophraya,Chaophraya,43.688059,-10.898063,11.55,Star,IAU
Chara,Chara,188.435603,41.357479,4.24,Star,IAU
Chason,Chason,274.405470,36.621436,11.82,Star,IAU
Chechia,Chechia,304.025017,4.580795,6.44,Star,IAU
Chertan,Chertan,168.560019,15.429571,3.33,Star,IAU
Citadelle,Citadelle,4.821110,14.054756,8.36,Star,IAU
Citala,Citala,105.075149,-5.367161,6.29,Star,IAU
Cocibolca,Cocibolca,11.111045,-26.515683,7.78,Star,IAU
Copernicus,Copernicus,133.149212,28.330820,5.95,Star,IAU
Cor,Cor,194.006943,38.318376,0.00,Star,IAU
Cujam,Cujam,246.353979,14.033274,4.57,Star,IAU
Cursa,Cursa,76.962440,-5.086446,2.78,Star,IAU
Dabih,Dabih,305.252803,-14.781405,3.05,Star,IAU
Dalim,Dalim,48.018864,-28.987620,3.86,Star,IAU
Deneb,Deneb,310.357980,45.280339,1.25,Star,IAU
Denebola,Denebola,177.264910,14.572058,2.14,Star,IAU
Diadem,Diadem,197.497029,17.529447,4.85,Star,IAU
Dingolay,Dingolay,166.185228,-2.513218,8.21,Star,IAU
Diphda,Diphda,10.897379,-17.986606,2.04,Star,IAU
Diwo,Diwo,239.962287,-28.061753,11.38,Star,IAU
Diya,Diya,41.040041,-30.169045,10.84,Star,IAU
Dofida,Dofida,203.106482,-47.271365,7.17,Star,IAU
Dombay,Dombay,206.094141,48.028668,11.28,Star,IAU
Dschubba,Dschubba,240.083359,-22.621710,2.29,Star,IAU
Dubhe,Dubhe,165.931965,61.751035,1.81,Star,IAU
Dziban,Dziban,265.484814,72.148847,4.57,Star,IAU
Ebla,Ebla,347.294696,-2.260746,8.59,Star,IAU
Edasich,Edasich,231.232396,58.966063,3.29,Star,IAU
Electra,Electra,56.218904,24.113336,3.72,Star,IAU
Elgafar,Elgafar,217.050575,-2.227957,4.84,Star,IAU
Elkurud,Elkurud,91.881801,-37.252920,5.00,Star,IAU
Elnath,Elnath,81.572971,28.607452,1.65,Star,IAU
Eltanin,Eltanin,269.151541,51.488896,2.24,Star,IAU
Emiw,Emiw,17.696756,-66.188164,8.06,Star,IAU
Enif,Enif,326.046484,9.875009,2.38,Star,IAU
Errai,Errai,354.836655,77.632313,3.21,Star,IAU
Fafnir,Fafnir,276.496406,65.563480,4.82,Star,IAU
Fang,Fang,239.712972,-26.114108,2.89,Star,IAU
Fawaris,Fawaris,296.243658,45.130810,2.90,Star,IAU
Felis,Felis,148.717528,-19.009336,4.94,Star,IAU
Felixvarela,Felixvarela,7.142942,-16.226345,9.62,Star,IAU
Flegetonte,Flegetonte,176.426220,2.821479,8.07,Star,IAU
Fomalhaut,Fomalhaut,344.412693,-29.622237,1.17,Star,IAU
Formosa,Formosa,173.765637,20.441545,6.45,Star,IAU
Franz,Franz,260.116160,38.242197,9.86,Star,IAU
Fulu,Fulu,9.242851,53.896908,3.69,Star,IAU
Fumalsamakah,Fumalsamakah,345.969225,3.820045,4.48,Star,IAU
Funi,Funi,188.029952,74.489547,8.75,Star,IAU
Furud,Furud,95.078300,-30.063367,3.02,Star,IAU
Fuyue,Fuyue,267.464503,-37.043305,3.19,Star,IAU
Gacrux,Gacrux,187.791498,-57.113213,1.59,Star,IAU
Gakyid,Gakyid,129.815846,12.960375,8.23,Star,IAU
Geminga,Geminga,98.475638,17.770253,0.00,Star,IAU
Giausar,Giausar,172.850920,69.331075,3.82,Star,IAU
Gienah,Gienah,183.951543,-17.541929,2.58,Star,IAU
Ginan,Ginan,185.340039,-60.401147,3.59,Star,IAU
Gloas,Gloas,140.102977,33.882417,10.38,Star,IAU
Gomeisa,Gomeisa,111.787674,8.289316,2.89,Star,IAU
Grumium,Grumium,268.382207,56.872646,3.73,Star,IAU
Gudja,Gudja,237.184903,18.141564,4.09,Star,IAU
Gumala,Gumala,288.888459,-24.179354,6.25,Star,IAU
Guniibuu,Guniibuu,258.837875,-26.598892,5.07,Star,IAU
Hadar,Hadar,210.955856,-60.373035,0.61,Star,IAU
Haedus,Haedus,76.628722,41.234476,3.18,Star,IAU
Hamal,Hamal,31.793357,23.462418,2.01,Star,IAU
Hassaleh,Hassaleh,74.248421,33.166100,2.69,Star,IAU
Hatysa,Hatysa,83.858258,-5.909901,2.80,Star,IAU
Helvetios,Helvetios,344.366583,20.768831,5.49,Star,IAU
Heze,Heze,203.673300,-0.595820,3.38,Star,IAU
Hoggar,Hoggar,67.856059,4.575295,8.38,Star,IAU
Homam,Homam,340.365503,10.831363,3.41,Star,IAU
Horna,Horna,35.383251,32.246136,12.30,Star,IAU
Hunahpu,Hunahpu,169.448138,-23.975415,8.05,Star,IAU
Hunor,Hunor,245.151491,41.048086,8.72,Star,IAU
Iklil,Iklil,239.221151,-29.214073,3.87,Star,IAU
Illyrian,Illyrian,143.938267,34.780742,7.62,Star,IAU
Imai,Imai,183.786320,-58.748927,2.75,Star,IAU
Inquill,Inquill,259.964168,-48.549320,6.67,Star,IAU
Intan,Intan,50.177891,-33.730104,9.92,Star,IAU
Intercrus,Intercrus,142.166618,45.601482,5.41,Star,IAU
Irena,Irena,243.959855,10.032579,9.41,Star,IAU
Itonda,Itonda,329.332698,-37.763624,7.47,Star,IAU
Izar,Izar,221.246763,27.074207,2.35,Star,IAU
Jabbah,Jabbah,242.998894,-19.460708,4.50,Star,IAU
Jishui,Jishui,114.791387,34.584346,4.89,Star,IAU
Kaffaljidhma,Kaffaljidhma,40.825163,3.235816,3.56,Star,IAU
Kalausi,Kalausi,144.299282,-43.272204,8.23,Star,IAU
Kamuy,Kamuy,242.516310,26.742748,6.57,Star,IAU
Kang,Kang,213.223939,-10.273704,4.18,Star,IAU
Karaka,Karaka,233.916337,-80.204594,8.71,Star,IAU
Kaus,Kaus,276.042993,-34.384616,0.00,Star,IAU
Kaveh,Kaveh,283.920350,4.265323,8.02,Star,IAU
Keid,Keid,63.817999,-7.652872,4.43,Star,IAU
Khambalia,Khambalia,214.777468,-13.371096,4.52,Star,IAU
Kitalpha,Kitalpha,318.955949,5.247865,3.92,Star,IAU
Kochab,Kochab,222.676357,74.155504,2.07,Star,IAU
Koeia,Koeia,41.678695,-23.086612,10.25,Star,IAU
Koit,Koit,110.388168,58.268087,10.78,Star,IAU
Kornephoros,Kornephoros,247.554998,21.489611,2.78,Star,IAU
Kraz,Kraz,188.596810,-23.396759,2.65,Star,IAU
Kurhah,Kurhah,330.947724,64.627971,4.26,Star,IAU
La,La,191.282615,45.440257,0.00,Star,IAU
Larawag,Larawag,252.540878,-34.293232,2.29,Star,IAU
Lerna,Lerna,135.344371,6.097227,12.00,Star,IAU
Lesath,Lesath,262.690979,-37.295813,2.70,Star,IAU
Libertas,Libertas,298.562008,8.461453,4.71,Star,IAU
Lich,Lich,195.012701,12.682417,0.00,Star,IAU
Liesma,Liesma,203.510581,53.728527,8.05,Star,IAU
Lilii,Lilii,41.977256,29.247115,39.00,Star,IAU
Lionrock,Lionrock,336.762801,-17.263656,7.60,Star,IAU
Lucilinburhuc,Lucilinburhuc,97.190463,38.962962,7.89,Star,IAU
Lusitania,Lusitania,97.304966,10.933891,8.10,Star,IAU
Maasym,Maasym,262.684626,26.110645,4.41,Star,IAU
Macondo,Macondo,161.087146,-33.577024,8.30,Star,IAU
Mago,Mago,77.403000,69.639404,6.43,Star,IAU
Mahasim,Mahasim,89.930292,37.212585,2.65,Star,IAU
Mahsati,Mahsati,253.431594,11.973748,8.38,Star,IAU
Maia,Maia,56.456695,24.367751,3.87,Star,IAU
Malmok,Malmok,217.326730,-3.444501,11.89,Star,IAU
Marfik,Marfik,247.728453,1.983888,3.82,Star,IAU
Markab,Markab,346.190223,15.205267,2.49,Star,IAU
Markeb,Markeb,140.528407,-55.010667,2.47,Star,IAU
Marohu,Marohu,348.157237,-22.673966,11.98,Star,IAU
Marsic,Marsic,242.018857,17.046980,5.00,Star,IAU
Matar,Matar,340.750579,30.221244,2.93,Star,IAU
Mazaalai,Mazaalai,171.274941,41.027964,11.56,Star,IAU
Mebsuta,Mebsuta,100.983026,25.131127,3.06,Star,IAU
Megrez,Megrez,183.856503,57.032615,3.32,Star,IAU
Meissa,Meissa,83.784486,9.934156,3.39,Star,IAU
Mekbuda,Mekbuda,106.027215,20.570295,4.01,Star,IAU
Meleph,Meleph,130.112544,19.544809,6.29,Star,IAU
Menkalinan,Menkalinan,89.882179,44.947433,1.90,Star,IAU
Menkar,Menkar,45.569885,4.089737,2.54,Star,IAU
Menkent,Menkent,211.670617,-36.369958,2.06,Star,IAU
Menkib,Menkib,59.741253,35.791032,3.98,Star,IAU
Merak,Merak,165.460319,56.382426,2.34,Star,IAU
Merga,Merga,222.327791,46.116206,5.76,Star,IAU
Meridiana,Meridiana,287.368087,-37.904473,4.11,Star,IAU
Merope,Merope,56.581552,23.948348,4.14,Star,IAU
Mesarthim,Mesarthim,28.382560,19.293852,4.75,Star,IAU
Miaplacidus,Miaplacidus,138.299906,-69.717208,1.67,Star,IAU
Mimosa,Mimosa,191.930263,-59.688764,1.25,Star,IAU
Minchir,Minchir,129.689323,3.341436,4.45,Star,IAU
Minelauva,Minelauva,193.900869,3.397470,3.39,Star,IAU
Mintaka,Mintaka,83.001667,-0.299095,2.25,Star,IAU
Mira,Mira,34.836617,-2.977640,6.47,Star,IAU
Mirach,Mirach,17.433013,35.620557,2.07,Star,IAU
Miram,Miram,42.674207,55.895497,3.77,Star,IAU
Mirfak,Mirfak,51.080709,49.861179,1.79,Star,IAU
Mirzam,Mirzam,95.674939,-17.955919,1.98,Star,IAU
Misam,Misam,47.374048,44.857541,3.79,Star,IAU
Mizar,Mizar,200.981429,54.925362,2.23,Star,IAU
Moldoveanu,Moldoveanu,240.549360,28.169561,11.28,Star,IAU
Monch,Monch,221.886361,-0.281474,8.04,Star,IAU
Montuno,Montuno,66.370903,-30.600447,10.06,Star,IAU
Morava,Morava,356.666561,31.155937,12.18,Star,IAU
Moriah,Moriah,306.123848,16.762170,12.17,Star,IAU
Mothallah,Mothallah,28.270450,29.578826,3.42,Star,IAU
Mouhoun,Mouhoun,72.574423,-24.368843,7.91,Star,IAU
Mpingo,Mpingo,29.263350,0.758855,10.57,Star,IAU
Muliphein,Muliphein,105.939554,-15.633286,4.11,Star,IAU
Muphrid,Muphrid,208.671161,18.397717,2.68,Star,IAU
Muscida,Muscida,127.566128,60.718170,3.35,Star,IAU
Musica,Musica,314.608058,10.839286,5.48,Star,IAU
Muspelheim,Muspelheim,33.131160,51.778767,11.73,Star,IAU
Nahn,Nahn,137.339722,22.045446,5.70,Star,IAU
Naledi,Naledi,87.139974,-63.988441,10.12,Star,IAU
Naos,Naos,120.896031,-40.003148,2.21,Star,IAU
Nashira,Nashira,325.022735,-16.662308,3.69,Star,IAU
Nasti,Nasti,124.592386,61.460721,8.20,Star,IAU
Natasha,Natasha,147.510404,-49.790266,8.54,Star,IAU
Nekkar,Nekkar,225.486510,40.390567,3.49,Star,IAU
Nembus,Nembus,24.498154,48.628214,3.59,Star,IAU
Nenque,Nenque,16.167293,-39.488218,7.72,Star,IAU
Nervia,Nervia,102.877151,40.867757,8.10,Star,IAU
Nganurganity,Nganurganity,105.429782,-27.934830,3.49,Star,IAU
Nihal,Nihal,82.061346,-20.759441,2.83,Star,IAU
Nikawiy,Nikawiy,229.775760,41.733206,7.88,Star,IAU
Nosaxa,Nosaxa,100.007196,-48.541956,8.05,Star,IAU
Nunki,Nunki,283.816360,-26.296724,2.05,Star,IAU
Nusakan,Nusakan,231.957211,29.105699,3.90,Star,IAU
Nushagak,Nushagak,42.435361,71.753231,8.17,Star,IAU
Nyamien,Nyamien,208.927967,-32.159615,10.80,Star,IAU
Ogma,Ogma,247.623409,38.347311,8.16,Star,IAU
Okab,Okab,286.352533,13.863477,2.99,Star,IAU
Paikauhale,Paikauhale,248.970637,-28.216017,2.82,Star,IAU
Parumleo,Parumleo,3.961699,1.200441,11.41,Star,IAU
Peacock,Peacock,306.411904,-56.735090,1.94,Star,IAU
Petra,Petra,303.167372,-2.144220,11.27,Star,IAU
Phact,Phact,84.912254,-34.074110,2.65,Star,IAU
Phecda,Phecda,178.457679,53.694758,2.41,Star,IAU
Pherkad,Pherkad,230.182150,71.834017,3.00,Star,IAU
Phoenicia,Phoenicia,303.499356,-0.866881,7.79,Star,IAU
Piautos,Piautos,125.133901,24.022311,5.92,Star,IAU
Pincoya,Pincoya,270.778888,-28.560655,9.66,Star,IAU
Pipirima,Pipirima,253.083939,-38.017535,3.56,Star,IAU
Pipoltr,Pipoltr,268.029244,37.546177,12.20,Star,IAU
Pleione,Pleione,57.296738,24.136710,5.05,Star,IAU
Poerava,Poerava,352.834742,-58.209731,7.82,Star,IAU
Polaris,Polaris,37.954561,89.264109,2.13,Star,IAU
Polis,Polis,273.440870,-21.058832,3.84,Star,IAU
Pollux,Pollux,116.328958,28.026199,1.16,Star,IAU
Porrima,Porrima,190.415181,-1.449373,3.44,Star,IAU
Praecipua,Praecipua,163.327937,34.214872,3.79,Star,IAU
Prima,Prima,64.948349,15.627643,0.00,Star,IAU
Procyon,Procyon,114.825493,5.224993,0.40,Star,IAU
Propus,Propus,93.719405,22.506794,3.32,Star,IAU
Proxima,Proxima,217.428953,-62.679484,0.00,Star,IAU
Ran,Ran,53.232687,-9.458259,3.73,Star,IAU
Rana,Rana,55.812086,-9.763392,3.53,Star,IAU
Rapeto,Rapeto,256.128629,-43.309770,7.39,Star,IAU
Rasalas,Rasalas,148.190903,26.006953,3.88,Star,IAU
Rasalgethi,Rasalgethi,258.661910,14.390333,3.37,Star,IAU
Rasalhague,Rasalhague,263.733627,12.560035,2.08,Star,IAU
Rastaban,Rastaban,262.608174,52.301389,2.79,Star,IAU
Regulus,Regulus,152.092962,11.967209,1.36,Star,IAU
Revati,Revati,18.432864,7.575354,5.21,Star,IAU
Rigel,Rigel,78.634467,-8.201638,0.18,Star,IAU
Rigil,Rigil,219.902066,-60.833975,0.00,Star,IAU
Rosaliadecastro,Rosaliadecastro,248.212712,2.084828,7.89,Star,IAU
Rotanev,Rotanev,309.387235,14.595115,3.64,Star,IAU
Ruchbah,Ruchbah,21.453964,60.235284,2.66,Star,IAU
Rukbat,Rukbat,290.971570,-40.615940,3.96,Star,IAU
Sabik,Sabik,257.594529,-15.724907,2.43,Star,IAU
Saclateni,Saclateni,75.619531,41.075839,3.69,Star,IAU
Sadachbia,Sadachbia,335.414064,-1.387334,3.86,Star,IAU
Sadalbari,Sadalbari,342.500809,24.601577,3.51,Star,IAU
Sadalmelik,Sadalmelik,331.445983,-0.319849,2.95,Star,IAU
Sadalsuud,Sadalsuud,322.889715,-5.571176,2.90,Star,IAU
Sadr,Sadr,305.557091,40.256679,2.23,Star,IAU
Sagarmatha,Sagarmatha,173.964679,-4.755695,8.42,Star,IAU
Saiph,Saiph,86.939120,-9.669605,2.07,Star,IAU
Salm,Salm,350.159341,23.740336,4.58,Star,IAU
Samaya,Samaya,324.535016,-31.737484,8.56,Star,IAU
Sansuna,Sansuna,303.195361,18.104833,10.31,Star,IAU
Sargas,Sargas,264.329711,-42.997824,1.86,Star,IAU
Sarin,Sarin,258.757963,24.839204,3.12,Star,IAU
Sceptrum,Sceptrum,69.545104,-14.304017,4.02,Star,IAU
Scheat,Scheat,345.943572,28.082785,2.44,Star,IAU
Schedar,Schedar,10.126838,56.537331,2.24,Star,IAU
Secunda,Secunda,65.733719,17.542514,0.00,Star,IAU
Segin,Segin,28.598857,63.670101,3.35,Star,IAU
Seginus,Seginus,218.019466,38.308251,3.04,Star,IAU
Sham,Sham,295.024133,18.013891,4.39,Star,IAU
Shama,Shama,171.072328,-1.529073,9.10,Star,IAU
Sharjah,Sharjah,243.174084,-18.875503,11.34,Star,IAU
Shaula,Shaula,263.402167,-37.103824,2.08,Star,IAU
Sheliak,Sheliak,282.519978,33.362668,3.60,Star,IAU
Sheratan,Sheratan,28.660046,20.808031,2.70,Star,IAU
Sika,Sika,290.720770,-32.919053,7.84,Star,IAU
Sirius,Sirius,101.287155,-16.716116,-1.45,Star,IAU
Situla,Situla,339.439084,-4.228056,5.04,Star,IAU
Skat,Skat,343.662556,-15.820827,3.27,Star,IAU
Solaris,Solaris,318.399959,14.689385,9.78,Star,IAU
Spica,Spica,201.298247,-11.161319,0.98,Star,IAU
Sterrennacht,Sterrennacht,354.774209,42.465973,10.54,Star,IAU
Stribor,Stribor,133.461689,33.056812,8.03,Star,IAU
Sualocin,Sualocin,309.909530,15.912073,3.86,Star,IAU
Subra,Subra,145.287640,9.892308,3.52,Star,IAU
Suhail,Suhail,136.998993,-43.432589,2.23,Star,IAU
Sulafat,Sulafat,284.735928,32.689557,3.25,Star,IAU
Syrma,Syrma,214.003623,-6.000545,4.07,Star,IAU
Tabit,Tabit,72.460045,6.961275,3.19,Star,IAU
Taika,Taika,335.512865,45.457366,11.35,Star,IAU
Taiyangshou,Taiyangshou,176.512559,47.779406,3.69,Star,IAU
Taiyi,Taiyi,193.868951,65.438474,5.23,Star,IAU
Talitha,Talitha,134.801890,48.041826,3.12,Star,IAU
Tangra,Tangra,347.492723,18.396078,11.40,Star,IAU
Tania,Tania,155.582250,41.499519,0.00,Star,IAU
Tapecue,Tapecue,116.957168,-54.264144,8.10,Star,IAU
Tarazed,Tarazed,296.564915,10.613262,2.72,Star,IAU
Tarf,Tarf,124.128838,9.185544,3.53,Star,IAU
Taygeta,Taygeta,56.302063,24.467270,4.30,Star,IAU
Tegmine,Tegmine,123.053168,17.647801,5.24,Star,IAU
Tejat,Tejat,95.740112,22.513583,2.87,Star,IAU
Terebellum,Terebellum,298.959838,-26.299534,4.70,Star,IAU
Tevel,Tevel,110.168568,37.140651,12.15,Star,IAU
Theemin,Theemin,68.887660,-30.562341,3.81,Star,IAU
Thuban,Thuban,211.097291,64.375851,3.67,Star,IAU
Tiaki,Tiaki,340.666876,-46.884576,2.12,Star,IAU
Tianguan,Tianguan,84.411189,21.142544,2.97,Star,IAU
Tianyi,Tianyi,191.893099,66.790305,5.43,Star,IAU
Timir,Timir,247.117296,-13.399636,6.89,Star,IAU
Tislit,Tislit,126.337846,-11.500986,10.77,Star,IAU
Titawin,Titawin,24.199342,41.405457,4.09,Star,IAU
Tojil,Tojil,52.818029,-23.819678,11.58,Star,IAU
Toliman,Toliman,219.896096,-60.837528,1.35,Star,IAU
Tonatiuh,Tonatiuh,181.312995,76.905735,5.80,Star,IAU
Torcular,Torcular,26.348466,9.157737,4.29,Star,IAU
Tuiren,Tuiren,188.266276,44.915333,12.09,Star,IAU
Tupa,Tupa,186.442779,-64.022088,6.99,Star,IAU
Tupi,Tupi,54.929567,-52.915838,7.12,Star,IAU
Tureis,Tureis,121.886037,-24.304324,2.83,Star,IAU
Ukdah,Ukdah,144.964008,-1.142810,3.90,Star,IAU
Uklun,Uklun,176.210254,-58.703710,7.47,Star,IAU
Unukalhai,Unukalhai,236.066976,6.425629,2.63,Star,IAU
Uruk,Uruk,293.017338,16.474289,8.97,Star,IAU
Vega,Vega,279.234735,38.783689,0.03,Star,IAU
Veritate,Veritate,352.822556,39.236197,5.22,Star,IAU
Vindemiatrix,Vindemiatrix,195.544157,10.959149,2.85,Star,IAU
Wasat,Wasat,110.030749,21.982316,3.52,Star,IAU
Wazn,Wazn,87.739968,-35.768310,3.12,Star,IAU
Wezen,Wezen,107.097850,-26.393200,1.83,Star,IAU
Wurren,Wurren,17.096173,-55.245758,4.02,Star,IAU
Xamidimura,Xamidimura,252.967630,-38.047380,3.00,Star,IAU
Xihe,Xihe,280.900456,36.556606,6.04,Star,IAU
Xuange,Xuange,214.095912,46.088306,4.18,Star,IAU
Yed,Yed,244.580374,-4.692510,0.00,Star,IAU
Yildun,Yildun,263.054126,86.586462,4.35,Star,IAU
Zaniah,Zaniah,184.976476,-0.666793,4.60,Star,IAU
Zaurak,Zaurak,59.507360,-13.508516,2.97,Star,IAU
Zavijava,Zavijava,177.673826,1.764717,3.59,Star,IAU
Zhang,Zhang,147.869558,-14.846603,4.11,Star,IAU
Zibal,Zibal,48.958436,-8.819731,4.80,Star,IAU
Zosma,Zosma,168.527089,20.523718,2.56,Star,IAU
Zubenelgenubi,Zubenelgenubi,222.719638,-16.041777,2.75,Star,IAU
Zubenelhakrabi,Zubenelhakrabi,233.881578,-14.789536,3.91,Star,IAU
Zubeneschamali,Zubeneschamali,229.251724,-9.382914,2.61,Star,IAU
